公司代號,公司名稱,有害廢棄物量-數據(公噸),有害廢棄物量-資料範圍,非有害廢棄物量-數據(公噸),非有害廢棄物量-資料範圍,總重量(有害+非有害)-數據(公噸),總重量(有害+非有害)-資料範圍,廢棄物密集度-密集度(公噸/單位),廢棄物密集度-單位,取得驗證
1101,台泥,0,台泥台灣個體公司 (涵蓋企業團營運總部、研究室、2座水泥廠、24座製品廠),"1,363.66",台泥台灣個體公司 (涵蓋企業團營運總部、研究室、2座水泥廠、24座製品廠),"1,363.66",台泥台灣個體公司 (涵蓋企業團營運總部、研究室、2座水泥廠、24座製品廠),0.0002,產品,ISO 9001
1102,亞泥,0,亞洲水泥個體公司,"2,654.00",亞洲水泥個體公司,"2,654.00",亞洲水泥個體公司,0.247,百萬元營業額,ISO14001、ISO9001
1103,嘉泥,0,包含合併財務報表之母子公司,344,包含合併財務報表之母子公司,344,包含合併財務報表之母子公司,0.0002,百萬元營業額,N
1104,環泥,0,母公司,"16,243.73",母公司,"16,243.73",母公司,0.0036,新台幣千元產值,N
1108,幸福,N/A,N/A,N/A,N/A,N/A,N/A,N/A,N/A,N
1109,信大,N/A,N/A,N/A,N/A,N/A,N/A,N/A,N/A,N
1110,東泥,0,僅母公司,51.14,僅母公司,51.14,僅母公司,0.0301,百萬元營業額,N
1201,味全,1.3,"1.母公司(含總公司、中央研究所、營業所、台中廠、斗六廠、高雄廠)
2.111年廢棄物重量為5379.70公噸，包含非有害廢棄物5378.40公噸及有廢棄物1.30公噸。
廢棄物處理方式：有害廢棄物採焚燒及化學處理、非有害廢棄物則以回收再利用(含回收及 
堆肥處理為主、焚化處理次之)
3.111年廢棄物回收再利用及堆肥量等共計5212.00公噸，資源回收再利用率為96.9%。","5,378.40","1.母公司(含總公司、中央研究所、營業所、台中廠、斗六廠、高雄廠)
2.111年廢棄物重量為5379.70公噸，包含非有害廢棄物5378.40公噸及有廢棄物1.30公噸。
廢棄物處理方式：有害廢棄物採焚燒及化學處理、非有害廢棄物則以回收再利用(含回收及 
堆肥處理為主、焚化處理次之)
3.111年廢棄物回收再利用及堆肥量等共計5212.00公噸，資源回收再利用率為96.9%。","5,379.70","1.母公司(含總公司、中央研究所、營業所、台中廠、斗六廠、高雄廠)
2.111年廢棄物重量為5379.70公噸，包含非有害廢棄物5378.40公噸及有廢棄物1.30公噸。
廢棄物處理方式：有害廢棄物採焚燒及化學處理、非有害廢棄物則以回收再利用(含回收及 
堆肥處理為主、焚化處理次之)
3.111年廢棄物回收再利用及堆肥量等共計5212.00公噸，資源回收再利用率為96.9%。",0.665,百萬元營業額,ISO 14001
1203,味王,N/A,僅母公司,N/A,僅母公司,567.8,僅母公司,0.25,百萬元營業額,N
1210,大成,N/A,N/A,N/A,N/A,N/A,N/A,N/A,N/A,N
1213,大飲,52.13,僅母公司,20,僅母公司,72.13,僅母公司,N/A,N/A,NA
1215,卜蜂,0,南投肉食品加工廠、台中飼料廠、高雄飼料廠、雲林飼料廠,"30,571.45",南投肉食品加工廠、台中飼料廠、高雄飼料廠、雲林飼料廠,"30,571.45",南投肉食品加工廠、台中飼料廠、高雄飼料廠、雲林飼料廠,N/A,N/A,N
1216,統一,2.26,僅母公司,"36,403.71",僅母公司,"36,405.97",僅母公司,7.8,營業收入千萬元,ISO 14001
1217,愛之味,0,"污泥、廢食用油、
菜渣、垃圾、廢紙、寶特瓶等","2,346.80","污泥、廢食用油、
菜渣、垃圾、廢紙、寶特瓶等","2,346.80","污泥、廢食用油、
菜渣、垃圾、廢紙、寶特瓶等",0.322,產品,N
1218,泰山,0,泰山食品廠+油脂廠+行政大樓1542、水產飼料廠+北斗牧場208.54,"1,750.54",泰山食品廠+油脂廠+行政大樓1542、水產飼料廠+北斗牧場208.54,"1,750.54",泰山食品廠+油脂廠+行政大樓1542、水產飼料廠+北斗牧場208.54,0.1821,百萬元營業額,N
1219,福壽,0.035,母公司、子公司,436.05,母公司、子公司,436.085,母公司、子公司,0,千元營業額。,N
1220,台榮,0,本公司雲林廠,486.18,本公司雲林廠,486.18,本公司雲林廠,0.0043,產品,N
1225,福懋油,0.42,母公司,841.15,母公司,841.57,母公司,N/A,N/A,N
1227,佳格,4,佳格大園廠、中壢廠及佳乳湖口廠,"6,788.00",佳格大園廠、中壢廠及佳乳湖口廠,"6,792.00",佳格大園廠、中壢廠及佳乳湖口廠,0.0043,公噸/萬元營業額,N
1229,聯華,0,"母公司-聯華實業投資控股(股)公司以及
子公司-聯華製粉食品(股)公司、聯華置產(股)公司",322.635,"母公司-聯華實業投資控股(股)公司以及
子公司-聯華製粉食品(股)公司、聯華置產(股)公司",322.635,"母公司-聯華實業投資控股(股)公司以及
子公司-聯華製粉食品(股)公司、聯華置產(股)公司",0.0437,百萬元營業額,N
1231,聯華食,0,臺灣地區的總公司及各工廠之所有營運相關之活動,"6,775.63",臺灣地區的總公司及各工廠之所有營運相關之活動,"6,775.63",臺灣地區的總公司及各工廠之所有營運相關之活動,0.6289,百萬元營業額,N
1232,大統益,0,僅母公司,"1,993.00",僅母公司,"1,993.00",僅母公司,0.099,百萬元營業額,ISO 14001
1233,天仁,N/A,本公司天仁茶業股份有限公司直營單位,N/A,本公司天仁茶業股份有限公司直營單位,756.1,本公司天仁茶業股份有限公司直營單位,0.414,百萬元營業額,N
1234,黑松,0.6,中壢廠、斗六廠,"2,324.00",中壢廠、斗六廠,"2,324.60",中壢廠、斗六廠,0.01,產品,N
1235,興泰,N/A,N/A,N/A,N/A,N/A,N/A,N/A,N/A,N
1236,宏亞,0,母子公司,607,母子公司,607,母子公司,0.28,百萬元營業額,N
1256,鮮活果汁-KY,12.526,子公司：蘇州鮮活飲品股份有限公司,"4,930.57",子公司：蘇州鮮活飲品股份有限公司,"4,943.09",子公司：蘇州鮮活飲品股份有限公司,0.0015,千元營業額,N
1301,台塑,"3,251.00",母公司,"197,023.00",母公司,"200,274.00",母公司,1.0266,百萬元營業額,N
1303,南亞,"5,635.07",母公司,"80,116.86",母公司,"85,751.93",母公司,0.0005,111年個體營業額(千元)。,ISO 14001
1304,台聚,63.35,台聚高雄廠,389.27,台聚高雄廠,452.62,台聚高雄廠,0.0022,產品,N
1305,華夏,47,華夏頭份廠、華聚林園廠、台氯林園廠,"2,812.00",華夏頭份廠、華聚林園廠、台氯林園廠,"2,859.00",華夏頭份廠、華聚林園廠、台氯林園廠,0.0027,產品,ISO 14001
1307,三芳,329,母公司,"2,030.00",母公司,"2,359.00",母公司,3.06,百萬元營業額,N
1308,亞聚,0,亞聚林園廠,274.44,亞聚林園廠,274.44,亞聚林園廠,0.0021,產品,ISO 14001
1309,台達化,2.1,前鎮廠、林園廠、頭份廠、中山廠,"3,492.60",前鎮廠、林園廠、頭份廠、中山廠,"3,494.70",前鎮廠、林園廠、頭份廠、中山廠,0.0079,產品,ISO 14001
1310,台苯,0,台苯高雄廠,"1,594.62",台苯高雄廠,"1,594.62",台苯高雄廠,0.005,產品,N
1312,國喬,0,僅母公司,"1,114.71",僅母公司,"1,114.71",僅母公司,0.061,百萬元營業額,N
1313,聯成,497.64,母公司林園廠,"1,145.41",母公司林園廠,"1,643.05",母公司林園廠,0.04,產品,N
1314,中石化,"37,627.00",母公司,"18,552.00",母公司,"56,179.00",母公司,2.2446,百萬元營業額,ISO 9001
1315,達新,0,母公司,103,母公司,103,母公司,N/A,N/A,N
1316,上曜,N/A,N/A,N/A,N/A,N/A,N/A,N/A,N/A,N
1319,東陽,382,母公司,"3,320.00",母公司,"3,702.00",母公司,0.2357,百萬元營業額,N
1321,大洋,11.32,母公司,633.93,母公司,645.25,母公司,0.0043,產品,N
1323,永裕,0,"永裕塑膠:96.65噸
上海永裕:129.84噸
威瑪精密:2.65噸",229.14,"永裕塑膠:96.65噸
上海永裕:129.84噸
威瑪精密:2.65噸",229.14,"永裕塑膠:96.65噸
上海永裕:129.84噸
威瑪精密:2.65噸",0.0001,"母公司永裕塑膠96.65噸/1,816,611千元營業額=0.00005",N
1324,地球,86.09,母公司(幼一二廠),69.62,母公司(幼一二廠),155.71,母公司(幼一二廠),0.1584,百萬元營業額,ISO 14001
1325,恆大,N/A,N/A,N/A,N/A,N/A,N/A,N/A,N/A,N
1326,台化,73,111年母公司及台醋公司之台灣廠區,"223,242.00",111年母公司及台醋公司之台灣廠區,"223,315.00",111年母公司及台醋公司之台灣廠區,90.28,營業額億元,ISO 14001
1337,再生-KY,N/A,N/A,N/A,N/A,N/A,N/A,N/A,N/A,N
1338,廣華-KY,355.92,僅重要子公司東莞廣澤汽車飾件有限公司,"1,035.72",僅重要子公司東莞廣澤汽車飾件有限公司,"1,391.64",僅重要子公司東莞廣澤汽車飾件有限公司,0.009,建築面積,N
1339,昭輝,155.31,母公司,18.42,母公司,173.73,母公司,N/A,N/A,N
1340,勝悅-KY,N/A,N/A,N/A,N/A,N/A,N/A,N/A,N/A,N
1341,富林-KY,580.22,越南子公司,"6,696.25",越南子公司,"7,276.47",越南子公司,0.523,產品,ISO 14001
1342,八貫,N/A,N/A,N/A,N/A,N/A,N/A,N/A,N/A,N
1402,遠東新,"12,138.00",生產事業21個生產據點,"178,072.00",生產事業21個生產據點,"190,210.00",生產事業21個生產據點,0.0272,產品,ISO 14001
1409,新纖,N/A,新光合纖中壢廠,N/A,新光合纖中壢廠,"5,935.11",新光合纖中壢廠,N/A,N/A,N
1410,南染,N/A,N/A,N/A,N/A,N/A,N/A,N/A,N/A,N
1413,宏洲,155.08,宏洲纖維工業股份有限公司桃園工廠,48.61,宏洲纖維工業股份有限公司桃園工廠,203.69,宏洲纖維工業股份有限公司桃園工廠,0.0647,百萬元營業額,N
1414,東和,0,本公司,800.57,本公司,800.57,本公司,N/A,N/A,N
1416,廣豐,N/A,N/A,N/A,N/A,N/A,N/A,N/A,N/A,N
1417,嘉裕,N/A,N/A,N/A,N/A,N/A,N/A,N/A,N/A,N
1418,東華,252.76,111年委託清除處理量(非經常性產出之事業廢棄物),122.82,111年委託清除處理量(非經常性產出之事業廢棄物),375.58,111年委託清除處理量(非經常性產出之事業廢棄物),N/A,N/A,N
1419,新紡,0,生產單位,106.9396,生產單位,106.9396,生產單位,0,產品,N
1423,利華,0,母公司,2.02,母公司,2.02,母公司,0,營業額,N
1432,大魯閣,N/A,N/A,N/A,N/A,N/A,N/A,N/A,N/A,N
1434,福懋,"2,508.41",台灣廠區,"17,143.58",台灣廠區,"19,651.99",台灣廠區,0.75,百萬元營業額,N
1435,中福,N/A,N/A,N/A,N/A,N/A,N/A,N/A,N/A,N
1436,華友聯,N/A,僅母公司,N/A,僅母公司,"2,935.00",僅母公司,N/A,N/A,N
1437,勤益控,N/A,N/A,N/A,N/A,N/A,N/A,N/A,N/A,N
1438,三地開發,N/A,N/A,N/A,N/A,N/A,N/A,N/A,N/A,N
1439,雋揚,N/A,母公司,N/A,母公司,2.5129,母公司,N/A,N/A,N
1440,南紡,47.52,母公司生產廠區,456.24,母公司生產廠區,503.76,母公司生產廠區,0.045,百萬元營業額,ISO 14001
1441,大東,N/A,N/A,N/A,N/A,N/A,N/A,N/A,N/A,N
1442,名軒,N/A,N/A,N/A,N/A,N/A,N/A,N/A,N/A,N
1443,立益物流,N/A,N/A,N/A,N/A,N/A,N/A,N/A,N/A,N
1444,力麗,0,母公司各廠區,"3,082.00",母公司各廠區,"3,082.00",母公司各廠區,N/A,N/A,ISO 14001
1445,大宇,N/A,N/A,N/A,N/A,N/A,N/A,N/A,N/A,N
1446,宏和,0,母公司,8.58,母公司,8.58,母公司,0.0001,千元營業額,N
1447,力鵬,203,廠區,"8,565.00",廠區,"8,768.00",廠區,N/A,N/A,ISO 14001
1449,佳和,0,母公司,380.7,母公司,380.7,母公司,0.15,產品,N
1451,年興,"7,051.00",包含合併財務報表之母子公司,"7,250.00",包含合併財務報表之母子公司,"14,301.00",包含合併財務報表之母子公司,0.0016,千元營業額,N
1452,宏益,0,包含合併財務報表之母子公司,10.81,包含合併財務報表之母子公司,10.81,包含合併財務報表之母子公司,0.0005,每公噸產品,N
1453,大將,N/A,N/A,N/A,N/A,N/A,N/A,N/A,N/A,N
1454,台富,N/A,N/A,N/A,N/A,N/A,N/A,N/A,N/A,N
1455,集盛,0,母公司之五個製造廠區。,"1,494.30",母公司之五個製造廠區。,"1,494.30",母公司之五個製造廠區。,0.0087,產品,N
1456,怡華,0,台南官田廠,132,台南官田廠,132,台南官田廠,0.013,服務,N
1457,宜進,N/A,宜進實業股份有限公司及子公司(光明絲織廠股份有限公司、宏洲纖維工業股份有限公司、億東纖維股份有限公司、欣懋投資股份有限公司、大田國際開發股份有限公司、大宜國際開發股份有限公司)台北公司,N/A,宜進實業股份有限公司及子公司(光明絲織廠股份有限公司、宏洲纖維工業股份有限公司、億東纖維股份有限公司、欣懋投資股份有限公司、大田國際開發股份有限公司、大宜國際開發股份有限公司)台北公司,2.784,宜進實業股份有限公司及子公司(光明絲織廠股份有限公司、宏洲纖維工業股份有限公司、億東纖維股份有限公司、欣懋投資股份有限公司、大田國際開發股份有限公司、大宜國際開發股份有限公司)台北公司,0.0028,百萬元營業額,N
1459,聯發,0,工廠,64.75,工廠,64.75,工廠,0.0033,產品,N
1460,宏遠,0,母公司,"10,030.59",母公司,"10,030.59",母公司,N/A,N/A,N
1463,強盛新,N/A,N/A,N/A,N/A,N/A,N/A,N/A,N/A,N
1464,得力,0,僅母公司,"3,811.42",僅母公司,"3,811.42",僅母公司,0.8748,百萬元營業額,ISO 14001
1465,偉全,N/A,N/A,N/A,N/A,N/A,N/A,N/A,N/A,N
1466,聚隆,0,母公司,250,母公司,250,母公司,0.0089,百萬元營業額,N
1467,南緯,0.032,母公司,25.728,母公司,25.76,母公司,N/A,N/A,N
1468,昶和,N/A,N/A,N/A,N/A,N/A,N/A,N/A,N/A,N
1470,大統新創,0,合併財務報表之母子公司之桃園廠區,"1,281.00",合併財務報表之母子公司之桃園廠區,"1,281.00",合併財務報表之母子公司之桃園廠區,0.24,產量(公噸),N
1471,首利,N/A,N/A,N/A,N/A,N/A,N/A,N/A,N/A,N
1472,三洋實業,N/A,N/A,N/A,N/A,N/A,N/A,N/A,N/A,N
1473,台南,685.53,包含合併財務報表之母子公司,"1,149.15",包含合併財務報表之母子公司,"1,834.68",包含合併財務報表之母子公司,0.0001,產品,N
1474,弘裕,0,母公司,732,母公司,732,母公司,0.29,百萬元營業額,N
1475,業旺,N/A,N/A,N/A,N/A,N/A,N/A,N/A,N/A,N
1476,儒鴻,N/A,包含合併財務報表之母子公司,N/A,包含合併財務報表之母子公司,"12,181.08",包含合併財務報表之母子公司,0.0003,百萬元營業額,N
1477,聚陽,78,"範圍含聚陽股份有限公司(總公司)、Leader Garments Corp.、Moha Garments Co., Ltd.、Triple Garment(Vietnam) Co., Ltd.、Makalot Garments(Vietnam) Co., Ltd.、Makalot Garments(Cambodia) Co., Ltd.、PT. Glory Industrial Semarang、 PT. Starlight Garment Semarang、Leader Garment(Vietnam) Co., Ltd.、Jiaxing Ruiyang Garment Co., Ltd、Jiaxing Rising Garment Co.,Ltd、Jiaxing Suntex Garment Co.,Ltd","2,862.00","範圍含聚陽股份有限公司(總公司)、Leader Garments Corp.、Moha Garments Co., Ltd.、Triple Garment(Vietnam) Co., Ltd.、Makalot Garments(Vietnam) Co., Ltd.、Makalot Garments(Cambodia) Co., Ltd.、PT. Glory Industrial Semarang、 PT. Starlight Garment Semarang、Leader Garment(Vietnam) Co., Ltd.、Jiaxing Ruiyang Garment Co., Ltd、Jiaxing Rising Garment Co.,Ltd、Jiaxing Suntex Garment Co.,Ltd","2,940.00","範圍含聚陽股份有限公司(總公司)、Leader Garments Corp.、Moha Garments Co., Ltd.、Triple Garment(Vietnam) Co., Ltd.、Makalot Garments(Vietnam) Co., Ltd.、Makalot Garments(Cambodia) Co., Ltd.、PT. Glory Industrial Semarang、 PT. Starlight Garment Semarang、Leader Garment(Vietnam) Co., Ltd.、Jiaxing Ruiyang Garment Co., Ltd、Jiaxing Rising Garment Co.,Ltd、Jiaxing Suntex Garment Co.,Ltd",0.09,百萬元營業額,ISAE3000
1503,士電,2,揭露範疇涵蓋士電台灣營運地區，包含台北總部及四大事業群(重電事業群、電裝品事業群、機器事業群與自動化事業群)但揭露範疇不包含合併報表之子公司及海外據點。,986.84,揭露範疇涵蓋士電台灣營運地區，包含台北總部及四大事業群(重電事業群、電裝品事業群、機器事業群與自動化事業群)但揭露範疇不包含合併報表之子公司及海外據點。,988.84,揭露範疇涵蓋士電台灣營運地區，包含台北總部及四大事業群(重電事業群、電裝品事業群、機器事業群與自動化事業群)但揭露範疇不包含合併報表之子公司及海外據點。,N/A,N/A,N
1504,東元,0,台灣所有廠區,"1,981.26",台灣所有廠區,"1,981.26",台灣所有廠區,11.5,百萬元營業額,ISO 14001
1506,正道,2.23,僅母公司,839.83,僅母公司,842.06,僅母公司,0.9133,百萬元營業額,N
1512,瑞利,N/A,N/A,N/A,N/A,N/A,N/A,N/A,N/A,N
1513,中興電,N/A,母公司111年度,N/A,母公司111年度,416.8362,母公司111年度,0.0225,百萬元營業額,N
1514,亞力,0,母公司,115.76,母公司,115.76,母公司,N/A,N/A,N
1515,力山,19.14,僅母公司,40.36,僅母公司,59.5,僅母公司,0.013,百萬元營業額,N
1516,川飛,N/A,N/A,N/A,N/A,N/A,N/A,N/A,N/A,N
1517,利奇,0,廢紙、廢木材棧板、廢塑膠、廢鐵、廢潤滑油、廢無機性污泥、廢橡膠或其混合物,592.8791,廢紙、廢木材棧板、廢塑膠、廢鐵、廢潤滑油、廢無機性污泥、廢橡膠或其混合物,592.8791,廢紙、廢木材棧板、廢塑膠、廢鐵、廢潤滑油、廢無機性污泥、廢橡膠或其混合物,0.1539,百萬元營業額,N
1519,華城,N/A,僅母公司,N/A,僅母公司,"1,046.46",僅母公司,0.1442,百萬元營業額,ISO 14001
1521,大億,N/A,N/A,N/A,N/A,N/A,N/A,N/A,N/A,N
1522,堤維西,0,111年廢棄物聯單系統,620.15,111年廢棄物聯單系統,620.15,111年廢棄物聯單系統,5.38,億元營收,ISO 14001
1524,耿鼎,0,母公司,219.99,母公司,219.99,母公司,0.0149,產品,N
1525,江申,0,僅母公司,188.35,僅母公司,188.35,僅母公司,0.125,百萬元營業額,N
1526,日馳,N/A,母公司,N/A,母公司,67.34,母公司,N/A,N/A,N
1527,鑽全,0,全公司,40.63,全公司,40.63,全公司,40.63,千元營業額,ISO 14001
1528,恩德,N/A,N/A,N/A,N/A,N/A,N/A,N/A,N/A,N
1529,樂事綠能,N/A,N/A,N/A,N/A,N/A,N/A,N/A,N/A,N
1530,亞崴,N/A,N/A,N/A,N/A,N/A,N/A,N/A,N/A,N
1531,高林股,N/A,N/A,N/A,N/A,N/A,N/A,N/A,N/A,N
1532,勤美,4.29,勤美股份有限公司金屬成型事業處,"5,549.48",勤美股份有限公司金屬成型事業處,"5,553.77",勤美股份有限公司金屬成型事業處,0.3419,產品,ISO 14001：2015
1533,車王電,1.39,母子(孫)公司,118.51,母子(孫)公司,119.9,母子(孫)公司,119.9,千元營業額,ISO 14001
1535,中宇,0,包含合併財務報表之母子公司,12.05,包含合併財務報表之母子公司,12.05,包含合併財務報表之母子公司,0.0136,千萬元營業額,N
1536,和大,N/A,僅母公司,N/A,僅母公司,554.87,僅母公司,0.076,百萬元營業額,ISO 14001
1537,廣隆,"2,491.00",含合併財務報表之母子公司,"1,089.00",含合併財務報表之母子公司,"3,580.00",含合併財務報表之母子公司,N/A,N/A,N
1538,正峰,0,母公司,15.1,母公司,15.1,母公司,N/A,N/A,N
1539,巨庭,N/A,N/A,N/A,N/A,N/A,N/A,N/A,N/A,N
1540,喬福,N/A,母公司,N/A,母公司,0,母公司,N/A,N/A,N
1541,錩泰,5,僅母公司,93,僅母公司,98,僅母公司,0.0241,百萬元營業額,N
1558,伸興,N/A,合併財務報表之母子公司,N/A,合併財務報表之母子公司,920,合併財務報表之母子公司,0.0004,產品,ISO 14001
1560,中砂,21.4,母公司,"1,540.46",母公司,"1,561.86",母公司,0.26,營業額,ISO 14001
1568,倉佑,6.65,僅母公司,580.305,僅母公司,586.955,僅母公司,0.4351,百萬營業額,ISO 14001
1582,信錦,N/A,N/A,N/A,N/A,N/A,N/A,N/A,N/A,N
1583,程泰,N/A,N/A,N/A,N/A,N/A,N/A,N/A,N/A,N
1587,吉茂,"7,735.00",111年,"46,900.00",111年,"54,635.00",111年,N/A,N/A,N
1589,永冠-KY,"37,184.41",合併財務報表之母子公司,403.086,合併財務報表之母子公司,"37,587.50",合併財務報表之母子公司,4.0055,百萬元營業額,ISO 14001
1590,亞德客-KY,"4,866.19",包含集團全部生產工廠，已涵蓋集團95%以上之廢棄物量,"14,843.17",包含集團全部生產工廠，已涵蓋集團95%以上之廢棄物量,"19,709.36",包含集團全部生產工廠，已涵蓋集團95%以上之廢棄物量,1.23,每百萬元產值,N
1597,直得,0,母公司,334.533,母公司,334.533,母公司,0.235,百萬元營業額,ISO 14001
1598,岱宇,N/A,彰化一廠、二廠及五廠,N/A,彰化一廠、二廠及五廠,57.02,彰化一廠、二廠及五廠,0.021,百萬元營業額,N
1603,華電,N/A,N/A,N/A,N/A,N/A,N/A,N/A,N/A,N
1604,聲寶,N/A,N/A,N/A,N/A,N/A,N/A,N/A,N/A,N
1605,華新,N/A,楊梅廠、新莊廠、鹽水廠、臺中廠。東莞華新、江陰華新、江陰合金、上海華新、煙台華新、常熟華新、華新精密,N/A,楊梅廠、新莊廠、鹽水廠、臺中廠。東莞華新、江陰華新、江陰合金、上海華新、煙台華新、常熟華新、華新精密,"234,352.88",楊梅廠、新莊廠、鹽水廠、臺中廠。東莞華新、江陰華新、江陰合金、上海華新、煙台華新、常熟華新、華新精密,0.18,產品,ISO 14001
1608,華榮,13.9,涵蓋範圍僅限華榮電線電纜股份有限公司高楠工廠廠區,479.49,涵蓋範圍僅限華榮電線電纜股份有限公司高楠工廠廠區,493.39,涵蓋範圍僅限華榮電線電纜股份有限公司高楠工廠廠區,0.0622,百萬元營業額,ISO 14001
1609,大亞,343,大亞集團,"2,472.00",大亞集團,"2,815.00",大亞集團,0.1052,百萬元營業額,N
1611,中電,3.6,工廠,21.11,工廠,24.71,工廠,N/A,N/A,ISO 14001
1612,宏泰,131.67,僅母公司,257.23,僅母公司,388.9,僅母公司,0.0609,百萬元營業額,ISO 14001
1614,三洋電,N/A,母子公司,N/A,母子公司,72,母子公司,0.0117,百萬元營業額,N
1615,大山,0,111年度,102.94,111年度,102.94,111年度,0.0257,百萬元營業額,N
1616,億泰,0,母公司,141,母公司,141,母公司,0,千元營業額,N
1617,榮星,N/A,N/A,N/A,N/A,N/A,N/A,N/A,N/A,N
1618,合機,0,母公司(不含子公司),490.01,母公司(不含子公司),490.01,母公司(不含子公司),0.1711,百萬元營業額,ISO 14001
1626,艾美特-KY,114.67,營運地深圳艾美特+九江艾美特,21,營運地深圳艾美特+九江艾美特,135.67,營運地深圳艾美特+九江艾美特,135.67,百萬元營業額,N
1702,南僑,35,台灣、中國大陸、泰國地區之製造單位及餐飲事業,"14,104.00",台灣、中國大陸、泰國地區之製造單位及餐飲事業,"14,139.00",台灣、中國大陸、泰國地區之製造單位及餐飲事業,0.6904,百萬元營業額,N
1707,葡萄王,10.81,葡萄王生技,"2,815.10",葡萄王生技,"2,825.91",葡萄王生技,0.272,百萬元營業額,ISO 14001
1708,東鹼,0,僅母公司,874.62,僅母公司,874.62,僅母公司,5,公噸/每人/年,ISO 14001
1709,和益,0.06,僅母公司(工廠),178.02,僅母公司(工廠),178.08,僅母公司(工廠),0.02,百萬元營業額,N
1710,東聯,0.03,母公司,640.6,母公司,640.63,母公司,0.0501,百萬元營業額,ISO 14001
1711,永光,"1,693.40",永光化學一~四廠、新竹全通科技、蘇州永光,"8,804.00",永光化學一~四廠、新竹全通科技、蘇州永光,"10,497.40",永光化學一~四廠、新竹全通科技、蘇州永光,1.2,百萬元產值,ISO 14001
1712,興農,0,母公司王田廠區(王田廠、王田二廠、生物工廠),"1,947.83",母公司王田廠區(王田廠、王田二廠、生物工廠),"1,947.83",母公司王田廠區(王田廠、王田二廠、生物工廠),0.13,植物保護佰萬元營收,ISO 14001
1713,國化,N/A,屏南分公司,N/A,屏南分公司,188.8,屏南分公司,0.0003,產品,N
1714,和桐,0,高雄廠,133.62,高雄廠,133.62,高雄廠,0.0037,產品,"ISO 9001, ISO 14001及ISO 45001"
1717,長興,"46,661.00",母公司及包含合併財務報表之國內與國外子公司,"7,598.00",母公司及包含合併財務報表之國內與國外子公司,"54,259.00",母公司及包含合併財務報表之國內與國外子公司,0.0841,產品,N
1718,中纖,0,111年度申報量,"21,486.10",111年度申報量,"21,486.10",111年度申報量,4.0811,營業額5264762仟元,N
1720,生達,574.5836,生達一廠+生達二廠,202.215,生達一廠+生達二廠,776.7986,生達一廠+生達二廠,28.02,百萬元營業額,N
1721,三晃,129.49,母公司,"1,741.58",母公司,"1,871.07",母公司,0.0819,產品,確信準則公報第一號
1722,台肥,301.73,母公司 台中廠 花蓮廠 苗栗廠,710.35,母公司 台中廠 花蓮廠 苗栗廠,"1,012.08",母公司 台中廠 花蓮廠 苗栗廠,0.123,產品,N
1723,中碳,18.24,母公司,194.08,母公司,212.32,母公司,0.0203,百萬元營業額,ISO 14001
1725,元禎,N/A,母公司,N/A,母公司,21.571,母公司,0.0029,百萬元營業額,N
1726,永記,672.85,20220101~20221231,"1,590.97",20220101~20221231,"2,263.82",20220101~20221231,N/A,N/A,ISO9001及ISO14001
1727,中華化,189.732,桃園一廠、桃園二廠,"1,451.55",桃園一廠、桃園二廠,"1,641.28",桃園一廠、桃園二廠,0.01,產品,N
1730,花仙子,0.226,包含合併財務報表之母子公司,78.942,包含合併財務報表之母子公司,79.168,包含合併財務報表之母子公司,0.028,百萬元營業額,N
1731,美吾華,0,台北總公司、台中及高雄服務中心及楊梅工廠及物流中心,12.12,台北總公司、台中及高雄服務中心及楊梅工廠及物流中心,12.12,台北總公司、台中及高雄服務中心及楊梅工廠及物流中心,N/A,N/A,N
1732,毛寶,0,母公司,521.27,母公司,521.27,母公司,0.89,噸CO2e/百萬營收,N
1733,五鼎,2.611,母子公司,220.6,母子公司,223.211,母子公司,0.0001,千元營收,N
1734,杏輝,12.99,母公司,204.52,母公司,217.51,母公司,0.0001,仟元營業額,ISO 14001
1735,日勝化,10.12,母公司(未包含再利用廢棄物101.497公噸),498.65,母公司(未包含再利用廢棄物101.497公噸),508.77,母公司(未包含再利用廢棄物101.497公噸),0.0276,產品,N
1736,喬山,0,母公司,27.37,母公司,27.37,母公司,0.0008,個體營業收入（百萬元）,ISO 14001
1737,臺鹽,0,環境會計資料,305.86,環境會計資料,305.86,環境會計資料,305.86,百萬元營業額,N
1752,南光,12.2,總公司,214.763,總公司,226.963,總公司,11.6991,廢棄物有害12.2+非有害214.763公噸  / 營業額19.4億 = 11.6991,N
1760,寶齡富錦,N/A,僅母公司,N/A,僅母公司,359.3592,僅母公司,0.1498,NA,N
1762,中化生,"1,549.00",母公司,525,母公司,"2,074.00",母公司,0.01,產品,N
1773,勝一,0,母公司,829.79,母公司,829.79,母公司,0.0039,產品,ISO 14001
1776,展宇,86.69,母公司(第1廠及第2廠),492.96,母公司(第1廠及第2廠),579.65,母公司(第1廠及第2廠),0.7393,營業額,N
1783,和康生,N/A,N/A,N/A,N/A,N/A,N/A,N/A,N/A,N
1786,科妍,0.048,母公司,41,母公司,41.048,母公司,N/A,N/A,N
1789,神隆,"1,891.00",僅母公司,306,僅母公司,"2,197.00",僅母公司,0.716,百萬元營業額,N
1795,美時,128.4,母公司及重要子公司生產基地及研發中心,210.9,母公司及重要子公司生產基地及研發中心,339.3,母公司及重要子公司生產基地及研發中心,0.23,千萬元營業額,N
1802,台玻,N/A,111年度 ESG報告書,N/A,111年度 ESG報告書,"22,340.76",111年度 ESG報告書,N/A,N/A,ISO 14001
1805,寶徠,N/A,N/A,N/A,N/A,N/A,N/A,N/A,N/A,N
1806,冠軍,0,工廠,"17,633.87",工廠,"17,633.87",工廠,0.0018,產品,ISO 14001
1808,潤隆,0,本公司基隆德安A、B、C區建案,"18,460.03",本公司基隆德安A、B、C區建案,"18,460.03",本公司基隆德安A、B、C區建案,N/A,N/A,N
1809,中釉,16.22,僅母公司,132.18,僅母公司,148.4,僅母公司,148.4,產品,N
1810,和成,9.7,母公司,"3,661.00",母公司,"3,670.70",母公司,0.9721,百萬元營業額,ISO 14001
1817,凱撒衛,N/A,台灣地區,N/A,台灣地區,82.08,台灣地區,0.03,百萬元營業額,N
1903,士紙,N/A,N/A,N/A,N/A,N/A,N/A,N/A,N/A,N
1904,正隆,0,母公司,"335,986.00",母公司,"335,986.00",母公司,0.231,噸/噸(工紙、家品、紙與紙板),N
1905,華紙,0,華紙合併財報之台灣、大陸生產據點,"255,767.00",華紙合併財報之台灣、大陸生產據點,"255,767.00",華紙合併財報之台灣、大陸生產據點,N/A,N/A,N
1906,寶隆,N/A,N/A,N/A,N/A,N/A,N/A,N/A,N/A,N
1907,永豐餘,369,永豐餘年報所稱三大事業群（林漿紙事業群、工紙紙器事業群、消費品事業群）之台灣、大陸、越南合計35個生產據點。,"537,374.00",永豐餘年報所稱三大事業群（林漿紙事業群、工紙紙器事業群、消費品事業群）之台灣、大陸、越南合計35個生產據點。,"537,743.00",永豐餘年報所稱三大事業群（林漿紙事業群、工紙紙器事業群、消費品事業群）之台灣、大陸、越南合計35個生產據點。,0.27,產品,N
1909,榮成,27.61,全台灣廠區,"52,980.36",全台灣廠區,"53,007.97",全台灣廠區,1.0008,百萬元營業額,N
2002,中鋼,58.3,母公司,"559,748.40",母公司,"559,806.70",母公司,0.0663,廢棄物量(公噸)/鋼胚(公噸),ISO 14001
2006,東和鋼鐵,"33,601.00",母公司生產廠區 (桃園廠、苗栗廠、高雄廠) 廢棄物處理,"320,186.00",母公司生產廠區 (桃園廠、苗栗廠、高雄廠) 廢棄物處理,"353,787.00",母公司生產廠區 (桃園廠、苗栗廠、高雄廠) 廢棄物處理,0.168,公噸鋼胚產量,ISO 14001
2007,燁興,243,本公司,"8,030.00",本公司,"8,273.00",本公司,1.21,百萬元營業額,N
2008,高興昌,0.03,總公司(無子公司)含屏南廠,435.4,總公司(無子公司)含屏南廠,435.43,總公司(無子公司)含屏南廠,0.0087,產品,ISO 14001
2009,第一銅,796.335,僅計算第一伸銅科技股份有限公司臨海廠,335.39,僅計算第一伸銅科技股份有限公司臨海廠,"1,131.73",僅計算第一伸銅科技股份有限公司臨海廠,0.106,產品,ISO 14001
2010,春源,0,台灣總公司及北中南各生產營業據點,"12,480.00",台灣總公司及北中南各生產營業據點,"12,480.00",台灣總公司及北中南各生產營業據點,0.029,產品,ISO 14001
2012,春雨,"7,907.86",母公司,"2,219.50",母公司,"10,127.36",母公司,0.0018,千元營業額,ISO 14001
2013,中鋼構,0,僅母公司,"1,387.70",僅母公司,"1,387.70",僅母公司,N/A,N/A,N
2014,中鴻,"17,744.48",母公司,"87,346.81",母公司,"105,091.28",母公司,0.0428,產品,N
2015,豐興,"32,434.00",僅母公司,"354,464.00",僅母公司,"386,898.00",僅母公司,10.022,百萬元營業額,ISO 14001
2017,官田鋼,0,官田廠、麻豆廠,"2,583.97",官田廠、麻豆廠,"2,583.97",官田廠、麻豆廠,0.95,百萬元營業額,N
2020,美亞,N/A,111年度,N/A,111年度,"7,200.65",111年度,0.0012,營業額單位：千元營業額,ISO 14001
2022,聚亨,"1,294.79",母公司,"1,067.19",母公司,"2,361.98",母公司,0.05,產品,N
2023,燁輝,160,燁輝企業股份有限公司(僅母公司),"2,988.00",燁輝企業股份有限公司(僅母公司),"3,148.00",燁輝企業股份有限公司(僅母公司),1.6,百萬元營業額,確信準則 3000號
2024,志聯,769,廢酸+生活垃圾,175,廢酸+生活垃圾,944,廢酸+生活垃圾,0.8075,百萬元營業額,ISO 14001
2025,千興,N/A,僅母公司,N/A,僅母公司,"1,213.79",僅母公司,0.001,千元營業額,N
2027,大成鋼,0,僅母公司,715.53,僅母公司,715.53,僅母公司,0.0172,產品,N
2028,威致,"20,830.00",個別公司,"129,025.00",個別公司,"149,855.00",個別公司,N/A,N/A,N
2029,盛餘,6.8,統計2022年有害/一般污泥產出量,"1,540.09",統計2022年有害/一般污泥產出量,"1,546.89",統計2022年有害/一般污泥產出量,4.214,產品,N
2030,彰源,N/A,一廠、二廠、三廠、大連廠、元山廠、元富廠、員製課、南營部、北營部,N/A,一廠、二廠、三廠、大連廠、元山廠、元富廠、員製課、南營部、北營部,330.61,一廠、二廠、三廠、大連廠、元山廠、元富廠、員製課、南營部、北營部,0.0023,生產量,ISO 14001
2031,新光鋼,0,事業廢棄物(含生活垃圾),179.1339,事業廢棄物(含生活垃圾),179.1339,事業廢棄物(含生活垃圾),0.0124,百萬元營業額,N
2032,新鋼,N/A,N/A,N/A,N/A,N/A,N/A,N/A,N/A,N
2033,佳大,"1,003.95",母公司,158.79,母公司,"1,162.74",母公司,1.4341,百萬元營業額,N
2034,允強,350.3,僅母公司所有廠區,772.23,僅母公司所有廠區,"1,122.53",僅母公司所有廠區,0.0092,產品,ISO 14001
2038,海光,"5,733.42","有害：集塵灰產出
非有害：氧化碴、還原碴產出","39,692.85","有害：集塵灰產出
非有害：氧化碴、還原碴產出","45,426.27","有害：集塵灰產出
非有害：氧化碴、還原碴產出",4.11,百萬元營業額,N
2049,上銀,349,包含上銀科技股份有限公司(營運總部、台中廠區、雲林廠區及嘉義廠區),"11,245.00",包含上銀科技股份有限公司(營運總部、台中廠區、雲林廠區及嘉義廠區),"11,594.00",包含上銀科技股份有限公司(營運總部、台中廠區、雲林廠區及嘉義廠區),0.52,百萬元營業額,ISO 14001:2015
2059,川湖,44.88,母公司及子公司川益科技(股)公司兩個廠區,257.96,母公司及子公司川益科技(股)公司兩個廠區,302.84,母公司及子公司川益科技(股)公司兩個廠區,0.0167,千組產品,ISO 14001
2062,橋椿,100.11,母公司,"1,179.12",母公司,"1,279.23",母公司,0.39,產品,GRI準則
2069,運錩,0,僅母公司所有廠區,25.32,僅母公司所有廠區,25.32,僅母公司所有廠區,N/A,N/A,ISO 14001
2101,南港,N/A,企業永續報告書(111年總量),N/A,企業永續報告書(111年總量),"2,570.47",企業永續報告書(111年總量),0.0835,產品,ISO 14001
2102,泰豐,0,僅母公司,995.76,僅母公司,995.76,僅母公司,0.075,每噸產品,N
2103,台橡,"2,144.63",合併財務報表之母子公司,"3,260.00",合併財務報表之母子公司,"5,404.63",合併財務報表之母子公司,10.01,每千噸產品產量,中華民國會計研究發展基金會所發佈確信準則公報3000號進行SASB指標之有限確信
2104,國際中橡,181.5,國際中橡100%持有之子公司林園先進。,"1,312.70",國際中橡100%持有之子公司林園先進。,"1,494.20",國際中橡100%持有之子公司林園先進。,0.01,產品,N
2105,正新,1.34,母公司,"2,991.50",母公司,"2,992.84",母公司,0.02,產品,N
2106,建大,N/A,台灣地區,N/A,台灣地區,"2,168.26",台灣地區,0.0561,百萬元營業額,ISO 14001
2107,厚生,0,厚生 桃園廠,160.5,厚生 桃園廠,160.5,厚生 桃園廠,0.083,百萬元營業額,N
2108,南帝,22.82,僅母公司,"1,604.45",僅母公司,"1,627.27",僅母公司,12.0745,產量千噸,N
2109,華豐,0,一般事業廢棄物及廢橡膠總量,458.66,一般事業廢棄物及廢橡膠總量,458.66,一般事業廢棄物及廢橡膠總量,0.08,百萬元營業額,ISO 14001
2114,鑫永銓,0,母公司,633,母公司,633,母公司,N/A,N/A,N
2115,六暉-KY,N/A,N/A,N/A,N/A,N/A,N/A,N/A,N/A,N
2201,裕隆,18.107,裕隆汽車製造(股)公司三義廠區,"2,531.17",裕隆汽車製造(股)公司三義廠區,"2,549.28",裕隆汽車製造(股)公司三義廠區,0.1138,百萬營業額,N
2204,中華,44.8442,楊梅廠+新竹廠,"4,513.73",楊梅廠+新竹廠,"4,558.57",楊梅廠+新竹廠,0.0362,產品為楊梅廠+新竹廠年車輛生產台數總量,ISO 14001
2206,三陽工業,0,母公司(新竹廠),"8,737.63",母公司(新竹廠),"8,737.63",母公司(新竹廠),0.2435,百萬元營業額,N
2207,和泰車,N/A,母公司,N/A,母公司,76.5,母公司,0.136,人數,N
2208,台船,609.91,台船高雄廠,"2,695.52",台船高雄廠,"3,305.43",台船高雄廠,"3,305.43","22,753,512仟元產值",N
2211,長榮鋼,0,僅母公司(長榮鋼鐵),"8,445.89",僅母公司(長榮鋼鐵),"8,445.89",僅母公司(長榮鋼鐵),0.7383,百萬元營業額,N
2227,裕日車,N/A,母公司,N/A,母公司,64.1,母公司,0.175,人均生活廢棄物產出量(公噸/年-人),ISO 14001
2228,劍麟,22.43,僅母公司,182.88,僅母公司,205.31,僅母公司,0.1255,百萬元營業額,ISO 14001
2231,為升,"5,023.00",無資料,"28,649.71",無資料,"33,672.71",無資料,N/A,N/A,N
2233,宇隆,87.87,僅母公司,313,僅母公司,400.87,僅母公司,N/A,N/A,N
2236,百達-KY,N/A,N/A,N/A,N/A,N/A,N/A,N/A,N/A,N
2239,英利-KY,N/A,N/A,N/A,N/A,N/A,N/A,N/A,N/A,N
2241,艾姆勒,35.705,母公司,55.783,母公司,91.488,母公司,0.0001,產品,N
2243,宏旭-KY,N/A,N/A,N/A,N/A,N/A,N/A,N/A,N/A,N
2247,汎德永業,N/A,合併財報之母子公司,N/A,合併財報之母子公司,503.26,合併財報之母子公司,0.0114,百萬元營業額,N
2250,IKKA-KY,N/A,N/A,N/A,N/A,N/A,N/A,N/A,N/A,N
2301,光寶科,"2,575.00","包含母公司與合併財報之部分子公司
光寶科技股份有限公司、光寶電子(天津)有限公司、光寶網絡通訊(東莞)有限公司、光寶光電(常州)有限公司、光寶科技(常州)有限公司、光寶電子(東莞)有限公司、光寶電源科技(東莞)有限公司、旭麗電子(東莞)有限公司、惠州市力信電子有限公司、光寶電子(廣州)有限公司、建興光電科技(北海)有限公司、敦揚(廣州)汽車電子有限公司、光寶智能汽車(廣州)有限公司、LITE-ON VIETNAM CO., LTD.、Lite-On Electronics (Thailand) Co., Ltd.、LITE-ON POWER ELECTRONIC INDIA PRIVATE LIMITED","4,821.00","包含母公司與合併財報之部分子公司
光寶科技股份有限公司、光寶電子(天津)有限公司、光寶網絡通訊(東莞)有限公司、光寶光電(常州)有限公司、光寶科技(常州)有限公司、光寶電子(東莞)有限公司、光寶電源科技(東莞)有限公司、旭麗電子(東莞)有限公司、惠州市力信電子有限公司、光寶電子(廣州)有限公司、建興光電科技(北海)有限公司、敦揚(廣州)汽車電子有限公司、光寶智能汽車(廣州)有限公司、LITE-ON VIETNAM CO., LTD.、Lite-On Electronics (Thailand) Co., Ltd.、LITE-ON POWER ELECTRONIC INDIA PRIVATE LIMITED","7,396.00","包含母公司與合併財報之部分子公司
光寶科技股份有限公司、光寶電子(天津)有限公司、光寶網絡通訊(東莞)有限公司、光寶光電(常州)有限公司、光寶科技(常州)有限公司、光寶電子(東莞)有限公司、光寶電源科技(東莞)有限公司、旭麗電子(東莞)有限公司、惠州市力信電子有限公司、光寶電子(廣州)有限公司、建興光電科技(北海)有限公司、敦揚(廣州)汽車電子有限公司、光寶智能汽車(廣州)有限公司、LITE-ON VIETNAM CO., LTD.、Lite-On Electronics (Thailand) Co., Ltd.、LITE-ON POWER ELECTRONIC INDIA PRIVATE LIMITED",0.177,百萬元營業額,ISO 14001
2302,麗正,1.02,母子公司,35.693,母子公司,36.713,母子公司,0.1177,產品,ISO 14001
2303,聯電,"25,146.00",母公司(含新加坡分公司),"20,686.00",母公司(含新加坡分公司),"45,832.00",母公司(含新加坡分公司),0.184,wafer-m2,ISO 14001
2305,全友,0,母公司,1.8,母公司,1.8,母公司,0.0144,百萬元營業額,N
2308,台達電,"6,390.00",全球據點,"47,772.00",全球據點,"54,162.00",全球據點,4.93,產值(單位：百萬美金),UL2799、ISO14001
2312,金寶,"3,872.31",合併財務報表之母子公司,"15,202.89",合併財務報表之母子公司,"19,075.20",合併財務報表之母子公司,0.11,百萬元營業額,N
2313,華通,"11,668.30",111年度,"3,039.50",111年度,"14,707.80",111年度,1.24,百萬元營業額,N
2314,台揚,8.18,111年2月至112年1月,60.7415,111年2月至112年1月,68.9215,111年2月至112年1月,0.0153,百萬元營業額,ISO 14001
2316,楠梓電,"2,046.69",僅母公司,"1,086.05",僅母公司,"3,132.74",僅母公司,0.0018,產品,N
2317,鴻海,"141,950.00",包含合併財務報表母子公司,"676,503.00",包含合併財務報表母子公司,"818,453.00",包含合併財務報表母子公司,0.12,百萬元營業額,ISO 9001、ISO 14001、UL 2799
2321,東訊,0,生活垃圾+一般事業廢棄物(包含政策性成品報廢數量),9.98,生活垃圾+一般事業廢棄物(包含政策性成品報廢數量),9.98,生活垃圾+一般事業廢棄物(包含政策性成品報廢數量),79,產品,N
2323,中環,27.474,111/01/01~111/12/31,136.536,111/01/01~111/12/31,164.01,111/01/01~111/12/31,0.0482,百萬元營業額,N
2324,仁寶,"1,002.20",母公司、仁寶(越南)、仁寶電腦(重慶)、仁寶電腦(成都)及仁寶視訊電子(昆山)、仁寶電子科技(昆山)、仁寶資訊工業(昆山)、仁寶信息技術(昆山)、仁寶數碼科技（昆山）、吉寶通訊（南京）、重慶翊寶智慧電子裝置及Compalead Eletr&#244;nica do Brasil Ind&#250;stria e Com&#233;rcio,"8,321.50",母公司、仁寶(越南)、仁寶電腦(重慶)、仁寶電腦(成都)及仁寶視訊電子(昆山)、仁寶電子科技(昆山)、仁寶資訊工業(昆山)、仁寶信息技術(昆山)、仁寶數碼科技（昆山）、吉寶通訊（南京）、重慶翊寶智慧電子裝置及Compalead Eletr&#244;nica do Brasil Ind&#250;stria e Com&#233;rcio,"9,323.70",母公司、仁寶(越南)、仁寶電腦(重慶)、仁寶電腦(成都)及仁寶視訊電子(昆山)、仁寶電子科技(昆山)、仁寶資訊工業(昆山)、仁寶信息技術(昆山)、仁寶數碼科技（昆山）、吉寶通訊（南京）、重慶翊寶智慧電子裝置及Compalead Eletr&#244;nica do Brasil Ind&#250;stria e Com&#233;rcio,0.0087,百萬元營業額,UL2799：仁寶信息技術(昆山)
2327,國巨,"5,143.01",母公司,"3,954.34",母公司,"9,097.35",母公司,2.26,百萬營業額,ISO 14001
2328,廣宇,0,母公司,8.6,母公司,8.6,母公司,0.0007,百萬元營業額,N
2329,華泰,173.96,2022.01.01~2022.12.31,"2,317.40",2022.01.01~2022.12.31,"2,491.36",2022.01.01~2022.12.31,0.16,百萬元營業額,N
2330,台積電,"401,215.00",台灣廠區及部分子公司,"342,804.00",台灣廠區及部分子公司,"744,019.00",台灣廠區及部分子公司,0.99,單位晶圓委外廢棄物處理量（公斤／十二吋晶圓當量- 光罩數）,UL2799
2331,精英,0,"精英電腦臺灣總部大樓；
精英電腦臺灣總部大樓為辦公大樓，無生產製造場所，故廢棄物來源為一般生活廢棄物，無有害事業廢棄物。",104.79,"精英電腦臺灣總部大樓；
精英電腦臺灣總部大樓為辦公大樓，無生產製造場所，故廢棄物來源為一般生活廢棄物，無有害事業廢棄物。",104.79,"精英電腦臺灣總部大樓；
精英電腦臺灣總部大樓為辦公大樓，無生產製造場所，故廢棄物來源為一般生活廢棄物，無有害事業廢棄物。",0.1462,"104.79公噸/717人；精英總部大樓2022年人均生活廢棄物產生量為146.15公斤/人.年；精英總部大樓總垃圾量104.79公噸, 資源回收量19.27公噸",N
2332,友訊,N/A,僅母公司大樓,N/A,僅母公司大樓,12.98,僅母公司大樓,0.03,員工人數,N
2337,旺宏,"6,954.00",旺宏總部、晶圓二廠、晶圓五廠、測試廠,"4,349.00",旺宏總部、晶圓二廠、晶圓五廠、測試廠,"11,303.00",旺宏總部、晶圓二廠、晶圓五廠、測試廠,0.26,百萬元營業額,N
2338,光罩,73.05,僅母公司,40.53,僅母公司,113.58,僅母公司,N/A,N/A,N
2340,台亞,342.4,創新廠及力行廠,428.82,創新廠及力行廠,771.22,創新廠及力行廠,0.17,百萬元營業額,ISO 14001
2342,茂矽,275,僅母公司,217,僅母公司,492,僅母公司,0.0456,產品,N
2344,華邦電,"4,608.00",母公司,"4,976.00",母公司,"9,584.00",母公司,N/A,N/A,ISO 14001
2345,智邦,6.2,母公司。,"1,603.20",母公司。,"1,609.40",母公司。,0.0208,百萬元營業額,N
2347,聯強,0,僅母公司,200,僅母公司,200,僅母公司,0.0001,服務,ISO 14001
2348,海悅,N/A,N/A,N/A,N/A,N/A,N/A,N/A,N/A,N
2349,錸德,N/A,僅母公司,N/A,僅母公司,179.85,僅母公司,N/A,N/A,N
2351,順德,"1,007.21",母公司,548.181,母公司,"1,555.39",母公司,0.0002,千元營業額,ISO 14001
2352,佳世達,877.44,佳世達台灣/蘇州/越南廠區,"2,648.70",佳世達台灣/蘇州/越南廠區,"3,526.14",佳世達台灣/蘇州/越南廠區,0.84,百萬元營業額,ISO 14001
2353,宏,N/A,包含合併財務報表之母子公司,N/A,包含合併財務報表之母子公司,"2,164.67",包含合併財務報表之母子公司,0.0079,百萬元營業額,N
2354,鴻準,"1,096.30",鴻準集團主要廠區,"5,359.80",鴻準集團主要廠區,"6,456.10",鴻準集團主要廠區,0.071,百萬元營業額,ISO9001；ISO14001
2355,敬鵬,N/A,母公司+ 子公司 敬鵬(常熟)電子有限公司,N/A,母公司+ 子公司 敬鵬(常熟)電子有限公司,"44,767.70",母公司+ 子公司 敬鵬(常熟)電子有限公司,0.0145,M2,ISO 14001
2356,英業達,835.25,"英業達股份有限公司Inventec Corporation
(士林廠 Shilin site(IET)、桃園廠 Taoyuan site(TAO)、桃園廠 Taoyuan site(TRDC/ITO)、
英業達(重慶)有限公司Inventec (Chongqing) Corporation (ICC)、
英業達科技有限公司Inventec (Pudong) Technology Corporation (IPT)、
上海順詮科技有限公司SQ Technology (Shanghai) Corporation (SQT)、
Inventec (Czech) S.R.O. (ICZ)、
IEC Technologies, S . de R. L. de C. V. (IMX)","26,215.07","英業達股份有限公司Inventec Corporation
(士林廠 Shilin site(IET)、桃園廠 Taoyuan site(TAO)、桃園廠 Taoyuan site(TRDC/ITO)、
英業達(重慶)有限公司Inventec (Chongqing) Corporation (ICC)、
英業達科技有限公司Inventec (Pudong) Technology Corporation (IPT)、
上海順詮科技有限公司SQ Technology (Shanghai) Corporation (SQT)、
Inventec (Czech) S.R.O. (ICZ)、
IEC Technologies, S . de R. L. de C. V. (IMX)","27,050.32","英業達股份有限公司Inventec Corporation
(士林廠 Shilin site(IET)、桃園廠 Taoyuan site(TAO)、桃園廠 Taoyuan site(TRDC/ITO)、
英業達(重慶)有限公司Inventec (Chongqing) Corporation (ICC)、
英業達科技有限公司Inventec (Pudong) Technology Corporation (IPT)、
上海順詮科技有限公司SQ Technology (Shanghai) Corporation (SQT)、
Inventec (Czech) S.R.O. (ICZ)、
IEC Technologies, S . de R. L. de C. V. (IMX)","5,979.75",公噸/千億營業額,ISO 14001
2357,華碩,N/A,華碩HQ,N/A,華碩HQ,448.814,華碩HQ,448.814,千元營業額,ISO 14001
2359,所羅門,N/A,所羅門辦公大樓,N/A,所羅門辦公大樓,51.765,所羅門辦公大樓,N/A,N/A,N
2360,致茂,27.27,母公司及台灣地區分公司,554.63,母公司及台灣地區分公司,581.9,母公司及台灣地區分公司,0.0251,百萬元營業額,ISO 14001
2362,藍天,48.3,台北總部辦公室、主要製造廠：昆山廠,509,台北總部辦公室、主要製造廠：昆山廠,557.3,台北總部辦公室、主要製造廠：昆山廠,0.0296,百萬元營業額,N
2363,矽統,N/A,廢棄物申報三聯單,N/A,廢棄物申報三聯單,47.683,廢棄物申報三聯單,N/A,N/A,N
2364,倫飛,0,僅本公司高雄廠資料,13.6,僅本公司高雄廠資料,13.6,僅本公司高雄廠資料,N/A,N/A,ISO 14001
2365,昆盈,2.405,台北總公司及東莞廠,25.387,台北總公司及東莞廠,27.792,台北總公司及東莞廠,N/A,N/A,ISO 14001
2367,燿華,"8,270.00",僅母公司,"3,138.00",僅母公司,"11,408.00",僅母公司,0.003,產品,N
2368,金像電,N/A,母子公司,N/A,母子公司,"67,975.00",母子公司,2.0734,百萬元營業額,ISO 45001
2369,菱生,61.0258,111年1月~12月,882.123,111年1月~12月,943.1488,111年1月~12月,0.2543,產品,ISO 14001
2371,大同,8.38,僅母公司,"3,207.42",僅母公司,"3,215.80",僅母公司,"3,215.80","16,792,440千元營業額",ISO 14001
2373,震旦行,0,僅母公司,311.066,僅母公司,311.066,僅母公司,0.0001,千元營業額,N
2374,佳能,0.6,111年度,42,111年度,42.6,111年度,0.0081,百萬元營業額,ISO 14001
2375,凱美,N/A,子公司,N/A,子公司,93.4,子公司,N/A,N/A,N
2376,技嘉,141.5687,技嘉科技營運總部、桃園南平廠、中國東莞廠和中國寧波廠。,"2,073.25",技嘉科技營運總部、桃園南平廠、中國東莞廠和中國寧波廠。,"2,214.82",技嘉科技營運總部、桃園南平廠、中國東莞廠和中國寧波廠。,0.0206,百萬元營業額,ISO 14064-1：2018 類別4 營運廢棄物
2377,微星,168.574,5788.415,"5,619.84",5788.415,"5,788.41",5788.415,0.0321,百萬元營業額,ISO 14001
2379,瑞昱,11.5527,包含瑞昱新竹營運總部,20.32,包含瑞昱新竹營運總部,31.8727,包含瑞昱新竹營運總部,18.18,億元營業額,N
2380,虹光,24.2002,母公司,15.38,母公司,39.5802,母公司,0.0233,百萬元營業額,N
2382,廣達,"2,525.29",廣達電腦(股)公司臺灣總部QRDC及廣達台灣製造城QTMC、廣達上海製造城QSMC、廣達重慶製造城QCMC、廣達泰國廠QMB,"100,452.88",廣達電腦(股)公司臺灣總部QRDC及廣達台灣製造城QTMC、廣達上海製造城QSMC、廣達重慶製造城QCMC、廣達泰國廠QMB,"102,978.16",廣達電腦(股)公司臺灣總部QRDC及廣達台灣製造城QTMC、廣達上海製造城QSMC、廣達重慶製造城QCMC、廣達泰國廠QMB,N/A,N/A,ISO 14001
2383,台光電,"19,148.04",合併財務報表之母子公司(不含美國子公司),"10,882.71",合併財務報表之母子公司(不含美國子公司),"30,030.75",合併財務報表之母子公司(不含美國子公司),0.0008,千元營業額,N
2385,群光,N/A,群光電子(含海外各廠區，不含子公司),N/A,群光電子(含海外各廠區，不含子公司),"4,066.27",群光電子(含海外各廠區，不含子公司),0.0564,百萬元營業額,ISO 14001
2387,精元,N/A,N/A,N/A,N/A,N/A,N/A,N/A,N/A,N
2388,威盛,N/A,威盛台北總公司,N/A,威盛台北總公司,32.6,威盛台北總公司,0.0035,百萬元營業額,威盛台北總公司
2390,云辰,N/A,N/A,N/A,N/A,N/A,N/A,N/A,N/A,N
2392,正崴,"2,047.00",母公司及主要生產基地之子公司,"6,701.00",母公司及主要生產基地之子公司,"8,748.00",母公司及主要生產基地之子公司,0.066,百萬元營業額,UL2799廢棄物零填埋認證
2393,億光,141.9,苗栗苑裡廠、苗栗銅鑼廠、蘇州吳江廠、廣東中山廠,"2,265.12",苗栗苑裡廠、苗栗銅鑼廠、蘇州吳江廠、廣東中山廠,"2,407.02",苗栗苑裡廠、苗栗銅鑼廠、蘇州吳江廠、廣東中山廠,N/A,N/A,N
2395,研華,242.05,邊界範疇包含研華台灣(瑞光、陽光、林口、東湖)、中國昆山廠區、日本廠區、韓國廠區、美國廠區及歐洲廠區,"1,000.48",邊界範疇包含研華台灣(瑞光、陽光、林口、東湖)、中國昆山廠區、日本廠區、韓國廠區、美國廠區及歐洲廠區,"1,242.53",邊界範疇包含研華台灣(瑞光、陽光、林口、東湖)、中國昆山廠區、日本廠區、韓國廠區、美國廠區及歐洲廠區,0.018,百萬元營業額,AA1000
2397,友通,3.54,友通資訊之組織邊界設定以營運控制權為主，友通包括汐止遠雄總部、新店辦公室及桃園工廠。,0,友通資訊之組織邊界設定以營運控制權為主，友通包括汐止遠雄總部、新店辦公室及桃園工廠。,3.54,友通資訊之組織邊界設定以營運控制權為主，友通包括汐止遠雄總部、新店辦公室及桃園工廠。,N/A,N/A,N
2399,映泰,N/A,N/A,N/A,N/A,N/A,N/A,N/A,N/A,N
2401,凌陽,N/A,僅母公司,N/A,僅母公司,101.03,僅母公司,0.1507,百萬元營業額,ISO 14001
2402,毅嘉,125.21,母公司,39.79,母公司,165,母公司,0.0322,百萬元營業額,N
2404,漢唐,N/A,N/A,N/A,N/A,N/A,N/A,N/A,N/A,N
2405,輔信,N/A,母公司,N/A,母公司,0.058,母公司,N/A,N/A,N
2406,國碩,16.3,國碩二廠和國碩新豐廠,139.9,國碩二廠和國碩新豐廠,156.2,國碩二廠和國碩新豐廠,0.0002,千元營業額,N
2408,南亞科,"17,598.00",母公司,"6,383.00",母公司,"23,981.00",母公司,0.022,千顆晶粒,ISO 14001
2409,友達,"13,397.11",友達全球營運據點,"62,806.97",友達全球營運據點,"76,204.08",友達全球營運據點,0.0016,產品,ISO9001及 ISO14001
2412,中華電,N/A,2022年ESG永續報告書,N/A,2022年ESG永續報告書,"7,133.02",2022年ESG永續報告書,N/A,N/A,ISO 14001
2413,環科,4,母公司,10,母公司,14,母公司,0.0029,百萬元營業額,N
2414,精技,0,僅母公司之文件(紙張)銷毀量,2.1,僅母公司之文件(紙張)銷毀量,2.1,僅母公司之文件(紙張)銷毀量,0.0095,億營業額,N
2415,錩新,"2,153.82",母公司+錩新科技(越南)公司,68.22,母公司+錩新科技(越南)公司,"2,222.04",母公司+錩新科技(越南)公司,"2,222.04",百萬元營業額,N
2417,圓剛,0,母公司,13.07,母公司,13.07,母公司,N/A,N/A,N
2419,仲琦,139.571,總部+海外據點(越南工廠),612.105,總部+海外據點(越南工廠),751.676,總部+海外據點(越南工廠),1.814,百萬元營業額,ISO9001/ISO14001
2420,新巨,1.99,五股廠、樹林廠、新豪廠,23.99,五股廠、樹林廠、新豪廠,25.98,五股廠、樹林廠、新豪廠,0.08,百萬元營業額,N
2421,建準,43.444,高雄總部及工廠、昆山廣興電子有限公司、北海建準電子有限公司、北海立準電子有限公司、Sunon Electronics Philippines Corp,67.24,高雄總部及工廠、昆山廣興電子有限公司、北海建準電子有限公司、北海立準電子有限公司、Sunon Electronics Philippines Corp,110.684,高雄總部及工廠、昆山廣興電子有限公司、北海建準電子有限公司、北海立準電子有限公司、Sunon Electronics Philippines Corp,0.0079,百萬元營業額,ISO 14001
2423,固緯,0.66,母公司,28.36,母公司,29.02,母公司,N/A,N/A,N
2424,隴華,N/A,N/A,N/A,N/A,N/A,N/A,N/A,N/A,N
2425,承啟,N/A,N/A,N/A,N/A,N/A,N/A,N/A,N/A,N
2426,鼎元,384.4,僅母公司,182.2,僅母公司,566.6,僅母公司,0.257,百萬元營業額,ISO 14001
2427,三商電,N/A,桃園倉庫,N/A,桃園倉庫,76.546,桃園倉庫,0.1131,百萬元營業額,N
2428,興勤,376.3509,本公司所有廠區及子公司元耀科技股份有限公司、興勤(常州)電子有限公司、東莞為勤電子有限公司、興勤(宜昌)電子有限公司及江西興勤電子有限公司,"218,690.81",本公司所有廠區及子公司元耀科技股份有限公司、興勤(常州)電子有限公司、東莞為勤電子有限公司、興勤(宜昌)電子有限公司及江西興勤電子有限公司,"219,067.16",本公司所有廠區及子公司元耀科技股份有限公司、興勤(常州)電子有限公司、東莞為勤電子有限公司、興勤(宜昌)電子有限公司及江西興勤電子有限公司,0.0225,KPCS產品,N
2429,銘旺科,N/A,僅母公司,N/A,僅母公司,21.64,僅母公司,N/A,N/A,N
2430,燦坤,N/A,N/A,N/A,N/A,N/A,N/A,N/A,N/A,N
2431,聯昌,N/A,N/A,N/A,N/A,N/A,N/A,N/A,N/A,N
2432,倚天酷-創,N/A,僅申報公司,N/A,僅申報公司,1.27,僅申報公司,0,百萬元營業額,N
2433,互盛電,N/A,僅母公司,N/A,僅母公司,78.2,僅母公司,0.0001,千元營業額,N
2434,統懋,0,母公司,12.05,母公司,12.05,母公司,0.2529,百萬元營業額,N
2436,偉詮電,N/A,新竹廠區,N/A,新竹廠區,1.808,新竹廠區,0.0006,百萬元營業額,"111年12月底進行ISO14001第三方外部驗證,112年3月取得ISO14001證書"
2438,翔耀,N/A,N/A,N/A,N/A,N/A,N/A,N/A,N/A,N
2439,美律,N/A,母公司與部分合併財務報表之子公司,N/A,母公司與部分合併財務報表之子公司,472.0179,母公司與部分合併財務報表之子公司,0.0133,百萬元營業額,ISO 14001
2440,太空梭,N/A,N/A,N/A,N/A,N/A,N/A,N/A,N/A,N
2441,超豐,322.8135,公義廠及頭份廠,"1,707.07",公義廠及頭份廠,"2,029.89",公義廠及頭份廠,0.1273,百萬元營業額,ISO 14001
2442,新美齊,N/A,111年新美齊新建工程建案,N/A,111年新美齊新建工程建案,"2,791.00",111年新美齊新建工程建案,N/A,N/A,N
2444,兆勁,7,母公司,140,母公司,147,母公司,0.0003,百萬元營業額,ISO 14001
2449,京元電子,269.1,包含合併財務報表之母子公司,"2,753.00",包含合併財務報表之母子公司,"3,022.10",包含合併財務報表之母子公司,8.1,億元,ISO 14001
2450,神腦,0,新店總公司共10間辦公室,27.11,新店總公司共10間辦公室,27.11,新店總公司共10間辦公室,0.0779,公噸/人,N
2451,創見,N/A,僅母公司,N/A,僅母公司,216.84,僅母公司,0.0179,百萬元營業額,N
2453,凌群,N/A,母公司,N/A,母公司,33.37,母公司,0.0059,百萬元營業額,N
2454,聯發科,N/A,僅母公司,N/A,僅母公司,218.55,僅母公司,0.0177,母公司員工人數,N
2455,全新,243.84,平鎮廠、平鎮二廠,42.705,平鎮廠、平鎮二廠,286.545,平鎮廠、平鎮二廠,286.545,產品,N
2457,飛宏,N/A,台灣飛宏:林口總部+台南廠,N/A,台灣飛宏:林口總部+台南廠,51.8,台灣飛宏:林口總部+台南廠,0.0037,百萬元營業額,ISO 14001
2458,義隆,N/A,義隆電子(新竹、中和)、義晶、義碩、義傳,N/A,義隆電子(新竹、中和)、義晶、義碩、義傳,60.204,義隆電子(新竹、中和)、義晶、義碩、義傳,0.082,每年每人,AA1000
2459,敦吉,N/A,母公司及子公司敦吉檢測科技股份有限公司台北商辦大樓,N/A,母公司及子公司敦吉檢測科技股份有限公司台北商辦大樓,2.3,母公司及子公司敦吉檢測科技股份有限公司台北商辦大樓,N/A,N/A,N
2460,建通,N/A,N/A,N/A,N/A,N/A,N/A,N/A,N/A,N
2461,光群雷,5.23,僅母公司,43.88,僅母公司,49.11,僅母公司,0.0279,百萬元營業額,N
2462,良得電,N/A,N/A,N/A,N/A,N/A,N/A,N/A,N/A,N
2464,盟立,N/A,N/A,N/A,N/A,N/A,N/A,N/A,N/A,N
2465,麗臺,0.024,工廠,0.024,工廠,0.048,工廠,N/A,N/A,N
2466,冠西電,N/A,母公司宜蘭廠,N/A,母公司宜蘭廠,57.97,母公司宜蘭廠,0.0001,仟元營業額,N
2467,志聖,0,母公司,175.585,母公司,175.585,母公司,N/A,N/A,N
2468,華經,N/A,N/A,N/A,N/A,N/A,N/A,N/A,N/A,N
2471,資通,N/A,主要來源為辦公室廢紙。,N/A,主要來源為辦公室廢紙。,0.034,主要來源為辦公室廢紙。,N/A,N/A,N
2472,立隆電,N/A,立隆、立隆惠州、立隆蘇州,N/A,立隆、立隆惠州、立隆蘇州,405.4,立隆、立隆惠州、立隆蘇州,N/A,N/A,N
2474,可成,60.71,僅母公司台南廠區,"11,587.54",僅母公司台南廠區,"11,648.25",僅母公司台南廠區,1.5741,百萬元營業額,ISO 14001
2476,鉅祥,N/A,N/A,N/A,N/A,N/A,N/A,N/A,N/A,N
2477,美隆電,0.2,111/01/01~111/12/31 母公司,24.085,111/01/01~111/12/31 母公司,24.285,111/01/01~111/12/31 母公司,0.0075,千元營業額,ISO 14001
2478,大毅,"1,670.95",母公司,190.45,母公司,"1,861.40",母公司,0.371,百萬元營業額,ISO 14001
2480,敦陽科,0,新竹總公司,3.98,新竹總公司,3.98,新竹總公司,0.0006,百萬元營業額,N
2481,強茂,81.019,岡山廠,250.0075,岡山廠,331.0265,岡山廠,0.0374,營業額,ISO 14001
2482,連宇,0,母公司,1.273,母公司,1.273,母公司,N/A,N/A,ISO 14001
2483,百容,12.3,僅母公司,90,僅母公司,102.3,僅母公司,N/A,N/A,N
2484,希華,80.21,母公司,38.3,母公司,118.51,母公司,0.04,百萬元營業額,N
2485,兆赫,37.342,僅母公司,70.1967,僅母公司,107.5387,僅母公司,0,千元營業額,ISO 9001、ISO 14001
2486,一詮,390.2445,母公司,81.2091,母公司,471.4536,母公司,0.0002,千元營業額,ISO 14001
2488,漢平,0.67,2022年委託公民營處理許可機構清除處理數量與回收業者處理之數量。,11.83,2022年委託公民營處理許可機構清除處理數量與回收業者處理之數量。,12.5,2022年委託公民營處理許可機構清除處理數量與回收業者處理之數量。,0.0041,百萬元營業額,N
2489,瑞軒,40.44,包含合併財務報表之母子公司,"3,643.90",包含合併財務報表之母子公司,"3,684.34",包含合併財務報表之母子公司,0.23,百萬元營業額,N
2491,吉祥全,0,母子公司,22.9,母子公司,22.9,母子公司,N/A,N/A,N
2492,華新科,"3,559.00",母公司及主要生產基地之子公司(東莞/蘇州/廣州),"6,761.00",母公司及主要生產基地之子公司(東莞/蘇州/廣州),"10,320.00",母公司及主要生產基地之子公司(東莞/蘇州/廣州),0.0135,產品,ISO 14001
2493,揚博,N/A,N/A,N/A,N/A,N/A,N/A,N/A,N/A,N
2495,普安,0.49,僅母公司,0,僅母公司,0.49,僅母公司,N/A,N/A,N
2496,卓越,N/A,N/A,N/A,N/A,N/A,N/A,N/A,N/A,N
2497,怡利電,N/A,有害+非有害,N/A,有害+非有害,44,有害+非有害,N/A,N/A,ISO 14001
2498,宏達電,9.772,範圍以HTC台灣區域為主，涵蓋所有HTC在台灣執行營運的母子公司組織範疇,455.044,範圍以HTC台灣區域為主，涵蓋所有HTC在台灣執行營運的母子公司組織範疇,464.816,範圍以HTC台灣區域為主，涵蓋所有HTC在台灣執行營運的母子公司組織範疇,0.105,百萬元營業額,ISO 14001
2501,國建,N/A,CSR,N/A,CSR,"9,343.00",CSR,583.94,工地數量,N
2504,國產,0,國產公司所有廠區,"18,446.00",國產公司所有廠區,"18,446.00",國產公司所有廠區,N/A,N/A,N
2505,國揚,N/A,N/A,N/A,N/A,N/A,N/A,N/A,N/A,N
2506,太設,N/A,僅執行中工地,N/A,僅執行中工地,"3,659.00",僅執行中工地,N/A,N/A,N
2509,全坤建,N/A,N/A,N/A,N/A,N/A,N/A,N/A,N/A,N
2511,太子,N/A,N/A,N/A,N/A,N/A,N/A,N/A,N/A,N
2514,龍邦,N/A,N/A,N/A,N/A,N/A,N/A,N/A,N/A,N
2515,中工,8.005,母公司,"34,943.45",母公司,"34,951.46",母公司,2.5175,百萬元營業額,N
2516,新建,0,工地,"14,668.52",工地,"14,668.52",工地,2.14,百萬元營業額,N
2520,冠德,N/A,公司的生活垃圾,N/A,公司的生活垃圾,54.72,公司的生活垃圾,0.0025,百萬元營業額,N
2524,京城,N/A,N/A,N/A,N/A,N/A,N/A,N/A,N/A,N
2527,宏璟,0,包含合併財務報表之母子公司,"273,269.33",包含合併財務報表之母子公司,"273,269.33",包含合併財務報表之母子公司,N/A,N/A,N
2528,皇普,N/A,N/A,N/A,N/A,N/A,N/A,N/A,N/A,N
2530,華建,N/A,合併財務報表之母子公司,N/A,合併財務報表之母子公司,"4,050.00",合併財務報表之母子公司,0.09,樓地板面積(平方公尺),N
2534,宏盛,0,在建工程（北投石牌、汐止智興、新店心中央）,"2,754.00",在建工程（北投石牌、汐止智興、新店心中央）,"2,754.00",在建工程（北投石牌、汐止智興、新店心中央）,N/A,N/A,N
2535,達欣工,N/A,母公司營運總部,N/A,母公司營運總部,13.41,母公司營運總部,0.001,百萬元營業額,ISO 9001
2536,宏普,N/A,N/A,N/A,N/A,N/A,N/A,N/A,N/A,N
2537,聯上發,N/A,N/A,N/A,N/A,N/A,N/A,N/A,N/A,N
2538,基泰,N/A,N/A,N/A,N/A,N/A,N/A,N/A,N/A,N
2539,櫻花建,0,母公司,"1,668.30",母公司,"1,668.30",母公司,N/A,N/A,N
2540,愛山林,N/A,N/A,N/A,N/A,N/A,N/A,N/A,N/A,N
2542,興富發,N/A,N/A,N/A,N/A,N/A,N/A,N/A,N/A,N
2543,皇昌,N/A,N/A,N/A,N/A,N/A,N/A,N/A,N/A,N
2545,皇翔,N/A,N/A,N/A,N/A,N/A,N/A,N/A,N/A,N
2546,根基,0,總公司及工程專案,"16,108.00",總公司及工程專案,"16,108.00",總公司及工程專案,1.134,百萬元營業額,N
2547,日勝生,N/A,日勝生/日鼎水務/萬達通,N/A,日勝生/日鼎水務/萬達通,"4,673.23",日勝生/日鼎水務/萬達通,0.0494,日勝生：噸/人,ISO 14001
2548,華固,N/A,僅母公司辦公室,N/A,僅母公司辦公室,1.92,僅母公司辦公室,0.0001,百萬元營業額,N
2597,潤弘,0,宜蘭冬山廠,168.654,宜蘭冬山廠,168.654,宜蘭冬山廠,N/A,N/A,N
2601,益航,N/A,N/A,N/A,N/A,N/A,N/A,600.01,海運廢棄物總量,N
2603,長榮,N/A,海上船舶及陸上營運據點,N/A,海上船舶及陸上營運據點,313.5,海上船舶及陸上營運據點,N/A,N/A,N
2605,新興,N/A,統計船隊產出之廢棄物，包含塑膠類(一般廢棄物)、食物廢棄物(廚房廢油)及有害廢棄物(汙油水/Sludge),N/A,統計船隊產出之廢棄物，包含塑膠類(一般廢棄物)、食物廢棄物(廚房廢油)及有害廢棄物(汙油水/Sludge),1.389,統計船隊產出之廢棄物，包含塑膠類(一般廢棄物)、食物廢棄物(廚房廢油)及有害廢棄物(汙油水/Sludge),N/A,N/A,N
2606,裕民,N/A,船上食物廢棄物、紙、玻璃、金屬、塑膠及食用油,N/A,船上食物廢棄物、紙、玻璃、金屬、塑膠及食用油,0.38,船上食物廢棄物、紙、玻璃、金屬、塑膠及食用油,0,千元營業額,DNV VeriSustain 中度保證等級
2607,榮運,N/A,N/A,N/A,N/A,N/A,N/A,N/A,N/A,N
2608,嘉里大榮,N/A,嘉里大榮物流組織全部(僅母公司),N/A,嘉里大榮物流組織全部(僅母公司),"1,576.57",嘉里大榮物流組織全部(僅母公司),0.16,百萬元營業額,N
2609,陽明,N/A,辦公室、基隆(陽明)貨櫃場及營運船舶,N/A,辦公室、基隆(陽明)貨櫃場及營運船舶,306.94,辦公室、基隆(陽明)貨櫃場及營運船舶,0,仟元個體營業收入,ISO 14001
2610,華航,N/A,以母公司為主體（但包含企業總部、修護廠區、台灣地區作業區域與分公司，母數範圍較同業廣）,N/A,以母公司為主體（但包含企業總部、修護廠區、台灣地區作業區域與分公司，母數範圍較同業廣）,"2,346.00",以母公司為主體（但包含企業總部、修護廠區、台灣地區作業區域與分公司，母數範圍較同業廣）,0.0156,百萬元營業額,ISO 14001
2611,志信,N/A,N/A,N/A,N/A,N/A,N/A,N/A,N/A,N
2612,中航,N/A,合併財務報表之母子公司之一般廢棄物,N/A,合併財務報表之母子公司之一般廢棄物,124,合併財務報表之母子公司之一般廢棄物,0.0281,百萬元營業額,N
2613,中櫃,N/A,本公司內部統計資料,N/A,本公司內部統計資料,779.88,本公司內部統計資料,N/A,N/A,ISO 14001
2614,東森,N/A,僅母公司,N/A,僅母公司,"4,490.55",僅母公司,3.0362,百萬元營業額,N
2615,萬海,N/A,台中、高雄碼頭和台灣辦公室,N/A,台中、高雄碼頭和台灣辦公室,"1,868.22",台中、高雄碼頭和台灣辦公室,0.007,百萬元營業額,GHG Protocol and ISO 14064-1:2018
2616,山隆,N/A,N/A,N/A,N/A,N/A,N/A,N/A,N/A,N
2617,台航,N/A,含母子公司,N/A,含母子公司,6.24,含母子公司,N/A,N/A,N
2618,長榮航,N/A,僅母公司,N/A,僅母公司,182.03,僅母公司,0.0006,每人每日廢棄物產出量(以24小時計算),ISO 14001
2630,亞航,N/A,"本公司廠區(松山、台中、台南
(含歸仁)、屏東)所產生之廢棄物量。",N/A,"本公司廠區(松山、台中、台南
(含歸仁)、屏東)所產生之廢棄物量。",118.41,"本公司廠區(松山、台中、台南
(含歸仁)、屏東)所產生之廢棄物量。",0.0291,百萬營業額,N
2633,台灣高鐵,N/A,12處車站及5個基地,N/A,12處車站及5個基地,"6,306.73",12處車站及5個基地,N/A,N/A,N
2634,漢翔,429.2961,母公司,"1,898.08",母公司,"2,327.38",母公司,0.077,百萬元營業額,ISO 14001
2636,台驊控股,N/A,N/A,N/A,N/A,N/A,N/A,N/A,N/A,N
2637,慧洋-KY,N/A,包含合併財務報表之母子公司,N/A,包含合併財務報表之母子公司,"2,357.00",包含合併財務報表之母子公司,0.09,百萬元營業額,N
2642,宅配通,N/A,台灣宅配通股份有限公司,N/A,台灣宅配通股份有限公司,416.4327,台灣宅配通股份有限公司,N/A,N/A,N
2645,長榮航太,N/A,N/A,N/A,N/A,N/A,N/A,N/A,N/A,N
2701,萬企,N/A,以萬華企業為主體,N/A,以萬華企業為主體,240,以萬華企業為主體,1.06,百萬元營業額,N
2702,華園,N/A,僅為母公司,N/A,僅為母公司,13.5,僅為母公司,"21,990.00",千元營業額,N
2704,國賓,0,2022/1/1~2022/12/31以國賓大飯店為主體，包含台北、新竹、高雄三館,178.0432,2022/1/1~2022/12/31以國賓大飯店為主體，包含台北、新竹、高雄三館,178.0432,2022/1/1~2022/12/31以國賓大飯店為主體，包含台北、新竹、高雄三館,0.0001,千元營業額,N
2705,六福,N/A,母公司之主要營運地，包含總公司及南港分公司,N/A,母公司之主要營運地，包含總公司及南港分公司,901.7523,母公司之主要營運地，包含總公司及南港分公司,0.0005,千元營業額,N
2706,第一店,0,臺北市中山區的第一大飯店,10.2,臺北市中山區的第一大飯店,10.2,臺北市中山區的第一大飯店,0.0351,百萬元營業額,N
2707,晶華,N/A,台北晶華,N/A,台北晶華,"1,520.77",台北晶華,0.5024,百萬元營業額,N
2712,遠雄來,N/A,母公司,N/A,母公司,205,母公司,0.3846,百萬元營業額,N
2722,夏都,0,母公司,204.07,母公司,204.07,母公司,N/A,N/A,N
2723,美食-KY,N/A,N/A,N/A,N/A,N/A,N/A,N/A,N/A,N
2727,王品,N/A,含王品、王莆(子公司)、群品(子公司)(每餐227g*人次*12個月),N/A,含王品、王莆(子公司)、群品(子公司)(每餐227g*人次*12個月),"5,311.80",含王品、王莆(子公司)、群品(子公司)(每餐227g*人次*12個月),14.91,含王品、王莆(子公司)、群品(子公司)事業廢棄物量(公克)/實質連鎖營業額(元),各店廢油採用環保署合格廠商。
2731,雄獅,N/A,N/A,N/A,N/A,N/A,N/A,N/A,N/A,N
2739,寒舍,N/A,母公司,N/A,母公司,"2,256.62",母公司,0.0007,仟元營業額,N
2748,雲品,N/A,母公司,N/A,母公司,340.57,母公司,0.1642,百萬元營業額,N
2753,八方雲集,0,母公司淡水廠、西螺廠、高雄廠,"2,163.46",母公司淡水廠、西螺廠、高雄廠,"2,163.46",母公司淡水廠、西螺廠、高雄廠,0.4,百萬元營業額,N
2801,彰銀,N/A,總行(臺北大樓),N/A,總行(臺北大樓),102.46,總行(臺北大樓),0.003,百萬元營業額,ISO 14001
2809,京城銀,0,母公司總行大樓,12.31,母公司總行大樓,12.31,母公司總行大樓,42.91,人均廢棄物(公斤),N
2812,台中銀,N/A,民權大樓,N/A,民權大樓,60.1,民權大樓,N/A,N/A,N
2816,旺旺保,N/A,N/A,N/A,N/A,N/A,N/A,N/A,N/A,N
2820,華票,N/A,總公司與5家分公司,N/A,總公司與5家分公司,0.065,總公司與5家分公司,N/A,N/A,N
2832,台產,N/A,N/A,N/A,N/A,N/A,N/A,N/A,N/A,N
2834,臺企銀,N/A,總行大樓,N/A,總行大樓,19.15,總行大樓,0.03,總行大樓740人,ISO 14001
2836,高雄銀,N/A,母公司,N/A,母公司,35.57,母公司,0.01,百萬元營業額,N
2838,聯邦銀,N/A,全行,N/A,全行,155.949,全行,0.0117,百萬元營業額,N
2845,遠東銀,0,母公司國內據點+一家子公司(遠銀資產),165.95,母公司國內據點+一家子公司(遠銀資產),165.95,母公司國內據點+一家子公司(遠銀資產),0.0649,人,N
2849,安泰銀,N/A,僅母公司共53個據點之資訊設備及廢紙銷毀。,N/A,僅母公司共53個據點之資訊設備及廢紙銷毀。,46.0733,僅母公司共53個據點之資訊設備及廢紙銷毀。,N/A,N/A,N
2850,新產,N/A,總部大樓,N/A,總部大樓,41.25,總部大樓,0.0062,服務,N
2851,中再保,N/A,母公司,N/A,母公司,7.682,母公司,0.0004,百萬元營業額,N
2852,第一保,N/A,全公司,N/A,全公司,74.79,全公司,N/A,N/A,N
2855,統一證,N/A,總部大樓,N/A,總部大樓,43.1107,總部大樓,62.54,人均垃圾量,ISO 14001
2867,三商壽,N/A,全公司,N/A,全公司,14.97,全公司,N/A,N/A,N
2880,華南金,N/A,華南金控及華南銀行總行大樓,N/A,華南金控及華南銀行總行大樓,194.93,華南金控及華南銀行總行大樓,0.004,百萬元營業額,ISO 14001
2881,富邦金,N/A,包含富邦金控及子公司富邦人壽、台北富邦銀行、富邦產險、富邦證券、日盛銀行(2023/4併入北富銀)、日盛證券(2023/4併入富邦證券)、富邦期貨、富邦育樂、富邦運動場館、富邦投信、富邦投顧、北富銀創投。,N/A,包含富邦金控及子公司富邦人壽、台北富邦銀行、富邦產險、富邦證券、日盛銀行(2023/4併入北富銀)、日盛證券(2023/4併入富邦證券)、富邦期貨、富邦育樂、富邦運動場館、富邦投信、富邦投顧、北富銀創投。,902,包含富邦金控及子公司富邦人壽、台北富邦銀行、富邦產險、富邦證券、日盛銀行(2023/4併入北富銀)、日盛證券(2023/4併入富邦證券)、富邦期貨、富邦育樂、富邦運動場館、富邦投信、富邦投顧、北富銀創投。,0.023,員工人數,N
2882,國泰金,N/A,包含集團(金控、人壽、銀行、產險、證券、投信、投顧、創投、期貨、私募)之國內據點,N/A,包含集團(金控、人壽、銀行、產險、證券、投信、投顧、創投、期貨、私募)之國內據點,"1,187.54",包含集團(金控、人壽、銀行、產險、證券、投信、投顧、創投、期貨、私募)之國內據點,26.04,總員工數(公斤/每人),ISO 14001
2883,凱基金,N/A,開發金控所有據點及中國人壽北京代表處，未涵蓋包含中國人壽國內所有通訊處及海外子公司所有據點,N/A,開發金控所有據點及中國人壽北京代表處，未涵蓋包含中國人壽國內所有通訊處及海外子公司所有據點,672.63,開發金控所有據點及中國人壽北京代表處，未涵蓋包含中國人壽國內所有通訊處及海外子公司所有據點,N/A,N/A,ISO 14001
2884,玉山金,0,100%持有合併財務報表之母子公司，其中95%國內據點有實際盤查，另外5%海外據點為推估值,692.214,100%持有合併財務報表之母子公司，其中95%國內據點有實際盤查，另外5%海外據點為推估值,692.214,100%持有合併財務報表之母子公司，其中95%國內據點有實際盤查，另外5%海外據點為推估值,0.0089,百萬元營業額,ISO 14001、ISO 14064
2885,元大金,N/A,合併財務報表之母子公司(全台灣營業據點),N/A,合併財務報表之母子公司(全台灣營業據點),651.7,合併財務報表之母子公司(全台灣營業據點),57.91,人均,ISO14064-1
2886,兆豐金,N/A,包含合併財務報表母子公司之國內所有據點,N/A,包含合併財務報表母子公司之國內所有據點,314.532,包含合併財務報表母子公司之國內所有據點,0.0363,國內員工人數,ISAE 3000
2887,台新金,N/A,歷年台新金控的廢棄物總重量依內湖、金控及建北大樓的廢棄物總量為計算基礎，再依三棟大數佔全金控的員工數比例推估。,N/A,歷年台新金控的廢棄物總重量依內湖、金控及建北大樓的廢棄物總量為計算基礎，再依三棟大數佔全金控的員工數比例推估。,795.71,歷年台新金控的廢棄物總重量依內湖、金控及建北大樓的廢棄物總量為計算基礎，再依三棟大數佔全金控的員工數比例推估。,0.012,百萬元營業額,永續報告書資訊委由BSI查證，取得GRI Standards準則-核心選項與AA1000AS v3第二類型中度保證等級查證
2888,新光金,0,包含合併財務報表之母子公司,"1,799.88",包含合併財務報表之母子公司,"1,799.88",包含合併財務報表之母子公司,0.12,人均廢棄物製造量,N
2889,國票金,N/A,"涵蓋包含合併財務報表之母子公司，包括國票金融控股公司、國際票券金融股份有限公司、國票綜合證券股份有限公司、國票證券投資顧問股份有限公司、國票期貨股份有限公司、國票證創業投資股份有限公司、國票創業投資股份有限公司、國旺國際融資租賃有限公司、IBF Financial Holding Co., Ltd.，共計48個據點。",N/A,"涵蓋包含合併財務報表之母子公司，包括國票金融控股公司、國際票券金融股份有限公司、國票綜合證券股份有限公司、國票證券投資顧問股份有限公司、國票期貨股份有限公司、國票證創業投資股份有限公司、國票創業投資股份有限公司、國旺國際融資租賃有限公司、IBF Financial Holding Co., Ltd.，共計48個據點。",56.402,"涵蓋包含合併財務報表之母子公司，包括國票金融控股公司、國際票券金融股份有限公司、國票綜合證券股份有限公司、國票證券投資顧問股份有限公司、國票期貨股份有限公司、國票證創業投資股份有限公司、國票創業投資股份有限公司、國旺國際融資租賃有限公司、IBF Financial Holding Co., Ltd.，共計48個據點。",0.01,佰萬元淨收益,ISO 14001
2890,永豐金,0,金控及旗下5家主要子公司（永豐銀行、永豐金證券、永豐投信、永豐金租賃、永豐創業投資） 之國內所有營運據點納入統計範疇。,579.77,金控及旗下5家主要子公司（永豐銀行、永豐金證券、永豐投信、永豐金租賃、永豐創業投資） 之國內所有營運據點納入統計範疇。,579.77,金控及旗下5家主要子公司（永豐銀行、永豐金證券、永豐投信、永豐金租賃、永豐創業投資） 之國內所有營運據點納入統計範疇。,0.0667,每人,AA1000 ASv3第二類型高度保證等級
2891,中信金,N/A,中信銀行全據點及各子公司之總部,N/A,中信銀行全據點及各子公司之總部,"1,317.00",中信銀行全據點及各子公司之總部,0.098,人,ISO14064-1:2018
2892,第一金,N/A,國內全數營運據點,N/A,國內全數營運據點,279,國內全數營運據點,0.029,員工人數,ISO 14001
2897,王道銀行,0,母公司全球營運據點,54.09,母公司全球營運據點,54.09,母公司全球營運據點,0.05,每人,ISO 14001
2901,欣欣,0,111年度總廢棄物產出量,185.62,111年度總廢棄物產出量,185.62,111年度總廢棄物產出量,0.27,百萬元營業額,N
2903,遠百,N/A,僅母公司,N/A,僅母公司,"8,316.00",僅母公司,14.58,億元營業額,N
2904,匯僑,N/A,臺中港&#11972;&#12038;及&#11972;五槽區,N/A,臺中港&#11972;&#12038;及&#11972;五槽區,39.22,臺中港&#11972;&#12038;及&#11972;五槽區,N/A,N/A,N
2905,三商,N/A,N/A,N/A,N/A,N/A,N/A,N/A,N/A,N
2906,高林,N/A,N/A,N/A,N/A,N/A,N/A,N/A,N/A,N
2908,特力,N/A,特&#12050;(股)總部及楊梅物流中&#12092;,N/A,特&#12050;(股)總部及楊梅物流中&#12092;,467.734,特&#12050;(股)總部及楊梅物流中&#12092;,0.031,百萬營收,N
2910,統領,N/A,N/A,N/A,N/A,N/A,N/A,N/A,N/A,N
2911,麗嬰房,N/A,N/A,N/A,N/A,N/A,N/A,N/A,N/A,N
2912,統一超,N/A,"實際統計包含總部大樓及1,110家門市、推估值包含9處區辦公室及5,521家門市。",N/A,"實際統計包含總部大樓及1,110家門市、推估值包含9處區辦公室及5,521家門市。","43,992.12","實際統計包含總部大樓及1,110家門市、推估值包含9處區辦公室及5,521家門市。",5.8,門市數,AA1000 type2
2913,農林,N/A,N/A,N/A,N/A,N/A,N/A,N/A,N/A,N
2915,潤泰全,N/A,N/A,N/A,N/A,N/A,N/A,N/A,N/A,N
2923,鼎固-KY,N/A,包含上海打浦橋日月光中心、上海嘉定日月光中心、上海御華山以及重慶日月光中心，共計四據點。,N/A,包含上海打浦橋日月光中心、上海嘉定日月光中心、上海御華山以及重慶日月光中心，共計四據點。,"23,410.30",包含上海打浦橋日月光中心、上海嘉定日月光中心、上海御華山以及重慶日月光中心，共計四據點。,0.2539,新台幣十萬元營收,N
2929,淘帝-KY,N/A,N/A,N/A,N/A,N/A,N/A,N/A,N/A,N
2939,永邑-KY,N/A,N/A,N/A,N/A,N/A,N/A,N/A,N/A,N
2945,三商家購,N/A,物流部紙箱回收數據,N/A,物流部紙箱回收數據,330,物流部紙箱回收數據,N/A,N/A,N
3002,歐格,0,母公司,4.35,母公司,4.35,母公司,0.0086,百萬元營業額,N
3003,健和興,N/A,僅母公司,N/A,僅母公司,167.49,僅母公司,0,產品,ISO 14001
3004,豐達科,169.38,僅母公司,242.65,僅母公司,412.03,僅母公司,0.18,百萬元營業額,ISO9001、ISO14001
3005,神基,"1,449.42",涵蓋神基投控暨其八家子公司,"4,097.83",涵蓋神基投控暨其八家子公司,"5,547.25",涵蓋神基投控暨其八家子公司,5.0875,百萬元營業額,GRI Standards依循選項與AA 1000 ASv3 Type1 中度保證等級的要求
3006,晶豪科,0.4695,母公司,19.57,母公司,20.0395,母公司,0.0012,百萬元營業額,N
3008,大立光,33,母公司,"3,284.00",母公司,"3,317.00",母公司,0.07,百萬元營業額,N
3010,華立,N/A,僅母公司,N/A,僅母公司,108.04,僅母公司,N/A,N/A,N
3011,今皓,N/A,N/A,N/A,N/A,N/A,N/A,N/A,N/A,N
3013,晟銘電,99,包含合併財務報表之母子公司,"2,251.00",包含合併財務報表之母子公司,"2,350.00",包含合併財務報表之母子公司,N/A,N/A,N
3014,聯陽,1.96,母公司,19.84,母公司,21.8,母公司,0.0042,百萬元營業額,N
3015,全漢,56.435,母公司與部分子公司,427.43,母公司與部分子公司,483.865,母公司與部分子公司,0.032,百萬元營業額,N
3016,嘉晶,5.2,僅母公司,174.45,僅母公司,179.65,僅母公司,N/A,N/A,ISO 14001
3017,奇鋐,445.68,台灣高雄、深圳奇宏/興奇宏、東莞明鑫/興奇宏、成都奇宏、武漢奇宏/興奇宏、嘉善萬順達 &#160;、越南,"7,947.34",台灣高雄、深圳奇宏/興奇宏、東莞明鑫/興奇宏、成都奇宏、武漢奇宏/興奇宏、嘉善萬順達 &#160;、越南,"8,393.02",台灣高雄、深圳奇宏/興奇宏、東莞明鑫/興奇宏、成都奇宏、武漢奇宏/興奇宏、嘉善萬順達 &#160;、越南,0.1498,廢棄物總量：8393.016噸 / 56016.554TWD'M=0.1498,N
3018,隆銘綠能,N/A,N/A,N/A,N/A,N/A,N/A,N/A,N/A,N
3019,亞光,N/A,N/A,N/A,N/A,N/A,N/A,N/A,N/A,N
3021,鴻名,N/A,N/A,N/A,N/A,N/A,N/A,N/A,N/A,N
3022,威強電,1.1,僅母公司,0,僅母公司,1.1,僅母公司,0.0002,百萬元營業額,N
3023,信邦,112.84,集團100%持股之11個據點,"1,150.66",集團100%持股之11個據點,"1,263.50",集團100%持股之11個據點,0.0037,"112.8400(公噸)/30,574.800 (新台幣百萬元,2022年營收)= 0.0037",ISO 14001
3024,憶聲,N/A,N/A,N/A,N/A,N/A,N/A,N/A,N/A,N
3025,星通,N/A,N/A,N/A,N/A,N/A,N/A,N/A,N/A,N
3026,禾伸堂,379.3,母公司,591.58,母公司,970.88,母公司,0.06,產品,ISO 14001
3027,盛達,N/A,僅母公司,N/A,僅母公司,8.45,僅母公司,N/A,N/A,N
3028,增你強,N/A,範圍包含台灣區內湖總部辦公室,N/A,範圍包含台灣區內湖總部辦公室,28.5,範圍包含台灣區內湖總部辦公室,0.0015,百萬元營業額,N
3029,零壹,N/A,N/A,N/A,N/A,N/A,N/A,N/A,N/A,N
3030,德律,0,母公司,114.5475,母公司,114.5475,母公司,0.0391,產品,TUV:ISO 9001
3031,佰鴻,N/A,N/A,N/A,N/A,N/A,N/A,N/A,N/A,N
3032,偉訓,N/A,N/A,N/A,N/A,N/A,N/A,N/A,N/A,N
3033,威健,N/A,威健在台灣營運據點為主（臺北內湖總公司、內湖倉儲中心、桃園倉儲中心及中南部聯絡處(新竹、臺中及高雄),N/A,威健在台灣營運據點為主（臺北內湖總公司、內湖倉儲中心、桃園倉儲中心及中南部聯絡處(新竹、臺中及高雄),97.89,威健在台灣營運據點為主（臺北內湖總公司、內湖倉儲中心、桃園倉儲中心及中南部聯絡處(新竹、臺中及高雄),0.0034,百萬元營業額,N
3034,聯詠,0,母公司,372.33,母公司,372.33,母公司,0.0034,百萬元營業額,N
3035,智原,1.54,母公司,22.98,母公司,24.52,母公司,0.002,百萬元營業額,N
3036,文曄,0,包含合併財務報表母子公司之台灣各營運據點，並新增香港及新加坡物流中心。,143.6,包含合併財務報表母子公司之台灣各營運據點，並新增香港及新加坡物流中心。,143.6,包含合併財務報表母子公司之台灣各營運據點，並新增香港及新加坡物流中心。,0.0036,樓地板面積(平方公尺),N
3037,欣興,N/A,母公司及部份子公司,N/A,母公司及部份子公司,"121,125.00",母公司及部份子公司,0.86,百萬元營業額,ISO 14001
3038,全台,32,母公司及東莞廠,211,母公司及東莞廠,243,母公司及東莞廠,0.022,PCS,N
3040,遠見,0,母公司,500,母公司,500,母公司,N/A,N/A,N
3041,揚智,0,僅母公司,34,僅母公司,34,僅母公司,0.0008,產品,N
3042,晶技,237.69,台灣晶技平鎮廠,115.1,台灣晶技平鎮廠,352.79,台灣晶技平鎮廠,0.0333,以個體營收計算，單位：新台幣百萬元,ISO 14001
3043,科風,N/A,N/A,N/A,N/A,N/A,N/A,N/A,N/A,N
3044,健鼎,"114,859.00",健鼎-平鎮/無錫/湖北廠區,"35,516.00",健鼎-平鎮/無錫/湖北廠區,"150,375.00",健鼎-平鎮/無錫/湖北廠區,0.0023,百萬元營業額,"由UL驗證的Zero Waste to Landfill Platinum Operations零填埋白金等級認證,詳見我司官網www.tripod-tech.com"
3045,台灣大,0,2022,"1,503.42",2022,"1,503.42",2022,0,千元營業額,依中華民國會計研究發展基金會確信準則公報第3000 號「非屬歷史性財務資訊查核或核閱之確信案件」進行有限確信
3046,建,N/A,含合併財務報表之母子公司,N/A,含合併財務報表之母子公司,1.79,含合併財務報表之母子公司,0,百萬元營業額,N
3047,訊舟,0,僅母公司,128,僅母公司,128,僅母公司,0.032,百萬元營業額,N
3049,精金,N/A,母公司(南科廠),N/A,母公司(南科廠),"1,600.43",母公司(南科廠),0,0.00000067公噸 ／營業額仟元,N
3050,鈺德,213,僅母公司,18,僅母公司,231,僅母公司,N/A,N/A,ISO 14001
3051,力特,0,母公司,568.6,母公司,568.6,母公司,0.1929,百萬元營業額,ISO 14001
3052,夆典,N/A,總部辦公處所(新北市中和區新民街112號4樓),N/A,總部辦公處所(新北市中和區新民街112號4樓),0.799,總部辦公處所(新北市中和區新民街112號4樓),0.0009,營業額以百萬計,N
3054,立萬利,N/A,N/A,N/A,N/A,N/A,N/A,N/A,N/A,N
3055,蔚華科,N/A,N/A,N/A,N/A,N/A,N/A,N/A,N/A,N
3056,富華新,0,資料涵蓋母公司及子公司總太營造,7,資料涵蓋母公司及子公司總太營造,7,資料涵蓋母公司及子公司總太營造,N/A,N/A,N
3057,喬鼎,N/A,母公司,N/A,母公司,264.86,母公司,0.3312,百萬元營業額,N
3058,立德,N/A,N/A,N/A,N/A,N/A,N/A,N/A,N/A,N
3059,華晶科,N/A,母公司,N/A,母公司,32,母公司,N/A,N/A,N
3060,銘異,0,僅母公司桃園市龜山區範疇,10.6,僅母公司桃園市龜山區範疇,10.6,僅母公司桃園市龜山區範疇,10.6,產品,ISO 14001
3062,建漢,N/A,111/1~111/12,N/A,111/1~111/12,13.7,111/1~111/12,N/A,N/A,N
3090,日電貿,N/A,母公司(新店廠辦),N/A,母公司(新店廠辦),4.59,母公司(新店廠辦),N/A,N/A,N
3092,鴻碩,N/A,合併財務報表之重要子公司-鴻碩蘇州公司,N/A,合併財務報表之重要子公司-鴻碩蘇州公司,60.738,合併財務報表之重要子公司-鴻碩蘇州公司,0.0181,百萬元營業額,ISO 14001
3094,聯傑,N/A,母公司,N/A,母公司,7.221,母公司,0.0244,百萬元營業額,N
3130,一零四,N/A,包含新店總公司,N/A,包含新店總公司,30.73,包含新店總公司,0.042,員工人數,N
3138,耀登,N/A,僅母公司,N/A,僅母公司,"6,231.00",僅母公司,54,人,N
3149,正達,N/A,母公司,N/A,母公司,822.588,母公司,0.9821,百萬元營業額,ISO 14001
3164,景岳,N/A,"111年各月廢棄物總量(噸)
1月 6.4868
2月 4.2431
3月 9.2432
4月 11.1161
5月 7.5909
6月 4.0356
7月 3.4818
8月 4.2329
9月 0.5639
10月 0.6305
11月 4.2457
12月 8.6286",N/A,"111年各月廢棄物總量(噸)
1月 6.4868
2月 4.2431
3月 9.2432
4月 11.1161
5月 7.5909
6月 4.0356
7月 3.4818
8月 4.2329
9月 0.5639
10月 0.6305
11月 4.2457
12月 8.6286",64.4991,"111年各月廢棄物總量(噸)
1月 6.4868
2月 4.2431
3月 9.2432
4月 11.1161
5月 7.5909
6月 4.0356
7月 3.4818
8月 4.2329
9月 0.5639
10月 0.6305
11月 4.2457
12月 8.6286",2.6103,產品,N
3167,大量,0,僅母公司,60.9,僅母公司,60.9,僅母公司,N/A,N/A,N
3189,景碩,"8,522.30",母公司,"5,081.59",母公司,"13,603.89",母公司,0.004,產品,N
3209,全科,N/A,僅包含母公司的台灣總部、各點辦公室及物流倉儲。,N/A,僅包含母公司的台灣總部、各點辦公室及物流倉儲。,50.63,僅包含母公司的台灣總部、各點辦公室及物流倉儲。,0.0008,百萬元營業額,N
3229,晟鈦,58,合併財務報表之母子公司,78,合併財務報表之母子公司,136,合併財務報表之母子公司,0.17,百萬元營業額,ISO 14001
3231,緯創,"1,205.56",母公司及全球主要營運與製造廠區(昆山廠、泰州廠、中山廠、重慶廠、成都廠、墨西哥廠、捷克廠、昆山光電廠及馬來西亞廠),"39,097.73",母公司及全球主要營運與製造廠區(昆山廠、泰州廠、中山廠、重慶廠、成都廠、墨西哥廠、捷克廠、昆山光電廠及馬來西亞廠),"40,303.30",母公司及全球主要營運與製造廠區(昆山廠、泰州廠、中山廠、重慶廠、成都廠、墨西哥廠、捷克廠、昆山光電廠及馬來西亞廠),0.0442,百萬元營業額,ISO 14001
3257,虹冠電,0,下腳料及其他廢棄材料,2.378,下腳料及其他廢棄材料,2.378,下腳料及其他廢棄材料,0.0047,百萬元營業額,N
3266,昇陽,N/A,僅母公司,N/A,僅母公司,"18,924.00",僅母公司,0.28,員工人數67人,N
3296,勝德,N/A,N/A,N/A,N/A,N/A,N/A,N/A,N/A,N
3305,昇貿,N/A,營運控制法,N/A,營運控制法,38.8,營運控制法,1.1275,公噸/千元營業額,ISO 14001
3308,聯德,N/A,N/A,N/A,N/A,N/A,N/A,N/A,N/A,N
3311,閎暉,14.8211,本公司之子公司(旭榮電子(深圳)有限公司),23.313,本公司之子公司(旭榮電子(深圳)有限公司),38.1341,本公司之子公司(旭榮電子(深圳)有限公司),0.1904,新台幣百萬元營業額,N
3312,弘憶股,N/A,N/A,N/A,N/A,N/A,N/A,N/A,N/A,N
3321,同泰,179.15,母公司,311.9,母公司,491.05,母公司,0.0051,產品,N
3338,泰碩,N/A,N/A,N/A,N/A,N/A,N/A,N/A,N/A,N
3346,麗清,2.5238,母公司,19.9952,母公司,22.519,母公司,N/A,N/A,ISO 14001
3356,奇偶,N/A,N/A,N/A,N/A,N/A,N/A,N/A,N/A,N
3376,新日興,100.85,僅母公司,691.19,僅母公司,792.04,僅母公司,0.91,十萬元營收,N
3380,明泰,N/A,明泰科技新竹廠,N/A,明泰科技新竹廠,81.737,明泰科技新竹廠,0.004,百萬元營業額,N
3406,玉晶光,0,母公司,175.97,母公司,175.97,母公司,175.97,百萬元營業額,N
3413,京鼎,20.95,僅母公司,866.15,僅母公司,887.1,僅母公司,0.0597,百萬元營業額,ISO 14001
3416,融程電,0.3323,僅母公司,24.6,僅母公司,24.9323,僅母公司,N/A,N/A,N
3419,譁裕,0,僅母公司,54,僅母公司,54,僅母公司,N/A,N/A,N
3432,台端,N/A,N/A,N/A,N/A,N/A,N/A,N/A,N/A,N
3437,榮創,4.26,僅母公司,78.71,僅母公司,82.97,僅母公司,0.038,百萬元營業額,ISO 14001
3443,創意,1.036,新竹總部,1.54,新竹總部,2.576,新竹總部,0.0001,百萬元營業額,N
3447,展達,N/A,包含合併財務報表之母子公司,N/A,包含合併財務報表之母子公司,267,包含合併財務報表之母子公司,0.0445,百萬元營業額,ISO 14001
3450,聯鈞,N/A,母公司,N/A,母公司,35.426,母公司,N/A,N/A,N
3454,晶睿,0,168+192,32.37,168+192,32.37,168+192,N/A,N/A,N
3481,群創,"20,639.00",台灣母公司與大陸生產據點子公司的廢棄物總量,"53,096.00",台灣母公司與大陸生產據點子公司的廢棄物總量,"73,735.00",台灣母公司與大陸生產據點子公司的廢棄物總量,0.3296,百萬元營業額,ISO 14001
3494,誠研,N/A,包含合併財務報表之母子公司,N/A,包含合併財務報表之母子公司,1.2,包含合併財務報表之母子公司,N/A,N/A,N
3501,維熹,6.27,合併財務報表之母子公司(不含美日子公司),90.42,合併財務報表之母子公司(不含美日子公司),96.69,合併財務報表之母子公司(不含美日子公司),0.016,百萬元營業額,N
3504,揚明光,N/A,僅母公司,N/A,僅母公司,81,僅母公司,N/A,N/A,N
3515,華擎,N/A,母公司,N/A,母公司,7.369,母公司,0.0236,員工人均廢棄物量,N
3518,柏騰,N/A,N/A,N/A,N/A,N/A,N/A,N/A,N/A,N
3528,安馳,N/A,N/A,N/A,N/A,N/A,N/A,N/A,N/A,N
3530,晶相光,N/A,N/A,N/A,N/A,N/A,N/A,N/A,N/A,N
3532,台勝科,1.96,僅母公司,"9,305.55",僅母公司,"9,307.51",僅母公司,0.568,百萬元營業額,N
3533,嘉澤,N/A,本公司及廣州、蘇州、中山子公司,N/A,本公司及廣州、蘇州、中山子公司,"12,710.08",本公司及廣州、蘇州、中山子公司,0.47,百萬元營業額,N
3535,晶彩科,0,僅母公司,22.2,僅母公司,22.2,僅母公司,0.0152,百萬元營業額,N
3543,州巧,N/A,N/A,N/A,N/A,N/A,N/A,N/A,N/A,N
3545,敦泰,N/A,台灣地區,N/A,台灣地區,3.47,台灣地區,0.0003,百萬元營業額,N
3550,聯穎,N/A,N/A,N/A,N/A,N/A,N/A,N/A,N/A,N
3557,嘉威,N/A,N/A,N/A,N/A,N/A,N/A,N/A,N/A,N
3563,牧德,0,牧德科技股份有限公司,10,牧德科技股份有限公司,10,牧德科技股份有限公司,0.0048,百萬元營業額,N
3576,聯合再生,"1,352.40",母公司(竹科廠、竹南廠及台南廠),"2,414.00",母公司(竹科廠、竹南廠及台南廠),"3,766.40",母公司(竹科廠、竹南廠及台南廠),0.23,百萬元營業額,N
3583,辛耘,N/A,新竹縣湖口鄉中華路16號,N/A,新竹縣湖口鄉中華路16號,314.45,新竹縣湖口鄉中華路16號,N/A,N/A,N
3588,通嘉,0.68,母公司(竹北及板橋office),2.4,母公司(竹北及板橋office),3.08,母公司(竹北及板橋office),0.002,百萬元營業額,N
3591,艾笛森,0.72,艾笛森中和所有廠區及子公司艾特中和廠區,7.19,艾笛森中和所有廠區及子公司艾特中和廠區,7.91,艾笛森中和所有廠區及子公司艾特中和廠區,0.025,百萬元營業額,N
3592,瑞鼎,N/A,母公司-瑞鼎科技,N/A,母公司-瑞鼎科技,32.55,母公司-瑞鼎科技,0.0014,百萬元營業額,ISO 14001
3593,力銘,N/A,N/A,N/A,N/A,N/A,N/A,N/A,N/A,N
3596,智易,121.462,台灣總部、中國生產中心及越南生產中心,990.84,台灣總部、中國生產中心及越南生產中心,"1,112.30",台灣總部、中國生產中心及越南生產中心,0.024,百萬元營業額,N
3605,宏致,2.4595,此數據是上環保局網站申報的資料,20.4,此數據是上環保局網站申報的資料,22.8595,此數據是上環保局網站申報的資料,N/A,N/A,N
3607,谷崧,N/A,N/A,N/A,N/A,N/A,N/A,N/A,N/A,N
3617,碩天,0,僅母公司（碩天科技台北總部與台南工廠）,21.718,僅母公司（碩天科技台北總部與台南工廠）,21.718,僅母公司（碩天科技台北總部與台南工廠）,N/A,N/A,ISO 14064-1
3622,洋華,3.14,母公司,45.297,母公司,48.437,母公司,31.3305,百萬元營業額,N
3645,達邁,8.34,母公司,"11,668.12",母公司,"11,676.46",母公司,6.4321,百萬元營業額,ISO 14001
3652,精聯,0,僅母公司之文件紙張銷毀量及電子廢棄物數量,5.35,僅母公司之文件紙張銷毀量及電子廢棄物數量,5.35,僅母公司之文件紙張銷毀量及電子廢棄物數量,0.2857,億營業額,N
3653,健策,749,母公司,676,母公司,"1,425.00",母公司,0.14,百萬元營業額,ISO 14001
3661,世芯-KY,N/A,新竹辦公室,N/A,新竹辦公室,1.3453,新竹辦公室,N/A,N/A,N
3665,貿聯-KY,802.7,涵蓋集團33個生產據點: 昆山貿聯廠、昆山翔光廠、常州廠、常州BCNC廠、深圳通盈廠、翔耀廠、康聯廠、廈門新視廠、百事聯廠、佛山城鉞廠、新加 坡加冷廠、馬來西亞柔佛廠、馬來西亞檳城廠、加州廠、密西根廠、德州廠、墨西哥廠、加拿大廠、塞爾維亞廠、斯洛伐克廠、德國廠、法國廠、捷克廠、義大利廠等。,"6,470.20",涵蓋集團33個生產據點: 昆山貿聯廠、昆山翔光廠、常州廠、常州BCNC廠、深圳通盈廠、翔耀廠、康聯廠、廈門新視廠、百事聯廠、佛山城鉞廠、新加 坡加冷廠、馬來西亞柔佛廠、馬來西亞檳城廠、加州廠、密西根廠、德州廠、墨西哥廠、加拿大廠、塞爾維亞廠、斯洛伐克廠、德國廠、法國廠、捷克廠、義大利廠等。,"7,272.90",涵蓋集團33個生產據點: 昆山貿聯廠、昆山翔光廠、常州廠、常州BCNC廠、深圳通盈廠、翔耀廠、康聯廠、廈門新視廠、百事聯廠、佛山城鉞廠、新加 坡加冷廠、馬來西亞柔佛廠、馬來西亞檳城廠、加州廠、密西根廠、德州廠、墨西哥廠、加拿大廠、塞爾維亞廠、斯洛伐克廠、德國廠、法國廠、捷克廠、義大利廠等。,N/A,N/A,N
3669,圓展,6.9,母公司,96.15,母公司,103.05,母公司,0.0342,百萬元營業額,ISO 14001
3673,TPK-KY,355.09,包含合併財務報表之母子公司,"7,748.37",包含合併財務報表之母子公司,"8,103.46",包含合併財務報表之母子公司,0.0001,千元營業額,ISO 14001
3679,新至陞,0,111.01~111.12,16.3824,111.01~111.12,16.3824,111.01~111.12,0.0145,百萬元營業額,ISO 14001
3686,達能,0,包含合併財務報表之母子公司,0.0106,包含合併財務報表之母子公司,0.0106,包含合併財務報表之母子公司,0.0002,百萬元營業額,N
3694,海華,10.949,上海子公司廠區,92.3,上海子公司廠區,103.249,上海子公司廠區,N/A,N/A,N
3701,大眾控,N/A,N/A,N/A,N/A,N/A,N/A,N/A,N/A,N
3702,大聯大,N/A,"台灣地區統計範圍包含台北總部及林口倉庫，
海外地區統計範圍包含中國地區部份辦公室及香港、東莞倉庫",N/A,"台灣地區統計範圍包含台北總部及林口倉庫，
海外地區統計範圍包含中國地區部份辦公室及香港、東莞倉庫",225.82,"台灣地區統計範圍包含台北總部及林口倉庫，
海外地區統計範圍包含中國地區部份辦公室及香港、東莞倉庫",0.06,各據點員工合計數,依照確信準則3000號「非屬歷史性財務資訊查核或核閱之確信案件」進行有限確信驗證，指標揭露內容參照GRI 306-3
3703,欣陸,N/A,母公司及主要營運子公司,N/A,母公司及主要營運子公司,"33,513.30",母公司及主要營運子公司,1.0425,百萬元營業額,ISO 14001，驗證範圍：鳳山、安平及淡水水資源回收中心
3704,合勤控,25.26,合勤投資控股股份有限公司、盟創科技股份有限公司、合勤科技股份有限公司、兆勤科技股份有限公司,674.84,合勤投資控股股份有限公司、盟創科技股份有限公司、合勤科技股份有限公司、兆勤科技股份有限公司,700.1,合勤投資控股股份有限公司、盟創科技股份有限公司、合勤科技股份有限公司、兆勤科技股份有限公司,0.03,百萬元營業額,ISO 14001
3705,永信,N/A,N/A,N/A,N/A,N/A,N/A,N/A,N/A,N
3706,神達,140.65,合併財務報表之母子公司，含台灣營運、研發中心及廠區；中國主要生產據點：廣東順達廠區/江蘇昆達廠區/江蘇璽達廠區；美國加州組裝廠區：MiTAC Information SystemsCorp.,"2,502.46",合併財務報表之母子公司，含台灣營運、研發中心及廠區；中國主要生產據點：廣東順達廠區/江蘇昆達廠區/江蘇璽達廠區；美國加州組裝廠區：MiTAC Information SystemsCorp.,"2,643.11",合併財務報表之母子公司，含台灣營運、研發中心及廠區；中國主要生產據點：廣東順達廠區/江蘇昆達廠區/江蘇璽達廠區；美國加州組裝廠區：MiTAC Information SystemsCorp.,0.0553,百萬元營業額,N
3708,上緯投控,117.41,上緯興業股份有限公司、上偉碳纖複合材料股份有限公司、磁震科技開發股份有限公司,373.76,上緯興業股份有限公司、上偉碳纖複合材料股份有限公司、磁震科技開發股份有限公司,491.17,上緯興業股份有限公司、上偉碳纖複合材料股份有限公司、磁震科技開發股份有限公司,0.15,百萬元營業額,ISO 14001
3711,日月光投控,"25,418.89",日月光半導體製造股份有限公司(高雄廠、中壢廠、無錫廠、上海材料廠、上海月芯半導體、日本廠、韓國廠、 新加坡廠、馬來西亞廠、ISE Labs)、矽品精密工業股份有限公司(大豐廠、中山廠、中科廠、新竹廠、彰化廠、中工廠、蘇州廠)、環電股份有限公司(南投廠、張江廠、昆山廠、金橋廠、惠州廠、墨西哥廠),"49,972.38",日月光半導體製造股份有限公司(高雄廠、中壢廠、無錫廠、上海材料廠、上海月芯半導體、日本廠、韓國廠、 新加坡廠、馬來西亞廠、ISE Labs)、矽品精密工業股份有限公司(大豐廠、中山廠、中科廠、新竹廠、彰化廠、中工廠、蘇州廠)、環電股份有限公司(南投廠、張江廠、昆山廠、金橋廠、惠州廠、墨西哥廠),"75,391.27",日月光半導體製造股份有限公司(高雄廠、中壢廠、無錫廠、上海材料廠、上海月芯半導體、日本廠、韓國廠、 新加坡廠、馬來西亞廠、ISE Labs)、矽品精密工業股份有限公司(大豐廠、中山廠、中科廠、新竹廠、彰化廠、中工廠、蘇州廠)、環電股份有限公司(南投廠、張江廠、昆山廠、金橋廠、惠州廠、墨西哥廠),1.164,公斤/千美金營收,ISO14001; GRI; SASB
3712,永崴投控,N/A,母公司,N/A,母公司,0,母公司,0,母公司為控股公司,N
3714,富采,"9,899.04",邊界主要為富采投資控股股份有限公司，且包含旗下主要子公司晶元光電(包含台灣各廠區據點新竹、苗栗、台中與台南)及其下大陸子公司晶品光電(常州)、晶宇光電(廈門)及江蘇璨揚光電，隆達電子及其大陸子公司達亮電子與晶成半導體,"2,105.63",邊界主要為富采投資控股股份有限公司，且包含旗下主要子公司晶元光電(包含台灣各廠區據點新竹、苗栗、台中與台南)及其下大陸子公司晶品光電(常州)、晶宇光電(廈門)及江蘇璨揚光電，隆達電子及其大陸子公司達亮電子與晶成半導體,"12,004.67",邊界主要為富采投資控股股份有限公司，且包含旗下主要子公司晶元光電(包含台灣各廠區據點新竹、苗栗、台中與台南)及其下大陸子公司晶品光電(常州)、晶宇光電(廈門)及江蘇璨揚光電，隆達電子及其大陸子公司達亮電子與晶成半導體,N/A,N/A,N
3715,定穎投控,"41,560.00",資料涵蓋範圍包含合併財務報表之母子公司,"11,689.00",資料涵蓋範圍包含合併財務報表之母子公司,"53,249.00",資料涵蓋範圍包含合併財務報表之母子公司,3.481,百萬元營業額,ISO 14001
4104,佳醫,0,僅母公司,18.946,僅母公司,18.946,僅母公司,0,仟元營業額,N
4106,雃博,0,"僅母公司(即土城廠區),因製程改變故已無有害廢棄物產生。",67.675,"僅母公司(即土城廠區),因製程改變故已無有害廢棄物產生。",67.675,"僅母公司(即土城廠區),因製程改變故已無有害廢棄物產生。",0.0536,百萬元營業額,N
4108,懷特,0,台北公司及楊梅精製廠,6,台北公司及楊梅精製廠,6,台北公司及楊梅精製廠,N/A,N/A,N
4119,旭富,493.69,包含合併財務報表之母子公司,"2,277.27",包含合併財務報表之母子公司,"2,770.96",包含合併財務報表之母子公司,0.0071,產品,N
4133,亞諾法,N/A,資料涵蓋範圍僅母公司。,N/A,資料涵蓋範圍僅母公司。,5.74,資料涵蓋範圍僅母公司。,N/A,N/A,N
4137,麗豐-KY,N/A,子公司微碩(上海)日用品有限公司,N/A,子公司微碩(上海)日用品有限公司,46.277,子公司微碩(上海)日用品有限公司,N/A,N/A,N
4142,國光生,N/A,僅母公司,N/A,僅母公司,531.1527,僅母公司,0.2359,百萬元營業額,ISO 14001
4148,全宇生技-KY,N/A,N/A,N/A,N/A,N/A,N/A,N/A,N/A,N
4155,訊映,N/A,N/A,N/A,N/A,N/A,N/A,N/A,N/A,N
4164,承業醫,N/A,包含合併財務報表之母子公司,N/A,包含合併財務報表之母子公司,6.364,包含合併財務報表之母子公司,0.002,百萬元營業額,N
4190,佐登-KY,0.3491,"台灣子公司:有害0.0171公噸/非有害40.6公噸
廣州子公司:有害0.332公噸/非有害3.31公噸",43.91,"台灣子公司:有害0.0171公噸/非有害40.6公噸
廣州子公司:有害0.332公噸/非有害3.31公噸",44.2591,"台灣子公司:有害0.0171公噸/非有害40.6公噸
廣州子公司:有害0.332公噸/非有害3.31公噸",N/A,N/A,N
4306,炎洲,N/A,台灣廠區,N/A,台灣廠區,"12,397.91",台灣廠區,0.84,百萬元營業額,N
4414,如興,12.602,中國常州廠區與柬埔寨廠區,635.51,中國常州廠區與柬埔寨廠區,648.112,中國常州廠區與柬埔寨廠區,N/A,N/A,N
4426,利勤,0,2022年1-12月輸入能源分析,483.41,2022年1-12月輸入能源分析,483.41,2022年1-12月輸入能源分析,0.1305,產品,ISO 14001
4438,廣越,N/A,N/A,N/A,N/A,N/A,N/A,N/A,N/A,N
4439,冠星-KY,"4,013.80",TOP SPORTS TEXTILE LTD.,"1,031.82",TOP SPORTS TEXTILE LTD.,"5,045.62",TOP SPORTS TEXTILE LTD.,0.3097,產品,EMeRet
4440,宜新實業,0,垃圾-彰化廠/台北辦公室/宿舍,44.659,垃圾-彰化廠/台北辦公室/宿舍,44.659,垃圾-彰化廠/台北辦公室/宿舍,N/A,N/A,N
4526,東台,0,東台精機股份有限公司第一廠,66.83,東台精機股份有限公司第一廠,66.83,東台精機股份有限公司第一廠,0.0093,產品,N
4532,瑞智,0,僅母公司,357.2,僅母公司,357.2,僅母公司,0.04,百萬元營業額,N
4536,拓凱,2,本公司,124,本公司,126,本公司,N/A,N/A,N
4540,全球傳動,0,111年度,133.529,111年度,133.529,111年度,3.9,百萬元營業額,N
4545,銘鈺,176,母公司,280,母公司,456,母公司,0.38,百萬元營業額,N
4551,智伸科,583.48,包含合併財務報表之母子公司,"1,648.99",包含合併財務報表之母子公司,"2,232.47",包含合併財務報表之母子公司,0,產品,ISO 14001
4552,力達-KY,N/A,N/A,N/A,N/A,N/A,N/A,N/A,N/A,N
4555,氣立,0,僅母公司,35,僅母公司,35,僅母公司,0.0539,百萬元營業額,ISO 9001 及 ISO14001
4557,永新-KY,N/A,N/A,N/A,N/A,N/A,N/A,N/A,N/A,N
4560,強信-KY,N/A,N/A,N/A,N/A,N/A,N/A,N/A,N/A,N
4562,穎漢,0,111年度,20.3,111年度,20.3,111年度,N/A,N/A,N
4564,元翎,7.26,本公司及重要子公司,394.84,本公司及重要子公司,402.1,本公司及重要子公司,N/A,N/A,N
4566,時碩工業,N/A,母公司,N/A,母公司,358.637,母公司,0.1549,百萬元營業額,ISO 14064-1
4571,鈞興-KY,65.752,主要生產子公司珠海鈞興及越南鈞興,601.4,主要生產子公司珠海鈞興及越南鈞興,667.152,主要生產子公司珠海鈞興及越南鈞興,0.0003,千元營業額,N
4572,駐龍,0,合併財務報表之母子公司,20.68,合併財務報表之母子公司,20.68,合併財務報表之母子公司,0.03,百萬元營業額,N
4576,大銀微系統,0.88,母公司之總部及二廠,281.31,母公司之總部及二廠,282.19,母公司之總部及二廠,0.2052,千小時總經歷工時,ISO 14001
4581,光隆精密-KY,N/A,包含合併財務報表之母子公司,N/A,包含合併財務報表之母子公司,52.9212,包含合併財務報表之母子公司,0.052,百萬元營業額,N
4583,台灣精銳,N/A,母公司,N/A,母公司,209.21,母公司,0,千元營業額,ISO9001、ISO14001
4720,德淵,26.01,廢棄物量係以母公司計算；排放密集度單位係以合併財務報表百萬營業額計算。,49.87,廢棄物量係以母公司計算；排放密集度單位係以合併財務報表百萬營業額計算。,75.88,廢棄物量係以母公司計算；排放密集度單位係以合併財務報表百萬營業額計算。,0.0208,百萬元營業額,N
4722,國精化,275.11,母公司,"5,333.72",母公司,"5,608.83",母公司,N/A,N/A,ISO 14001
4736,泰博,N/A,N/A,N/A,N/A,N/A,N/A,N/A,N/A,N
4737,華廣,4.8,母公司,57.924,母公司,62.724,母公司,N/A,N/A,N
4739,康普,0,康普集團,480.65,康普集團,480.65,康普集團,N/A,N/A,ISO 14001
4746,台耀,61.04,母公司,"1,093.62",母公司,"1,154.66",母公司,0.3035,百萬元營業額,N
4755,三福化,860.75,僅母公司(善化廠、柳科廠、高雄廠),236.75,僅母公司(善化廠、柳科廠、高雄廠),"1,097.50",僅母公司(善化廠、柳科廠、高雄廠),0.0002,營業額；廢棄物量 / 仟元,ISO 14064-1 溫室氣體盤查標準、確信準則公報第一號
4763,材料-KY,705.63,合併財務報表之母子公司,627.81,合併財務報表之母子公司,"1,333.44",合併財務報表之母子公司,0.0003,營業額(仟元單位),N
4764,雙鍵,4.5633,母公司,51.55,母公司,56.1133,母公司,0.02,百萬元營業額,N
4766,南寶,711,僅母公司,972,僅母公司,"1,683.00",僅母公司,0.27,百萬元營業額,N
4770,上品,0,僅母公司,13.56,僅母公司,13.56,僅母公司,0.0022,百萬元營業額,N
4807,日成-KY,"9,567.00",2022年度,"128,546.00",2022年度,"138,113.00",2022年度,N/A,N/A,N
4904,遠傳,N/A,母公司及新世紀資通、和宇寬頻及全虹等3家子公司,N/A,母公司及新世紀資通、和宇寬頻及全虹等3家子公司,983.97,母公司及新世紀資通、和宇寬頻及全虹等3家子公司,0.01,百萬元營業額,ISAE3000確信標準
4906,正文,78.63,台灣總部、正鵬(昆山)廠、安博(常熟)廠及越南正文廠,"1,262.46",台灣總部、正鵬(昆山)廠、安博(常熟)廠及越南正文廠,"1,341.09",台灣總部、正鵬(昆山)廠、安博(常熟)廠及越南正文廠,0.0001,仟元營業額,ISO 14001
4912,聯德控股-KY,42,重要子公司聯德精密材料(中國)股份有限公司,610,重要子公司聯德精密材料(中國)股份有限公司,652,重要子公司聯德精密材料(中國)股份有限公司,5.2,產品,N
4915,致伸,91.55,致伸科技及子公司東莞東聚、致伸重慶、致伸昆山、惠州迪芬尼、東莞迪芬尼、東城迪芬尼，迪芬尼電聲、致伸泰國、迪芬尼泰國,"2,575.18",致伸科技及子公司東莞東聚、致伸重慶、致伸昆山、惠州迪芬尼、東莞迪芬尼、東城迪芬尼，迪芬尼電聲、致伸泰國、迪芬尼泰國,"2,666.73",致伸科技及子公司東莞東聚、致伸重慶、致伸昆山、惠州迪芬尼、東莞迪芬尼、東城迪芬尼，迪芬尼電聲、致伸泰國、迪芬尼泰國,0.0337,百萬元營業額,ISO 14001
4916,事欣科,N/A,N/A,N/A,N/A,N/A,N/A,N/A,N/A,N
4919,新唐,529,僅母公司,284,僅母公司,813,僅母公司,80,公克/層-晶圓光罩,ISO 14001
4927,泰鼎-KY,"11,807.48",包含合併財務報表之母子公司,"3,986.83",包含合併財務報表之母子公司,"15,794.32",包含合併財務報表之母子公司,1.0595,百萬元營業額,ISO 14001
4930,燦星網,N/A,N/A,N/A,N/A,N/A,N/A,N/A,N/A,N
4934,太極,N/A,越南子公司,N/A,越南子公司,2.84,越南子公司,0.0013,百萬元營業額,ISO 14001
4935,茂林-KY,N/A,N/A,N/A,N/A,N/A,N/A,N/A,N/A,N
4938,和碩,"1,778.43",和碩聯合科技(股)公司、昌碩科技(上海)、世碩電子(昆山)、名碩電腦(蘇州)、康碩電子(蘇州)、凱碩電腦(蘇州)、旭碩科技(重慶)、凱全電子(重慶)、Pegatron Mexico S.A. de C.V.、PEGATRON Czech s.r.o.、PT. PEGATRON TECHNOLOGY INDONESIA、PEGATRON VIETNAM COMPANY LIMITED、PEGATRON TECHNOLOGY HAI PHONG COMPANY LIMITED、PEGATRON TECHNOLOGY INDIA PRIVATE LIMITED,"57,290.27",和碩聯合科技(股)公司、昌碩科技(上海)、世碩電子(昆山)、名碩電腦(蘇州)、康碩電子(蘇州)、凱碩電腦(蘇州)、旭碩科技(重慶)、凱全電子(重慶)、Pegatron Mexico S.A. de C.V.、PEGATRON Czech s.r.o.、PT. PEGATRON TECHNOLOGY INDONESIA、PEGATRON VIETNAM COMPANY LIMITED、PEGATRON TECHNOLOGY HAI PHONG COMPANY LIMITED、PEGATRON TECHNOLOGY INDIA PRIVATE LIMITED,"59,068.70",和碩聯合科技(股)公司、昌碩科技(上海)、世碩電子(昆山)、名碩電腦(蘇州)、康碩電子(蘇州)、凱碩電腦(蘇州)、旭碩科技(重慶)、凱全電子(重慶)、Pegatron Mexico S.A. de C.V.、PEGATRON Czech s.r.o.、PT. PEGATRON TECHNOLOGY INDONESIA、PEGATRON VIETNAM COMPANY LIMITED、PEGATRON TECHNOLOGY HAI PHONG COMPANY LIMITED、PEGATRON TECHNOLOGY INDIA PRIVATE LIMITED,0.045,百萬元營業額,ISO 14001
4942,嘉彰,0,111年度廢棄物量統計,"1,087.02",111年度廢棄物量統計,"1,087.02",111年度廢棄物量統計,0.48,百萬元營業額,N
4943,康控-KY,N/A,N/A,N/A,N/A,N/A,N/A,N/A,N/A,N
4952,凌通,N/A,母公司,N/A,母公司,13.62,母公司,0.0043,百萬元營業額,N
4956,光鋐,186.781,111年01月~111年12月,269.288,111年01月~111年12月,456.069,111年01月~111年12月,N/A,N/A,N
4958,臻鼎-KY,"52,907.00",大陸園區與台灣園區,"27,402.00",大陸園區與台灣園區,"80,309.00",大陸園區與台灣園區,0.47,百萬元營業額,UL2799 Zero Waste to Landfill
4960,誠美材,903,僅母公司,"3,111.00",僅母公司,"4,014.00",僅母公司,0.129,產能(仟米平方),ISO 14001
4961,天鈺,0,天鈺總部篤行據點及新竹公道五據點,61.1,天鈺總部篤行據點及新竹公道五據點,61.1,天鈺總部篤行據點及新竹公道五據點,0.0031,百萬元營業額,AA1000 Type2 中度保證等級
4967,十銓,1.82,涵蓋範圍僅母公司,11.34,涵蓋範圍僅母公司,13.16,涵蓋範圍僅母公司,0.0196,百萬元營業額,N
4968,立積,0.2087,母公司,20.3498,母公司,20.5585,母公司,0.006,百萬元營業額,N
4976,佳凌,N/A,N/A,N/A,N/A,N/A,N/A,N/A,N/A,ISO 14001
4977,眾達-KY,N/A,N/A,N/A,N/A,N/A,N/A,N/A,N/A,N
4989,榮科,626.77,本公司,71.82,本公司,698.59,本公司,0.0672,產量:噸,N
4994,傳奇,N/A,N/A,N/A,N/A,N/A,N/A,N/A,N/A,N
4999,鑫禾,0,母公司,34.2,母公司,34.2,母公司,0.0001,千元營業額,N
5007,三星,0,母公司,450,母公司,450,母公司,0.0705,百萬元營業額,ISO 14001
5203,訊連,N/A,僅母公司台北總部,N/A,僅母公司台北總部,62.8,僅母公司台北總部,0.0446,百萬元營業額,N
5215,科嘉-KY,N/A,N/A,N/A,N/A,N/A,N/A,N/A,N/A,N
5222,全訊,4.535,個別報表所有廠區,24.2926,個別報表所有廠區,28.8276,個別報表所有廠區,0.0278,百萬元營業額,ISO 9001
5225,東科-KY,7.091,東科全集團（不含ScS）,771.4792,東科全集團（不含ScS）,778.5702,東科全集團（不含ScS）,0.0618,百萬元營業額,ISO 14001
5234,達興材料,593,所有生產廠區,219,所有生產廠區,812,所有生產廠區,0.21,百萬元營業額,N
5243,乙盛-KY,N/A,N/A,N/A,N/A,N/A,N/A,N/A,N/A,N
5244,弘凱,N/A,N/A,N/A,N/A,N/A,N/A,N/A,N/A,N
5258,虹堡,N/A,N/A,N/A,N/A,N/A,N/A,N/A,N/A,N
5269,祥碩,N/A,"111/1/1~12/31, 範圍:祥碩總公司辦公室",N/A,"111/1/1~12/31, 範圍:祥碩總公司辦公室",19.8704,"111/1/1~12/31, 範圍:祥碩總公司辦公室",0.379,營業額(億元),N
5283,禾聯碩,N/A,N/A,N/A,N/A,N/A,N/A,N/A,N/A,N
5284,jpp-KY,N/A,經寶精密工業股份有限公司,N/A,經寶精密工業股份有限公司,142.473,經寶精密工業股份有限公司,0.0695,百萬元營業額,Thai Ministrial Regulation
5285,界霖,144.63,界霖科技楠梓廠區,14.51,界霖科技楠梓廠區,159.14,界霖科技楠梓廠區,N/A,N/A,N
5288,豐祥-KY,"5,221.92",主要營運孫公司台灣豐祥及越南VPIC1,"15,410.10",主要營運孫公司台灣豐祥及越南VPIC1,"20,632.02",主要營運孫公司台灣豐祥及越南VPIC1,0.0026,仟元營業額,ISO 14001
5306,桂盟,N/A,母公司及合併財務報表之子公司(桂盟企業),N/A,母公司及合併財務報表之子公司(桂盟企業),176,母公司及合併財務報表之子公司(桂盟企業),0.05,百萬元營業額,N
5388,中磊,40.778,本公司(&#12149;南廠),604.595,本公司(&#12149;南廠),645.373,本公司(&#12149;南廠),0.659,員工人數(&#12149;南廠),N
5434,崇越,N/A,母公司,N/A,母公司,15.92,母公司,0.0005,百萬元營業額,N
5469,瀚宇博,"4,876.66",瀚宇博德股份有限公司,573.963,瀚宇博德股份有限公司,"5,450.62",瀚宇博德股份有限公司,0.0029,產品,N
5471,松翰,N/A,僅母公司,N/A,僅母公司,0.2,僅母公司,0.0001,營業額(新台幣仟元),ISO9001 ISO14001 QC080000
5484,慧友,0,母公司111年存貨報廢的重量,0.15,母公司111年存貨報廢的重量,0.15,母公司111年存貨報廢的重量,0.5102,百萬元營業額,N
5515,建國,N/A,工地,N/A,工地,"15,338.93",工地,N/A,N/A,N
5519,隆大,N/A,N/A,N/A,N/A,N/A,N/A,N/A,N/A,N
5521,工信,N/A,僅母公司,N/A,僅母公司,"109,800.41",僅母公司,23.74,百萬元營業額,N
5522,遠雄,N/A,包含合併財務報表之母子公司,N/A,包含合併財務報表之母子公司,"10,847.21",包含合併財務報表之母子公司,0.4081,百萬元營業額,N
5525,順天,0,母公司,44.8,母公司,44.8,母公司,N/A,N/A,N
5531,鄉林,N/A,N/A,N/A,N/A,N/A,N/A,N/A,N/A,N
5533,皇鼎,N/A,N/A,N/A,N/A,N/A,N/A,N/A,N/A,N
5534,長虹,N/A,N/A,N/A,N/A,N/A,N/A,N/A,N/A,N
5538,東明-KY,N/A,N/A,N/A,N/A,N/A,N/A,N/A,N/A,N
5546,永固-KY,N/A,N/A,N/A,N/A,N/A,N/A,N/A,N/A,N
5607,遠雄港,N/A,N/A,N/A,N/A,N/A,N/A,N/A,N/A,N
5608,四維航,N/A,母子孫公司所屬船舶,N/A,母子孫公司所屬船舶,383.063,母子孫公司所屬船舶,0.5418,廢棄物總量/(海勤船員+辦公室員工人數),N
5706,鳳凰,N/A,N/A,N/A,N/A,N/A,N/A,N/A,N/A,N
5871,中租-KY,N/A,全台灣地區,N/A,全台灣地區,229.63,全台灣地區,N/A,N/A,N
5876,上海商銀,0,僅母公司,264,僅母公司,264,僅母公司,0.0094,百萬元營業額,1.確信準則3000號 2.通過ISO 14001驗證
5880,合庫金,N/A,集團全據點334處,N/A,集團全據點334處,452.61,集團全據點334處,0.0085,佰萬元淨收益,ISO 14064溫室氣體排放盤查
5906,台南-KY,N/A,N/A,N/A,N/A,N/A,N/A,N/A,N/A,N
5907,大洋-KY,N/A,N/A,N/A,N/A,N/A,N/A,N/A,N/A,N
6005,群益證,0,母公司,67.4838,母公司,67.4838,母公司,1.1958,百萬元營業額,N
6024,群益期,0,全台營運據點,2.5042,全台營運據點,2.5042,全台營運據點,0.001,百萬元營業額,N
6108,競國,"1,355.00",本公司,54,本公司,"1,409.00",本公司,0.0015,產品,N
6112,邁達特,N/A,"1. 邁達特數位股份有限公司(台北總部)
2. 啟迪國際資訊股份有限公司(台北總部)
3. 聚上雲股份有限公司",N/A,"1. 邁達特數位股份有限公司(台北總部)
2. 啟迪國際資訊股份有限公司(台北總部)
3. 聚上雲股份有限公司",2.41,"1. 邁達特數位股份有限公司(台北總部)
2. 啟迪國際資訊股份有限公司(台北總部)
3. 聚上雲股份有限公司",0.0002,百萬元營業額,本公司廢棄物量數據經2022永續報告書驗證。
6115,鎰勝,5.913,母公司及海外子公司,"1,919.92",母公司及海外子公司,"1,925.83",母公司及海外子公司,"1,925.83",產品,N
6116,彩晶,"3,929.34",母公司及子公司(南京瀚宇彩欣科技,"7,575.93",母公司及子公司(南京瀚宇彩欣科技,"11,505.27",母公司及子公司(南京瀚宇彩欣科技,0.67,百萬元營業額,N
6117,迎廣,0,母公司,337.52,母公司,337.52,母公司,0.0002,千元營業額,N
6120,達運,223,包含本公司及合併財務報表內子公司,"5,362.00",包含本公司及合併財務報表內子公司,"5,585.00",包含本公司及合併財務報表內子公司,0.39,百萬元營業額,N
6128,上福,0,上福全球在台灣營運據點為主(包含本廠、二廠及三廠),463.03,上福全球在台灣營運據點為主(包含本廠、二廠及三廠),463.03,上福全球在台灣營運據點為主(包含本廠、二廠及三廠),0.0003,仟元營業額,N
6133,金橋,N/A,N/A,N/A,N/A,N/A,N/A,N/A,N/A,N
6136,富爾特,N/A,N/A,N/A,N/A,N/A,N/A,N/A,N/A,N
6139,亞翔,N/A,亞翔工程(股)公司三個辦公室,N/A,亞翔工程(股)公司三個辦公室,11.97,亞翔工程(股)公司三個辦公室,0.0011,百萬元營業額,N
6141,柏承,"5,752.00",昆山子公司廠區,277.789,昆山子公司廠區,"6,029.79",昆山子公司廠區,0.2937,仟元營業額,ISO 9001
6142,友勁,3.06,母公司,61.59,母公司,64.65,母公司,0.0191,百萬元營業額,ISO 14001
6152,百一,N/A,母公司,N/A,母公司,1.224,母公司,N/A,N/A,N
6153,嘉聯益,890,僅母公司樹林廠,"1,550.00",僅母公司樹林廠,"2,440.00",僅母公司樹林廠,N/A,N/A,UL2799
6155,鈞寶,17.66,母公司,59.24,母公司,76.9,母公司,N/A,N/A,N
6164,華興,N/A,N/A,N/A,N/A,N/A,N/A,N/A,N/A,N
6165,浪凡,N/A,N/A,N/A,N/A,N/A,N/A,N/A,N/A,N
6166,凌華,0.88,2022/1/1-2022/12/31,3.405,2022/1/1-2022/12/31,4.285,2022/1/1-2022/12/31,0.0005,百萬元營業額,N
6168,宏齊,4.212,母公司,86.7034,母公司,90.9154,母公司,0,千元營業額,ISO 14001
6176,瑞儀,57.85,台灣與中國大陸製造廠區,"5,744.46",台灣與中國大陸製造廠區,"5,802.31",台灣與中國大陸製造廠區,0.0007,產品塑膠粒投料量(公斤),ISO 14001
6177,達麗,N/A,N/A,N/A,N/A,N/A,N/A,N/A,N/A,N
6183,關貿,0,總公司,1.903,總公司,1.903,總公司,0.0008,總重量(噸)/營業額(百萬),ISO 14001
6184,大豐電,N/A,N/A,N/A,N/A,N/A,N/A,N/A,N/A,N
6189,豐藝,0,母公司,"5,312.00",母公司,"5,312.00",母公司,N/A,N/A,N
6191,精成科,"46,497.00",包含合併財務報表之母子公司,"22,886.10",包含合併財務報表之母子公司,"69,383.10",包含合併財務報表之母子公司,2.861,百萬元營業額,N
6192,巨路,N/A,N/A,N/A,N/A,N/A,N/A,N/A,N/A,N
6196,帆宣,N/A,湖口廠、頭份廠、南科一、二、三、五廠,N/A,湖口廠、頭份廠、南科一、二、三、五廠,197.62,湖口廠、頭份廠、南科一、二、三、五廠,0.0039,百萬元營業額,N
6197,佳必琪,N/A,N/A,N/A,N/A,N/A,N/A,N/A,N/A,N
6201,亞弘電,N/A,母公司,N/A,母公司,33.94,母公司,N/A,N/A,N
6202,盛群,N/A,母公司,N/A,母公司,11.4481,母公司,0.0019,百萬元營業額,ISO 14001
6205,詮欣,N/A,N/A,N/A,N/A,N/A,N/A,N/A,N/A,ISO 14001
6206,飛捷,N/A,飛捷母公司(內湖總部及林口工廠),N/A,飛捷母公司(內湖總部及林口工廠),211.56,飛捷母公司(內湖總部及林口工廠),N/A,N/A,N
6209,今國光,43.335,111年今國集團,129.908,111年今國集團,173.243,111年今國集團,0.0876,百萬元營業額,ISO 14001
6213,聯茂,547.49,母公司,538.88,母公司,"1,086.37",母公司,N/A,N/A,ISO 14001
6214,精誠,0,僅母公司,68.7,僅母公司,68.7,僅母公司,0.056,員工人數,N
6215,和椿,0,母公司,6.9,母公司,6.9,母公司,0.0038,百萬元營業額,N
6216,居易,0,一般事業廢棄物,15,一般事業廢棄物,15,一般事業廢棄物,N/A,N/A,N
6224,聚鼎,"33,773.00",母公司,"63,370.00",母公司,"97,143.00",母公司,N/A,N/A,N
6225,天瀚,N/A,N/A,N/A,N/A,N/A,N/A,N/A,N/A,N
6226,光鼎,N/A,N/A,N/A,N/A,N/A,N/A,N/A,N/A,N
6230,尼得科超眾,N/A,中興廠,N/A,中興廠,34.3,中興廠,0.0028,百萬元營業額,ISO 14001
6235,華孚,N/A,N/A,N/A,N/A,N/A,N/A,N/A,N/A,N
6239,力成,"2,495.25",僅台灣地區力成科技,"5,339.83",僅台灣地區力成科技,"7,835.08",僅台灣地區力成科技,0.15,百萬元營業額,ISO 14001
6243,迅杰,N/A,母公司,N/A,母公司,0.4134,母公司,0.0005,百萬元營業額,N
6257,矽格,13.0181,矽格北興廠區 中興廠區 湖口廠區,278.522,矽格北興廠區 中興廠區 湖口廠區,291.5401,矽格北興廠區 中興廠區 湖口廠區,0.0275,百萬元營業額,N
6269,台郡,"2,127.00",僅母公司,"1,675.00",僅母公司,"3,802.00",僅母公司,0.004,產品,ISO 14001
6271,同欣電,536.81,"資料涵蓋合併財務報表之母子公司，共四個廠區，不含總部辦公室
1.台北廠-新北市鶯歌區鶯桃路365巷55號
2.龍潭廠-桃園市龍潭區龍園五路21號
3.竹北廠-新竹縣竹北市泰和路84號與 昌益辦公室-新竹縣竹北市環科一路1號6樓之1號
4.菲律賓廠-103Prosperity Ave, Calamba, 4037 Laguna, Philippines","1,089.17","資料涵蓋合併財務報表之母子公司，共四個廠區，不含總部辦公室
1.台北廠-新北市鶯歌區鶯桃路365巷55號
2.龍潭廠-桃園市龍潭區龍園五路21號
3.竹北廠-新竹縣竹北市泰和路84號與 昌益辦公室-新竹縣竹北市環科一路1號6樓之1號
4.菲律賓廠-103Prosperity Ave, Calamba, 4037 Laguna, Philippines","1,625.98","資料涵蓋合併財務報表之母子公司，共四個廠區，不含總部辦公室
1.台北廠-新北市鶯歌區鶯桃路365巷55號
2.龍潭廠-桃園市龍潭區龍園五路21號
3.竹北廠-新竹縣竹北市泰和路84號與 昌益辦公室-新竹縣竹北市環科一路1號6樓之1號
4.菲律賓廠-103Prosperity Ave, Calamba, 4037 Laguna, Philippines",0.11,百萬元營業額,ISO 14001
6277,宏正,N/A,N/A,N/A,N/A,N/A,N/A,N/A,N/A,N
6278,台表科,378.33,母公司及子公司-峻凌電子(蘇州)有限公司,"2,655.26",母公司及子公司-峻凌電子(蘇州)有限公司,"3,033.59",母公司及子公司-峻凌電子(蘇州)有限公司,0.04,百萬元營業額,N
6281,全國電,N/A,N/A,N/A,N/A,N/A,N/A,N/A,N/A,N
6282,康舒,110.58,包含合併財務報表之母子公司,"3,846.85",包含合併財務報表之母子公司,"3,957.43",包含合併財務報表之母子公司,0.16,百萬元營業額,ISO 9001&14001& UL2799
6283,淳安,N/A,N/A,N/A,N/A,N/A,N/A,N/A,N/A,N
6285,啟,N/A,廢棄物量計算範圍為祫`部、力行廠、南科廠、ㄗ峞Bㄦs、ㄟ禰矇驉]昆山與南京）、越南廠。,N/A,廢棄物量計算範圍為祫`部、力行廠、南科廠、ㄗ峞Bㄦs、ㄟ禰矇驉]昆山與南京）、越南廠。,"6,072.01",廢棄物量計算範圍為祫`部、力行廠、南科廠、ㄗ峞Bㄦs、ㄟ禰矇驉]昆山與南京）、越南廠。,0.064,百萬元營業額,2022年眲鴔犍藥繷孎i書確認符合SASB對應行業準則、GRI準則依循以及AA1000第一類型中度保證等級
6288,聯嘉,19.125,"組織邊界

台灣總公司(聯嘉光電股份有限公司)
地址：350苗栗縣竹南鎮科東一路2號

外倉
地址：350苗栗縣竹南鎮和興路364號",70.758,"組織邊界

台灣總公司(聯嘉光電股份有限公司)
地址：350苗栗縣竹南鎮科東一路2號

外倉
地址：350苗栗縣竹南鎮和興路364號",89.883,"組織邊界

台灣總公司(聯嘉光電股份有限公司)
地址：350苗栗縣竹南鎮科東一路2號

外倉
地址：350苗栗縣竹南鎮和興路364號",0.0235,百萬元營業額,N
6405,悅城,"3,571.22",母公司,222.22,母公司,"3,793.44",母公司,10.1158,百萬元營業額,N
6409,旭隼,2.95,"1.旭隼科技在營運過程中所處理的全部固體廢物（即不可回收、再利用或焚燒的廢棄物用於能源回收）
2.2022年產生的總廢棄物3,798公噸;使用/回收/出售的廢棄物總量3,225公噸;處置的廢物總量573公噸",573,"1.旭隼科技在營運過程中所處理的全部固體廢物（即不可回收、再利用或焚燒的廢棄物用於能源回收）
2.2022年產生的總廢棄物3,798公噸;使用/回收/出售的廢棄物總量3,225公噸;處置的廢物總量573公噸",575.95,"1.旭隼科技在營運過程中所處理的全部固體廢物（即不可回收、再利用或焚燒的廢棄物用於能源回收）
2.2022年產生的總廢棄物3,798公噸;使用/回收/出售的廢棄物總量3,225公噸;處置的廢物總量573公噸",0.7783,單位:百萬美金營業額,ISO 9001 .ISO 4001 .ISO45001 ; 採用ISAE3000及ISAE3410進行確信
6412,群電,75.71,東莞廠、蘇州廠、重慶廠、泰國廠,"3,325.85",東莞廠、蘇州廠、重慶廠、泰國廠,"3,401.56",東莞廠、蘇州廠、重慶廠、泰國廠,0.083,百萬元營業額,ISO 14001；蘇州廠UL 2799: UL
6414,樺漢,N/A,僅母公司,N/A,僅母公司,2.561,僅母公司,N/A,N/A,N
6415,矽力*-KY,N/A,矽力杰半導體技術（杭州）有限公司,N/A,矽力杰半導體技術（杭州）有限公司,469.2,矽力杰半導體技術（杭州）有限公司,0.02,千元營業額,ISO 14001
6416,瑞祺電通,0,僅母公司,0.31,僅母公司,0.31,僅母公司,0.0001,百萬元營業額,ISO 14001
6426,統新,N/A,母公司,N/A,母公司,22.2848,母公司,N/A,N/A,N
6431,光麗-KY,N/A,N/A,N/A,N/A,N/A,N/A,N/A,N/A,N
6438,迅得,0,僅母公司,91.56,僅母公司,91.56,僅母公司,0.0268,百萬元營業額,N
6442,光聖,0,僅母公司,36.055,僅母公司,36.055,僅母公司,0.012,百萬元營業額,N
6443,元晶,"1,318.70",111年新竹廠及屏東廠加總,"3,223.60",111年新竹廠及屏東廠加總,"4,542.30",111年新竹廠及屏東廠加總,0.504,百萬元營業額,ISO 14001
6446,藥華藥,6.806,母公司藥華醫藥+子公司泛泰醫療,18.105,母公司藥華醫藥+子公司泛泰醫療,24.911,母公司藥華醫藥+子公司泛泰醫療,0.158,產品,N
6449,鈺邦,N/A,N/A,N/A,N/A,N/A,N/A,N/A,N/A,N
6451,訊芯-KY,36.33,2022.1~2022.12訊芯電子科技(中山)有限公司及訊芸電子科技(中山)有限公司之廣東省中山市廠區(廣東省固體廢物環境監管信息平臺),32.88,2022.1~2022.12訊芯電子科技(中山)有限公司及訊芸電子科技(中山)有限公司之廣東省中山市廠區(廣東省固體廢物環境監管信息平臺),69.21,2022.1~2022.12訊芯電子科技(中山)有限公司及訊芸電子科技(中山)有限公司之廣東省中山市廠區(廣東省固體廢物環境監管信息平臺),0.76,萬元產值， 2022.1~2022.12訊芯電子科技(中山)有限公司及訊芸電子科技(中山)有限公司之廣東省中山市廠區,N
6456,GIS-KY,826.69,本公司及子公司所有廠區,"15,538.69",本公司及子公司所有廠區,"16,365.38",本公司及子公司所有廠區,N/A,N/A,ISO 14001
6464,台數科,N/A,僅母公司,N/A,僅母公司,4.77,僅母公司,0.0003,千元營業額,N
6472,保瑞,15.3,竹南廠、竹北廠及台南廠,57.6,竹南廠、竹北廠及台南廠,72.9,竹南廠、竹北廠及台南廠,0.0069,百萬元營業額,N
6477,安集,0.26,20220101-20221231,155.794,20220101-20221231,156.054,20220101-20221231,0.0001,千元營業額,N
6491,晶碩,66.54,僅母公司,"2,599.54",僅母公司,"2,666.08",僅母公司,0,每百萬單位產品3.33公噸,ISO 14001
6504,南六,0,111/1/1-111/12/31,251,111/1/1-111/12/31,251,111/1/1-111/12/31,0.1,百萬元營業額,ISO 14001
6505,台塑化,613,母公司,"1,342,943.00",母公司,"1,343,556.00",母公司,1.5843,百萬元營業額,N
6515,穎崴,6.773,台灣所有廠區,887.76,台灣所有廠區,894.533,台灣所有廠區,0.175,百萬元營業額,ISO 14001
6525,捷敏-KY,292.7,包含合併財務報表之子公司,"1,260.00",包含合併財務報表之子公司,"1,552.70",包含合併財務報表之子公司,0.0003,產品,N
6531,愛普*,N/A,母公司,N/A,母公司,0.06,母公司,0,百萬元營業額,N
6533,晶心科,0,僅母公司,0.15,僅母公司,0.15,僅母公司,N/A,N/A,N
6541,泰福-KY,10.62,合併財務報表之母子公司,88.04,合併財務報表之母子公司,98.66,合併財務報表之母子公司,0.004,噸/新台幣仟元營收,N
6550,北極星藥業-KY,N/A,N/A,N/A,N/A,N/A,N/A,N/A,N/A,N
6552,易華電,"1,340.44",易華公司,132.6,易華公司,"1,473.04",易華公司,0,產品,N
6558,興能高,76.54,範疇三,69,範疇三,145.54,範疇三,0.1267,百萬元營業額,N
6573,虹揚-KY,N/A,N/A,N/A,N/A,N/A,N/A,N/A,N/A,N
6579,研揚,3.218,母公司,15.022,母公司,18.24,母公司,0.003,百萬元營業額,N
6581,鋼聯,"1,074.00",僅母公司,"113,051.00",僅母公司,"114,125.00",僅母公司,0.6945,服務,ISO 14001
6582,申豐,5.76,母公司,488.35,母公司,494.11,母公司,0.0155,產品,ISO 14001
6585,鼎基,0,本公司之高雄辦公室以及台灣各廠(高雄廠、屏東廠),385.82,本公司之高雄辦公室以及台灣各廠(高雄廠、屏東廠),385.82,本公司之高雄辦公室以及台灣各廠(高雄廠、屏東廠),0.0002,仟元,N
6591,動力-KY,N/A,N/A,N/A,N/A,N/A,N/A,N/A,N/A,N
6592,和潤企業,N/A,N/A,N/A,N/A,N/A,N/A,N/A,N/A,N
6598,ABC-KY,N/A,N/A,N/A,N/A,N/A,N/A,N/A,N/A,N
6605,帝寶,0,年度,140,年度,140,年度,0.0001,百萬元營業額,N
6606,建德工業,N/A,廢棄物回收單,N/A,廢棄物回收單,1.376,廢棄物回收單,N/A,N/A,N
6625,必應,N/A,N/A,N/A,N/A,N/A,N/A,N/A,N/A,N
6641,基士德-KY,6.91,合併報表之子公司之一-川源(中國)平湖廠區,17.2,合併報表之子公司之一-川源(中國)平湖廠區,24.11,合併報表之子公司之一-川源(中國)平湖廠區,0.0177,百萬元營業額,N
6655,科定,N/A,N/A,N/A,N/A,N/A,N/A,N/A,N/A,N
6657,華安,N/A,N/A,N/A,N/A,N/A,N/A,N/A,N/A,N
6666,羅麗芬-KY,0,子公司嘉文麗（福建）化妝品有限公司,40,子公司嘉文麗（福建）化妝品有限公司,40,子公司嘉文麗（福建）化妝品有限公司,0.0315,產品,N
6668,中揚光,68.82,111/1/1~111/12/31,48.45,111/1/1~111/12/31,117.27,111/1/1~111/12/31,0.26,百萬元營業額,N
6669,緯穎,N/A,母公司及全球主要營運與製造廠區(緯穎科技墨西哥子公司),N/A,母公司及全球主要營運與製造廠區(緯穎科技墨西哥子公司),"8,520.24",母公司及全球主要營運與製造廠區(緯穎科技墨西哥子公司),0.0291,百萬元營業額,ISO 14001
6670,復盛應用,108.35,桃園廠,"8,755.53",桃園廠,"8,863.88",桃園廠,0.32,百萬元營業額,ISO 14001
6671,三能-KY,13.77,合併財務報表之母子公司,616.13,合併財務報表之母子公司,629.9,合併財務報表之母子公司,0.3383,百萬元營業額,N
6672,騰輝電子-KY,207.74,合併財務報表之子公司生產型廠區,"1,517.44",合併財務報表之子公司生產型廠區,"1,725.18",合併財務報表之子公司生產型廠區,0.0003,千元營業額,N
6674,鋐寶科技,N/A,N/A,N/A,N/A,N/A,N/A,N/A,N/A,N
6689,伊雲谷,N/A,母公司,N/A,母公司,12.8654,母公司,0.0054,百萬元營業額,N
6691,洋基工程,N/A,N/A,N/A,N/A,N/A,N/A,N/A,N/A,N
6695,芯鼎,N/A,N/A,N/A,N/A,N/A,N/A,N/A,N/A,N
6698,旭暉應材,0,僅母公司,"36,448.00",僅母公司,"36,448.00",僅母公司,0.0291,千元營業額,N
6706,惠特,0,僅母公司,40.252,僅母公司,40.252,僅母公司,0.009,百萬元營業額,N
6715,嘉基,7.405,包含合併財務報表之母子公司-本公司及子公司嘉基蘇州,"128,491.97",包含合併財務報表之母子公司-本公司及子公司嘉基蘇州,"128,499.38",包含合併財務報表之母子公司-本公司及子公司嘉基蘇州,23.9113,百萬元營業額,ISO 14001
6719,力智,0,母公司,4.55,母公司,4.55,母公司,0.001,百萬元營業額,ISO 14001
6743,安普新,N/A,N/A,N/A,N/A,N/A,N/A,N/A,N/A,N
6753,龍德造船,0,僅母公司,726.8362,僅母公司,726.8362,僅母公司,0.1897,百萬元營業額,N
6754,匯僑設計,N/A,總公司+中壢鴻僑,N/A,總公司+中壢鴻僑,296,總公司+中壢鴻僑,0.058,百萬元營業額,N
6756,威鋒電子,N/A,母公司,N/A,母公司,0.205,母公司,N/A,N/A,N
6768,志強-KY,N/A,N/A,N/A,N/A,N/A,N/A,N/A,N/A,N
6770,力積電,"6,204.18",力積電各廠區111年產出加總,"10,862.04",力積電各廠區111年產出加總,"17,066.22",力積電各廠區111年產出加總,0.0129,產品,N
6776,展眥篕,N/A,包含合併財務報表之母子公司,N/A,包含合併財務報表之母子公司,7.14,包含合併財務報表之母子公司,0,百萬元營業額,N
6781,AES-KY,35,資料涵蓋範圍包含合併財務報表之母子公司,751,資料涵蓋範圍包含合併財務報表之母子公司,786,資料涵蓋範圍包含合併財務報表之母子公司,386.24,產品,ISO 14001
6782,視陽,N/A,N/A,N/A,N/A,N/A,N/A,N/A,N/A,N
6789,采鈺,"1,418.00",采鈺新竹廠及中壢廠,930,采鈺新竹廠及中壢廠,"2,348.00",采鈺新竹廠及中壢廠,0.1847,公斤／8吋晶圓當量－層,N
6790,永豐實,0,臺灣紙品工廠：楊梅廠、清水廠,"3,587.00",臺灣紙品工廠：楊梅廠、清水廠,"3,587.00",臺灣紙品工廠：楊梅廠、清水廠,0.04,產品,ISO 9001及 ISO 14001
6792,詠業,109.57,母公司,51.6,母公司,161.17,母公司,0.11,百萬元營業額,N
6796,晉弘,0.0017,僅母公司,0.23,僅母公司,0.2317,僅母公司,0.0005,百萬元營業額,N
6799,來頡,N/A,N/A,N/A,N/A,N/A,N/A,N/A,N/A,N
6806,森崴能源,N/A,本公司非屬製造業，僅包含頂埔大樓森崴能源總部2022年產生生活廢棄物量。,N/A,本公司非屬製造業，僅包含頂埔大樓森崴能源總部2022年產生生活廢棄物量。,5.979,本公司非屬製造業，僅包含頂埔大樓森崴能源總部2022年產生生活廢棄物量。,0.073,平均每位森崴員工2022年人均生活廢棄物,N
6807,峰源-KY,N/A,主要生產基地,N/A,主要生產基地,"7,260.00",主要生產基地,1.7252,百萬元營業額,N
6830,汎銓,0.645,僅母公司,5,僅母公司,5.645,僅母公司,5.645,百萬元營業額,N
6834,天二科技,68.886,111/1/1~111/12/31,115.611,111/1/1~111/12/31,184.497,111/1/1~111/12/31,N/A,N/A,ISO 14001
6835,圓裕,N/A,N/A,N/A,N/A,N/A,N/A,N/A,N/A,N
6854,錼創科技-KY創,80.67,2022年,24.8768,2022年,105.5468,2022年,403.812,百萬元營業額,N
6861,睿生光電,0.079,僅母公司,7.7792,僅母公司,7.8582,僅母公司,0.0041,百萬元營業額,N
6863,永道-KY,0,包含合併財務報表之母子公司,36.48,包含合併財務報表之母子公司,36.48,包含合併財務報表之母子公司,N/A,N/A,ISO 14001
6869,雲豹能源,N/A,N/A,N/A,N/A,N/A,N/A,N/A,N/A,N
6873,泓德能源,N/A,N/A,N/A,N/A,N/A,N/A,N/A,N/A,N
8011,台通,N/A,N/A,N/A,N/A,N/A,N/A,N/A,N/A,N
8016,矽創,N/A,矽創(新竹總公司、台北辦公室),N/A,矽創(新竹總公司、台北辦公室),0.0114,矽創(新竹總公司、台北辦公室),0,百萬元營業額,N
8021,尖點,0,僅母公司,84.7,僅母公司,84.7,僅母公司,N/A,N/A,N
8028,昇陽半導體,148.29,僅母公司,878.5,僅母公司,"1,026.79",僅母公司,0.0025,產品,ISO 14001
8033,雷虎,N/A,111年1月-111年12月,N/A,111年1月-111年12月,6.71,111年1月-111年12月,0.0007,營業額以仟元計算,N
8039,台虹,782.96,母公司,"1,150.97",母公司,"1,933.93",母公司,0.2654,百萬元營業額,N
8046,南電,"5,351.00",母公司,"16,356.00",母公司,"21,707.00",母公司,21,百萬元營業額,N
8070,長華*,"12,229.00",包含合併財務報表之母子公司,"5,698.00",包含合併財務報表之母子公司,"17,927.00",包含合併財務報表之母子公司,0.82,百萬元營業額,N
8072,陞泰,N/A,N/A,N/A,N/A,N/A,N/A,N/A,N/A,N
8081,致新,0.052,母公司,16.539,母公司,16.591,母公司,0.0022,百萬元營業額,N
8101,華冠,N/A,N/A,N/A,N/A,N/A,N/A,N/A,N/A,N
8103,瀚荃,0,母公司,4.4081,母公司,4.4081,母公司,N/A,N/A,ISO 14001
8104,錸寶,63.56,母公司-錸寶,57.09,母公司-錸寶,120.65,母公司-錸寶,0.12,百萬元營業額,ISO 14001
8105,凌巨,"1,443.57",母公司八德廠、新竹廠、頭份廠及子公司KGO,"2,490.10",母公司八德廠、新竹廠、頭份廠及子公司KGO,"3,933.67",母公司八德廠、新竹廠、頭份廠及子公司KGO,N/A,N/A,ISO 14001
8110,華東,0,僅母公司,714.8492,僅母公司,714.8492,僅母公司,0,產品,N
8112,至上,N/A,僅含母公司,N/A,僅含母公司,3.512,僅含母公司,N/A,N/A,N
8114,振樺電,0,111年 1月~12月,0.17,111年 1月~12月,0.17,111年 1月~12月,0.0001,百萬元營業額,ISO 14001
8131,福懋科,65.4,僅母公司,405.68,僅母公司,471.08,僅母公司,0.0452,百萬元營業額,N
8150,南茂,N/A,母公司(台灣六個廠區),N/A,母公司(台灣六個廠區),"2,559.50",母公司(台灣六個廠區),0.11,百萬元營業額,ISO 14001
8163,達方,"1,408.85",母公司(台灣廠區及中國廠區),"1,656.18",母公司(台灣廠區及中國廠區),"3,065.03",母公司(台灣廠區及中國廠區),0.2133,百萬元營業額,ISO 14001
8201,無敵,0.1,母公司,3,母公司,3.1,母公司,0.034,員工人數92人,N
8210,勤誠,12.35,總部/嘉義廠/勤昆廠/前盛廠,"2,906.88",總部/嘉義廠/勤昆廠/前盛廠,"2,919.23",總部/嘉義廠/勤昆廠/前盛廠,N/A,N/A,N
8213,志超,"2,085.72",僅母公司,"1,595.33",僅母公司,"3,681.05",僅母公司,0.2145,僅母公司，單位：新台幣百萬元,ISO 14001
8215,明基材,819.58,桃園廠區、雲林廠區及大陸廠區,"13,797.31",桃園廠區、雲林廠區及大陸廠區,"14,616.89",桃園廠區、雲林廠區及大陸廠區,0.2083,噸數/百萬營業額,N
8222,寶一,16.344,111年度,41.68,111年度,58.024,111年度,N/A,N/A,N
8249,菱光,N/A,N/A,N/A,N/A,N/A,N/A,N/A,N/A,N
8261,富鼎,0,僅母公司,2.46,僅母公司,2.46,僅母公司,0.02,服務,ISO 14001
8271,宇瞻,6.2,僅母公司,27.2,僅母公司,33.4,僅母公司,0,千元營業額,ISO 14001
8341,日友,N/A,母公司(雲林廠及彰濱廠),N/A,母公司(雲林廠及彰濱廠),"7,901.00",母公司(雲林廠及彰濱廠),0.1309,廢棄物焚化處理量,ISO 14001
8367,建新國際,N/A,僅母公司,N/A,僅母公司,25.2,僅母公司,0.0148,百萬元營業額,N
8374,羅昇,N/A,N/A,N/A,N/A,N/A,N/A,N/A,N/A,N
8404,百和興業-KY,144.57,江蘇百宏複合材料科技股份有限公司(原公司名稱:無錫百和織造股份有限公司)、東莞百宏實業有限公司、越南百宏責任有限公司,"3,967.79",江蘇百宏複合材料科技股份有限公司(原公司名稱:無錫百和織造股份有限公司)、東莞百宏實業有限公司、越南百宏責任有限公司,"4,112.36",江蘇百宏複合材料科技股份有限公司(原公司名稱:無錫百和織造股份有限公司)、東莞百宏實業有限公司、越南百宏責任有限公司,0.4098,產品,N
8411,福貞-KY,207.81,本公司(福貞控股)及所屬轉投資孫公司(「鼎新金屬股份有限公司」、「鼎立金屬包裝股份有限公司」、「福建福貞金屬包裝有限公司」、「福建福天食品有限公司」)作為揭露範疇,562.05,本公司(福貞控股)及所屬轉投資孫公司(「鼎新金屬股份有限公司」、「鼎立金屬包裝股份有限公司」、「福建福貞金屬包裝有限公司」、「福建福天食品有限公司」)作為揭露範疇,769.86,本公司(福貞控股)及所屬轉投資孫公司(「鼎新金屬股份有限公司」、「鼎立金屬包裝股份有限公司」、「福建福貞金屬包裝有限公司」、「福建福天食品有限公司」)作為揭露範疇,0.02,產品,N
8422,可寧衛,6.473,可寧衛、大寧、吉衛及上評資源循環,"39,706.25",可寧衛、大寧、吉衛及上評資源循環,"39,712.72",可寧衛、大寧、吉衛及上評資源循環,0.0076,千元營業額,N
8429,金麗-KY,N/A,N/A,N/A,N/A,N/A,N/A,N/A,N/A,N
8438,昶昕,195.36,大園廠、大園一廠、海湖廠、含銅廢液處理廠、蘆竹廠。,218.46,大園廠、大園一廠、海湖廠、含銅廢液處理廠、蘆竹廠。,413.82,大園廠、大園一廠、海湖廠、含銅廢液處理廠、蘆竹廠。,N/A,N/A,UL2809
8442,威宏-KY,N/A,N/A,N/A,N/A,N/A,N/A,N/A,N/A,N
8443,阿瘦,N/A,N/A,N/A,N/A,N/A,N/A,N/A,N/A,N
8454,富邦媒,0,總部大樓與momo 營運控制之倉儲,589.65,總部大樓與momo 營運控制之倉儲,589.65,總部大樓與momo 營運控制之倉儲,0.005,百萬元營業額,ISO 14001
8462,柏文,N/A,N/A,N/A,N/A,N/A,N/A,N/A,N/A,N
8463,潤泰材,0,宜蘭冬山廠,168.654,宜蘭冬山廠,168.654,宜蘭冬山廠,N/A,N/A,N
8464,億豐,N/A,N/A,N/A,N/A,N/A,N/A,N/A,N/A,N
8466,美吉吉-KY,N/A,N/A,N/A,N/A,N/A,N/A,N/A,N/A,N
8467,波力-KY,146.57,2022年,80.4,2022年,226.97,2022年,N/A,N/A,中&#21326;人民共和&#22269;固体&#24223;物污染&#29615;境防治法
8473,山林水,N/A,N/A,N/A,N/A,N/A,N/A,N/A,N/A,N
8476,台境*,N/A,N/A,N/A,N/A,N/A,N/A,N/A,N/A,N
8478,東哥遊艇,N/A,N/A,N/A,N/A,N/A,N/A,N/A,N/A,N
8481,政伸,0,僅母公司,45.725,僅母公司,45.725,僅母公司,0.0556,百萬元營業額,N
8482,商億-KY,37.96,2022年全年,311.1,2022年全年,349.06,2022年全年,N/A,N/A,ISO 9001
8488,吉源-KY,N/A,N/A,N/A,N/A,N/A,N/A,N/A,N/A,N
8499,鼎炫-KY,N/A,N/A,N/A,N/A,N/A,N/A,N/A,N/A,N
8926,台汽電,N/A,台灣汽電共生股份有限公司 官田汽電共生廠,N/A,台灣汽電共生股份有限公司 官田汽電共生廠,"21,576.87",台灣汽電共生股份有限公司 官田汽電共生廠,N/A,N/A,N
8940,新天地,0,僅母公司,480,僅母公司,480,僅母公司,0.0005,千元營業額,N
8996,高力,0,母公司,827.64,母公司,827.64,母公司,0.31,百萬元營業額,N
9802,鈺齊-KY,85.44,合併財務報表之母子公司,"1,497.37",合併財務報表之母子公司,"1,582.81",合併財務報表之母子公司,N/A,N/A,N
9902,台火,N/A,N/A,N/A,N/A,N/A,N/A,N/A,N/A,N
9904,寶成,"6,242.20",本公司製鞋廠區,"73,138.80",本公司製鞋廠區,"79,381.00",本公司製鞋廠區,0.0003,產品,N
9905,大華,1.746,僅台灣母公司,143.96,僅台灣母公司,145.706,僅台灣母公司,0.0599,百萬元營業額,N
9906,欣巴巴,N/A,N/A,N/A,N/A,N/A,N/A,N/A,N/A,N
9907,統一實,418.6,台灣總公司,"4,037.40",台灣總公司,"4,456.00",台灣總公司,0.005,產品,N
9908,大台北,N/A,母公司三棟大樓,N/A,母公司三棟大樓,39.441,母公司三棟大樓,0.0011,營業額每10萬元,N
9910,豐泰,"5,428.00",包含合併財務報表之母子公司,"41,499.00",包含合併財務報表之母子公司,"46,927.00",包含合併財務報表之母子公司,0.4893,百萬元營業額,N
9911,櫻花,0,僅母公司,"2,047.00",僅母公司,"2,047.00",僅母公司,1.93,人均廢棄物量,ISO 14001
9912,偉聯,N/A,N/A,N/A,N/A,N/A,N/A,N/A,N/A,N
9914,美利達,0,僅母公司,"2,333.00",僅母公司,"2,333.00",僅母公司,0.073,百萬元營業額,依據行政院環境保護署及有關機關之標準方法進行採樣、檢測。
9917,中保科,N/A,母公司,N/A,母公司,20.442,母公司,0.0028,百萬元營業額,N
9918,欣天然,N/A,欣欣大樓,N/A,欣欣大樓,5.2,欣欣大樓,0.0027,百萬元營業額,N
9919,康那香,0,僅母公司,"2,519.00",僅母公司,"2,519.00",僅母公司,0.22,產量(噸),N
9921,巨大,"8,573.00",巨大集團大中華區所有自行車生產據點,"17,720.00",巨大集團大中華區所有自行車生產據點,"26,293.00",巨大集團大中華區所有自行車生產據點,4.48,單台,N
9924,福興,N/A,僅母公司,N/A,僅母公司,106.85,僅母公司,0,產品,ISO 14001
9925,新保,0,母公司,40.77,母公司,40.77,母公司,N/A,N/A,N
9926,新海,0,僅母公司,37.17,僅母公司,37.17,僅母公司,0.02,百萬元營業額,N
9927,泰銘,N/A,全廠,N/A,全廠,503.97,全廠,0.0749,千元,N
9928,中視,N/A,N/A,N/A,N/A,N/A,N/A,N/A,N/A,N
9929,秋雨,N/A,N/A,N/A,N/A,N/A,N/A,N/A,N/A,N
9930,中聯資源,2.745,中聯資源公司,"39,694.81",中聯資源公司,"39,697.56",中聯資源公司,3.865,百萬元營業額,ISO 14001
9931,欣高,N/A,N/A,N/A,N/A,N/A,N/A,N/A,N/A,N
9933,中鼎,0,母公司(含總部大樓與全球工地),"1,899.00",母公司(含總部大樓與全球工地),"1,899.00",母公司(含總部大樓與全球工地),0.06,百萬元營業額,AA1000
9934,成霖,0,母公司,3.83,母公司,3.83,母公司,N/A,N/A,N
9935,慶豐富,0,僅母公司,241.51,僅母公司,241.51,僅母公司,0,千元營業額,N
9937,全國,N/A,涵蓋本公司所有營運據點及出租加油站予本公司之100%子公司埔祥開發(股)公司及上員(股)公司。,N/A,涵蓋本公司所有營運據點及出租加油站予本公司之100%子公司埔祥開發(股)公司及上員(股)公司。,968.24,涵蓋本公司所有營運據點及出租加油站予本公司之100%子公司埔祥開發(股)公司及上員(股)公司。,0.001,公噸/公秉(每公秉油品銷售之廢棄物密集度),N
9938,百和,3.47,僅母公司,"1,030.27",僅母公司,"1,033.74",僅母公司,0.21,產品,N
9939,宏全,114.22,僅母公司,"14,137.32",僅母公司,"14,251.54",僅母公司,N/A,N/A,ISO 14001
9940,信義,N/A,信義房屋股份有限公司,N/A,信義房屋股份有限公司,264.1832,信義房屋股份有限公司,0.0517,員工人數,ISO 14001(預計2023Q3完成查證)
9941,裕融,N/A,母公司+子公司新鑫、裕富數位,N/A,母公司+子公司新鑫、裕富數位,73.36,母公司+子公司新鑫、裕富數位,0.06,員工人數,N
9942,茂順,N/A,N/A,N/A,N/A,N/A,N/A,N/A,N/A,N
9943,好樂迪,0,廚餘廢油焚化,"1,680.21",廚餘廢油焚化,"1,680.21",廚餘廢油焚化,0.7068,廢棄物量密集度(1680.21)/其他-營收百萬元(2377.164),N
9944,新麗,0,母公司,292,母公司,292,母公司,0.14,產品,N
9945,潤泰新,0,冬山廠(子公司),168.65,冬山廠(子公司),168.65,冬山廠(子公司),N/A,N/A,N
9946,三發地產,0,三發地產及京富祥營造,"671,000.00",三發地產及京富祥營造,"671,000.00",三發地產及京富祥營造,0.2951,千元單位營業額,N
9955,佳龍,N/A,包含合併財務報表之母子公司,N/A,包含合併財務報表之母子公司,56.4875,包含合併財務報表之母子公司,N/A,N/A,N
9958,世紀鋼,0,桃園市觀音區中山路一段1119號,62.29,桃園市觀音區中山路一段1119號,62.29,桃園市觀音區中山路一段1119號,N/A,N/A,ISO 14001
