公司代號,公司名稱,用水量(公噸),資料範圍,用水密集度-密集度(公噸/單位),用水密集度-單位,取得驗證
1101,台泥,"2,861,600.00",台泥台灣個體公司 (涵蓋企業團營運總部、研究室、2座水泥廠、24座製品廠),0.55,產品,ISO14046、ISO46001
1102,亞泥,"2,329,000.00",亞洲水泥個體公司,0.669,產品,N
1103,嘉泥,"192,562.00",包含合併財務報表之母子公司,0.085,百萬元營業額,N
1104,環泥,"297,227.22",母公司,0.066,公噸/新台幣千元產值,N
1108,幸福,"955,525.00",幸福水泥(股)公司東澳廠,1.6115,產品,N
1109,信大,"251,619.00",僅母公司宜蘭南聖湖廠,N/A,N/A,N
1110,東泥,"13,060.00",僅母公司,0.0219,總生產量(噸),N
1201,味全,"1,831,919.00","1.母公司(含總公司、中央研究所、營業所、台中廠、斗六廠、高雄廠)
2.台中廠 斗六廠為地下水1,245,434公噸佔68%，總公司、中央研究所、營業所、
  高雄廠為自來水586,485公噸佔32%。",226.28,百萬元營業額,N
1203,味王,0.312,僅母公司,0.137,百萬元營業額,N
1210,大成,N/A,N/A,N/A,N/A,N
1213,大飲,"9,000.00",地下水與自來水,37.5,每日,其他
1215,卜蜂,"1,109,384.00",南投肉食品加工廠、台中飼料廠、高雄飼料廠、雲林飼料廠,N/A,N/A,N
1216,統一,"4,262,517.00",僅母公司,920,營業收入千萬元,N
1217,愛之味,"418,537.00",母公司自來水用量,57.34,產品,N
1218,泰山,"724,060.00",泰山企業所屬田中油脂廠、田中食品廠、水產飼料廠、田中行政大樓、台北長安大樓辦公室。,72.2979,百萬元營業額,N
1219,福壽,"449,458.00",母公司、子公司,0.0264,千元營業額。,ISO 14046 子公司洽富通過水足跡查證
1220,台榮,"786,000.00",本公司雲林廠,6.978,產品,N
1225,福懋油,"47,643.60",母公司,N/A,N/A,N
1227,佳格,"662,540.00",佳格大園廠、中壢廠及佳乳湖口廠,0.42,公噸/萬元營業額,N
1229,聯華,"53,512.00","母公司-聯華實業投資控股(股)公司以及
子公司-聯華製粉食品(股)公司、聯華置產(股)公司",7.25,百萬元營業額,N
1231,聯華食,"621,920.00",臺灣地區各工廠之所有營運相關之活動,0.0577,百萬元營業額,N
1232,大統益,"353,390.00",僅母公司,17.48,百萬元營業額,N
1233,天仁,"84,018.00",本公司天仁茶業股份有限公司直營單位,46.015,百萬元營業額,N
1234,黑松,"771,000.00",中壢廠、斗六廠,4.15,產品,N
1235,興泰,"3,984.00",依111年台灣自來水公司使用度數資訊,0.0632,千元營業額,N
1236,宏亞,"70,353.00",母子公司,33,百萬元營業額,N
1256,鮮活果汁-KY,"317,572.00",子公司：蘇州鮮活飲品股份有限公司、鮮活果汁工業（天津）有限公司、廣東鮮活果汁生物科技有限公司,77.43,千元營業額,台灣證券交易所【上市公司編制與申報永續報告書作業辦法】
1301,台塑,"21,995,920.00",母公司,112.7494,百萬元營業額,ISO 14046
1303,南亞,"15,269,551.00",母公司,0.09,111年個體營業額(千元)。,ISO 14046
1304,台聚,"925,439.00",台聚高雄廠,4.46,產品,ISO 46001
1305,華夏,"2,886,400.00",華夏頭份廠、台氯林園廠、華聚林園廠,2.77,產品,ISO 46001
1307,三芳,"171,700.00",母公司,223.05,百萬元營業額,N
1308,亞聚,"494,813.00",亞聚林園廠,3.8,產品,N
1309,台達化,"935,065.00",前鎮廠、林園廠、頭份廠、中山廠,1.024,產品,N
1310,台苯,"1,270,619.00",111年高雄廠原水用量,3.63,產品,N
1312,國喬,"1,894,152.00",僅母公司,104.21,百萬元營業額,N
1313,聯成,"234,890.00",母公司林園廠,1.94,產品,N
1314,中石化,"5,936,000.00",母公司,"2,371,744.00",百萬元營業額,ISO 46001
1315,達新,"8,294.00",母公司,N/A,N/A,N
1316,上曜,3.868,包含本公司及營造業子公司上裕營造和永輝室內裝修辦公室工務所及建案餘屋,N/A,N/A,N
1319,東陽,"777,805.00",母公司,49.52,百萬元營業額,N
1321,大洋,97.12,母公司,0.6595,產品,N
1323,永裕,"138,916.00","永裕塑膠:72,770噸
上海永裕:62,546噸
威瑪精密:3,600噸",0.04,"永裕塑膠72,770(噸)/1,816,611千元營業額=0.04",N
1324,地球,"34,088.98",母公司(幼一二廠),34.6785,百萬元營業額,N
1325,恆大,N/A,N/A,N/A,N/A,N
1326,台化,"28,188,305.00",111年母公司、台化出光及台醋公司之台灣廠區,"11,140.00",營業額億元,ISO 46001
1337,再生-KY,N/A,N/A,N/A,N/A,N
1338,廣華-KY,"518,590.00",僅重要子公司東莞廣澤汽車飾件有限公司,3.347,建築面積,N
1339,昭輝,"92,162.00",母公司,N/A,N/A,N
1340,勝悅-KY,N/A,N/A,N/A,N/A,N
1341,富林-KY,"140,374.00",越南子公司,10.4883,產品,Higg dex (FEM)
1342,八貫,N/A,N/A,N/A,N/A,N
1402,遠東新,"20,915,000.00",生產事業21個生產據點,3,產品,ISO 46001
1409,新纖,"1,907,000.00",中壢廠及觀音廠用水統計表,1.8104,產品,N
1410,南染,N/A,N/A,N/A,N/A,N
1413,宏洲,"350,900,000.00",宏洲纖維工業股份有限公司桃園工廠,"111,570.00",百萬元營業額,N
1414,東和,"41,832.00",本公司,184,員工數,N
1416,廣豐,N/A,N/A,N/A,N/A,N
1417,嘉裕,N/A,N/A,N/A,N/A,N
1418,東華,384,111年水權用水紀錄,N/A,N/A,N
1419,新紡,"67,484.20",生產單位,0.0072,產品,N
1423,利華,1.546,母公司,0,營業額,N
1432,大魯閣,N/A,N/A,N/A,N/A,N
1434,福懋,"5,888,000.00",台灣廠區,224.88,百萬元營業額,N
1435,中福,N/A,N/A,N/A,N/A,N
1436,華友聯,0.177,僅母公司,N/A,N/A,N
1437,勤益控,N/A,N/A,N/A,N/A,N
1438,三地開發,N/A,N/A,N/A,N/A,N
1439,雋揚,"1,003.77",母公司,N/A,N/A,N
1440,南紡,"813,880.00",母公司生產廠區,72.7497,百萬元營業額,N
1441,大東,N/A,N/A,N/A,N/A,N
1442,名軒,207,母公司,N/A,N/A,N
1443,立益物流,N/A,N/A,N/A,N/A,N
1444,力麗,"506,215.00",母公司各廠區,1.3593,產品,N
1445,大宇,N/A,N/A,N/A,N/A,N
1446,宏和,"23,549.00",母公司,0.1538,千元營業額,N
1447,力鵬,"4,715,324.00",母公司各廠區,35.3,產品,N
1449,佳和,"1,894,520.00",母公司,363,產品,N
1451,年興,"2,435,899.00",包含合併財務報表之母子公司,0.2801,千元營業額,N
1452,宏益,"54,674.00",包含合併財務報表之母子公司,2.289,每公噸產品,N
1453,大將,N/A,N/A,N/A,N/A,N
1454,台富,N/A,N/A,N/A,N/A,N
1455,集盛,"545,553.00",母公司之五個製造廠區。,3.1803,產品,N
1456,怡華,"1,895.00",台南官田廠,363,服務,N
1457,宜進,"1,115.00",宜進實業股份有限公司及子公司(光明絲織廠股份有限公司、宏洲纖維工業股份有限公司、億東纖維股份有限公司、欣懋投資股份有限公司、大田國際開發股份有限公司、大宜國際開發股份有限公司)台北公司,1.224,百萬元營業額,N
1459,聯發,"8,254.00",工廠,0.4215,產品,N
1460,宏遠,"2,511,532.00",母公司,182.14,產品,N
1463,強盛新,N/A,N/A,N/A,N/A,N
1464,得力,"2,964.00",水權狀+自來水,0.6803,百萬元營業額,N
1465,偉全,N/A,N/A,N/A,N/A,N
1466,聚隆,"231,531.00",母公司,83.13,百萬元營業額,N
1467,南緯,"4,173.00",母公司,N/A,N/A,N
1468,昶和,"14,460.00",母公司,21.07,百萬元營業額,N
1470,大統新創,"937,715.00",合併財務報表之母子公司之桃園廠區,172,產量(公噸),N
1471,首利,N/A,N/A,N/A,N/A,N
1472,三洋實業,N/A,N/A,N/A,N/A,N
1473,台南,"285,958.00",包含合併財務報表之母子公司,0.0118,產品,N
1474,弘裕,"957,544.00",母公司,385.33,百萬元營業額,N
1475,業旺,N/A,N/A,N/A,N/A,N
1476,儒鴻,"2,423,526.00",包含合併財務報表之母子公司,0.0609,百萬元營業額,N
1477,聚陽,"679,295.00","範圍含聚陽股份有限公司(總公司)、Leader Garments Corp.、Moha Garments Co., Ltd.、Triple Garment(Vietnam) Co., Ltd.、Makalot Garments(Vietnam) Co., Ltd.、Makalot Garments(Cambodia) Co., Ltd.、PT. Glory Industrial Semarang、 PT. Starlight Garment Semarang、Leader Garment(Vietnam) Co., Ltd.、Jiaxing Ruiyang Garment Co., Ltd、Jiaxing Rising Garment Co.,Ltd、Jiaxing Suntex Garment Co.,Ltd",21.17,百萬元營業額,ISAE3000
1503,士電,"222,100.00",揭露範疇涵蓋士電台灣營運地區，包含台北總部及四大事業群(重電事業群、電裝品事業群、機器事業群與自動化事業群)但揭露範疇不包含合併報表之子公司及海外據點。,0.0073,百萬元營業額,N
1504,東元,"135,107.00",台灣所有廠區,7.79,百萬元營業額,N
1506,正道,"13,093.00",僅母公司,14.2,百萬元營業額,N
1512,瑞利,"21,592.00",母公司,N/A,N/A,N
1513,中興電,"21,927.00",母公司111年度自來水,1.1822,百萬元營業額,N
1514,亞力,"23,763.00",母公司,3.3074,百萬元營業額,N
1515,力山,"6,857.00",僅母公司,1.51,百萬元營業額,N
1516,川飛,N/A,N/A,N/A,N/A,N
1517,利奇,"10,103.00",彰化廠及南崗廠之自來水,2.623,百萬元營業額,N
1519,華城,"37,884.00",僅母公司,5.2214,百萬元營業額,N
1521,大億,N/A,N/A,N/A,N/A,N
1522,堤維西,100.085,水費單,867.97,億元營收,N
1524,耿鼎,"71,188.00",母公司,0.0385,產品,N
1525,江申,"16,408.00",僅母公司,10.94,百萬元營業額,N
1526,日馳,"12,239.00",母公司,N/A,N/A,N
1527,鑽全,"22,930.00",全公司,"22,930.00",千元營業額,N
1528,恩德,N/A,N/A,N/A,N/A,N
1529,樂事綠能,"2,112.00",年,N/A,N/A,N
1530,亞崴,N/A,N/A,N/A,N/A,N
1531,高林股,N/A,N/A,N/A,N/A,N
1532,勤美,"107,817.00",勤美股份有限公司金屬成型事業處,6.6373,產品,N
1533,車王電,"21,109.00",母子(孫)公司,"21,109.00",千元營業額,N
1535,中宇,"18,901.00",包含合併財務報表之母子公司,2.1372,百萬元營業額,N
1536,和大,"157,279.00",僅母公司,21.43,百萬元營業額,ISO 46001
1537,廣隆,"374,928.00",包含合併財務報表之母子公司,N/A,N/A,N
1538,正峰,N/A,N/A,N/A,N/A,N
1539,巨庭,N/A,N/A,N/A,N/A,N
1540,喬福,2.21,11101-11112,N/A,N/A,N
1541,錩泰,"34,950.00",僅母公司,0.0086,百萬元營業額,N
1558,伸興,"297,725.00",合併財務報表之母子公司,0.1179,產品,永續報告書
1560,中砂,"1,408,751.00",母公司,233.71,營業額,N
1568,倉佑,"16,845.00",僅母公司,12.48,百萬營業額,N
1582,信錦,"20,281.00",母公司,N/A,N/A,N
1583,程泰,46.07,111/01-111/12,N/A,N/A,N
1587,吉茂,"36,958.00",111年,N/A,N/A,N
1589,永冠-KY,"315,200.00",合併財務報表之母子公司,33.5894,百萬元營業額,N
1590,亞德客-KY,"900,710.00",包含集團全部生產工廠及大陸地區全部銷售公司，已涵蓋集團95%以上之用水量,56.27,每百萬元產值,N
1597,直得,"35,054.00",母公司,24.7,百萬元營業額,ISO 14001
1598,岱宇,"11,088.00",彰化一廠、二廠、五廠及台中辦公室,4.043,百萬元營業額,N
1603,華電,N/A,N/A,N/A,N/A,N
1604,聲寶,N/A,N/A,N/A,N/A,N
1605,華新,"14,026,956.00",楊梅廠、新莊廠、鹽水廠、臺中廠。東莞華新、江陰華新、江陰合金、上海華新、煙台華新、常熟華新、華新精密,11.01,產品,N
1608,華榮,"73,642.00",涵蓋範圍僅限華榮電線電纜股份有限公司高楠工廠廠區,9.2912,百萬元營業額,N
1609,大亞,280.203,2022年,10.4752,百萬元營業額,N
1611,中電,"3,844.00",工廠,N/A,N/A,N
1612,宏泰,"67,770.00",僅母公司,10.6199,百萬元營業額,ISO14001
1614,三洋電,"59,796.00",母子公司,9.734,百萬元營業額,N
1615,大山,"258,192.00",111年度,58.24,百萬元營業額,N
1616,億泰,"17,417.00",母公司,0.005,千元營業額,N
1617,榮星,N/A,N/A,N/A,N/A,N
1618,合機,"18,882.00",母公司(不含子公司),6.5929,百萬元營業額,ISO14001
1626,艾美特-KY,"275,602.00",營運地深圳艾美特+九江艾美特,"275,602.00",百萬元營業額,N
1702,南僑,"1,597,294.00",台灣、中國大陸、泰國地區之製造單位及餐飲事業,0.0803,千元營業額,N
1707,葡萄王,"338,110.00",葡萄王生技、葡眾企業,32.5,百萬元營業額,ISO 14001
1708,東鹼,"772,170.00",僅母公司,96.2206,百萬元營業額,N
1709,和益,"105,050.00",僅母公司(工廠),12.82,百萬元營業額,N
1710,東聯,"1,990,891.00",母公司,155.9,百萬元營業額,N
1711,永光,"721,500.00",永光化學一~四廠、新竹全通科技、蘇州永光,82.51,百萬元產值,ISO 14001
1712,興農,"800,127.00",母公司王田廠區(王田廠、王田二廠、生物工廠),52.54,植物保護佰萬元營收,N
1713,國化,"73,863.00",屏南分公司,0.129,產品,N
1714,和桐,"13,705.00",高雄廠,0.381,產品,N
1717,長興,"1,073,670.00",母公司及包含合併財務報表之國內與國外子公司,0.369,產品(公噸),ISO 50001及ISO14046:2014
1718,中纖,"2,156,374.00",111年度總用水量,8.9984,總產品239638.7485公噸,N
1720,生達,"150,439.00",生達一廠+生達二廠,54.27,百萬元營業額,N
1721,三晃,"209,587.00",母公司,9.18,產品,確信準則公報第一號
1722,台肥,"26,010,700.00",母公司 台中廠 花蓮廠 苗栗廠,31.56,產品,N
1723,中碳,"350,000.00",母公司,33.518,百萬元營業額,N
1725,元禎,"2,550.00",母公司,0.341,百萬元營業額,N
1726,永記,"64,740.00",20220101~20221231,N/A,N/A,ISO14001
1727,中華化,"377,913.45",桃園一廠、桃園二廠、彰化廠,0.002,百萬元營業額,N
1730,花仙子,"12,460.00",包含合併財務報表之母子公司,4.474,百萬元營業額,N
1731,美吾華,"48,634.20",台北總公司、台中及高雄服務中心及楊梅工廠及物流中心,N/A,N/A,N
1732,毛寶,"19,243.00",母公司,32.782,噸CO2e/百萬營收,N
1733,五鼎,"49,573.00",母子公司,0.0221,千元營收,N
1734,杏輝,"188,394.00",母公司,0.075,仟元營業額,N
1735,日勝化,"39,764.00",母公司,2.16,產品,N
1736,喬山,75.19,母公司,0.0022,個體營業收入（百萬元）,N
1737,臺鹽,"173,309.00",環境會計資料,"173,309.00",百萬元營業額,N
1752,南光,"101,289.00",總公司+台北辦公室年度總用水量，含民生用水,"5,221.08",用水量101289公噸 / 營業額19.4億 = 5221.0825,N
1760,寶齡富錦,"47,848.00",僅母公司,19.9449,NA,N
1762,中化生,"83,241.00",母公司,0.4,產品,N
1773,勝一,"375,042.00",母公司,1.7447,產品,N
1776,展宇,"2,417.00",母公司(第1廠及第2廠),3.0829,營業額,N
1783,和康生,"12,792.00",母公司,N/A,N/A,N
1786,科妍,"31,585.00",母公司,N/A,N/A,N
1789,神隆,"151,662.00",僅母公司,49.41,百萬元營業額,N
1795,美時,"58,122.00",母公司及重要子公司生產基地及研發中心,3.97,百萬元營業額,N
1802,台玻,"1,880,000.00",僅母公司,N/A,N/A,ISO 50001
1805,寶徠,N/A,N/A,N/A,N/A,N
1806,冠軍,"163,158.00",自來水,0.0163,產品,N
1808,潤隆,188,本公司台北辦公室,N/A,N/A,N
1809,中釉,"8,295.00",僅母公司,N/A,N/A,N
1810,和成,"219,513.00",母公司,58.1337,百萬元營業額,ISO14001
1817,凱撒衛,"2,060.00",台灣地區,0.7716,百萬元營業額,N
1903,士紙,N/A,N/A,N/A,N/A,N
1904,正隆,"1,015,708.00",母公司,10.53,千公升/噸 (工業用紙產量),N
1905,華紙,"23,381,993.00",華紙台灣四個生產據點,19.64,產品,N
1906,寶隆,N/A,N/A,N/A,N/A,N
1907,永豐餘,"31,285,457.00",永豐餘年報所稱三大事業群（林漿紙事業群、工紙紙器事業群、消費品事業群）之台灣區合計13個生產據點。,13.38,產品,ISO 14001
1909,榮成,"4,656,780.00",全台灣廠區,87.917,百萬元營業額,N
2002,中鋼,"43,076,000.00",母公司,4.86,產品,N
2006,東和鋼鐵,"2,108,753.00",母公司,1.103,公噸鋼胚產量,ISO14001
2007,燁興,"126,305.00",本公司,10.13,百萬元營業額,N
2008,高興昌,"33,930.00",總公司(無子公司)含屏南廠,0.6804,產品,N
2009,第一銅,"205,990.00",僅計算第一伸銅科技股份有限公司臨海廠,2.46,產品,N
2010,春源,"87,035.00",台灣總公司及北中南各生產營業據點,0.202,產品,ISO 14001 環境管理系統
2012,春雨,"211,559.00",母公司,0.0386,千元營業額,ISO14001
2013,中鋼構,"37,741.00",僅母公司,N/A,N/A,N
2014,中鴻,"1,193,022.00",母公司,0.486,產品,N
2015,豐興,"1,797,166.00",僅母公司,46.55,百萬元營業額,ISO 14001:2015
2017,官田鋼,"144,421.00",母公司,53.06,百萬元營業額,N
2020,美亞,"16,499.00",111年度,0.0026,營業額單位：千元營業額,ISO14001
2022,聚亨,"38,727.00",母公司,0.57,產品,N
2023,燁輝,"334,640.00",燁輝企業股份有限公司(僅母公司),9.976,百萬元營業額,確信準則 3000號
2024,志聯,"218,382.00",自來水+地下水,186.81,百萬元營業額,N
2025,千興,"30,858.00",僅母公司,0.0251,千元營業額,N
2027,大成鋼,"109,800.00",僅母公司,0.0075,營業額(百萬公升/百萬元),N
2028,威致,"644,630.00",個別公司,N/A,N/A,N
2029,盛餘,"416,130.00",2022年績效月報,0.4183,產品,N
2030,彰源,"121,713.00",一廠、二廠、三廠、大連廠、元山廠、元富廠、員製課、南營部、北營部,0.8443,生產量,ISO 14001
2031,新光鋼,22,母公司,0.0015,百萬元營業額,N
2032,新鋼,N/A,N/A,N/A,N/A,N
2033,佳大,"33,132.30",母公司,40.8637,百萬元營業額,N
2034,允強,"120,492.00",僅母公司,0.99,產品,N
2038,海光,"97,145.00",工業水使用,8.8,百萬元營業額,N
2049,上銀,"673,357.00",100%營運控制權，包含上銀科技股份有限公司(營運總部、台中廠區、雲林廠區及嘉義廠區),30.2,百萬元營業額,ISO 46001:2019及ISO 14046:2014
2059,川湖,"53,857.00",母公司,0.0162,平方公尺產品表面積,N
2062,橋椿,"122,570.00",母公司,37.48,產品,GRI準則
2069,運錩,"9,657.00",僅母公司所有廠區,N/A,N/A,N
2101,南港,"89,216.00",2022年總用水量,2.8981,產品,N
2102,泰豐,"125,045.00",僅母公司,9.42,每噸產品,N
2103,台橡,"5,550,000.00",合併財務報表之母子公司,10.28,產品,中華民國會計研究發展基金會所發佈確信準則公報3000號進行SASB指標之有限確信
2104,國際中橡,"1,387,189.00",國際中橡100%持有之子公司林園先進。,16.2,產品,N
2105,正新,"754,751.00",母公司,6.02,產品,N
2106,建大,"300,857.00",台灣地區,7.7906,百萬元營業額,ISO 50001
2107,厚生,"30,036.00",厚生 桃園廠,15.505,百萬元營業額,N
2108,南帝,"479,040.00",僅母公司,"3,554.50",產量千噸,N
2109,華豐,"369,828.00",人工抄錶流量計,68.31,百萬元營業額,N
2114,鑫永銓,"13,859.00",母公司,N/A,N/A,N
2115,六暉-KY,N/A,N/A,N/A,N/A,N
2201,裕隆,"285,798.91",裕隆汽車製造(股)公司三義廠區,12.7532,百萬營業額,N
2204,中華,"206,996.00",占營運範圍比率100%,4.055,產品,ISO 46001
2206,三陽工業,"435,853.00",母公司(新竹廠),12.1465,百萬元營業額,N
2207,和泰車,"16,499.00",母公司,29.3,人數,N
2208,台船,"520,958.00",台船高雄廠和基隆廠彙計,"520,958.00","24,790,337千元產值",N
2211,長榮鋼,"58,760.00",僅母公司(長榮鋼鐵),5.1367,百萬元營業額,N
2227,裕日車,"1,500.00",母公司,4.0872,每年人均用水量 (公噸-水 /人),N
2228,劍麟,"20,754.00",僅母公司,12.6858,百萬元營業額,N
2231,為升,"23,135.00",2022年01~12月,N/A,N/A,N
2233,宇隆,"14,834.00",僅母公司,N/A,N/A,N
2236,百達-KY,N/A,N/A,N/A,N/A,N
2239,英利-KY,N/A,N/A,N/A,N/A,N
2241,艾姆勒,"79,374.00",母公司,0.0785,產品,N
2243,宏旭-KY,N/A,N/A,N/A,N/A,N
2247,汎德永業,"83,391.43",合併財報之母子公司,1.89,百萬元營業額,N
2250,IKKA-KY,N/A,N/A,N/A,N/A,N
2301,光寶科,"2,121,945.00","包含母公司與合併財報之部分子公司
光寶科技股份有限公司、光寶電子(天津)有限公司、光寶網絡通訊(東莞)有限公司、光寶光電(常州)有限公司、光寶科技(常州)有限公司、光寶電子(東莞)有限公司、光寶電源科技(東莞)有限公司、旭麗電子(東莞)有限公司、惠州市力信電子有限公司、光寶電子(廣州)有限公司、建興光電科技(北海)有限公司、敦揚(廣州)汽車電子有限公司、光寶智能汽車(廣州)有限公司、LITE-ON VIETNAM CO., LTD.、Lite-On Electronics (Thailand) Co., Ltd.、LITE-ON POWER ELECTRONIC INDIA PRIVATE LIMITED",14.26,百萬元營業額,ISO 14001
2302,麗正,"24,270.00",母子公司,77.7885,產品,N
2303,聯電,"17,409,833.00",母公司(含新加坡分公司),70.08,wafer-m2,ISO 14001、ISO 14046
2305,全友,"4,000.00",母公司,32,百萬元營業額,N
2308,台達電,"4,310.30",全球據點,392,產值(單位：百萬美金),ISO14001
2312,金寶,"2,081,290.00",合併財務報表之母子公司,11.47,百萬元營業額,N
2313,華通,"3,480.80",111年度,0.3,百萬元營業額,N
2314,台揚,"39,462.00",111年2月至112年1月,8.8,百萬元營業額,N
2316,楠梓電,"1,402,029.00",僅母公司,0.81,產品,N
2317,鴻海,"91,470,723.00",包含合併財務報表母子公司,13.8,百萬元營業額,ISO 14001
2321,東訊,"21,236.00",自來水公司提供 111.01~111.12,174.06,僅民生用水，無製程用水,N
2323,中環,"485,000.00",僅母公司生產廠區,0.79,員工人數,N
2324,仁寶,"2,499,769.00",母公司、仁寶(越南)、仁寶電腦(重慶)、仁寶電腦(成都)及仁寶視訊電子(昆山)、仁寶電子科技(昆山)、仁寶資訊工業(昆山)、仁寶信息技術(昆山)、仁寶數碼科技（昆山）、吉寶通訊（南京）、重慶翊寶智慧電子裝置及Compalead Eletr&#244;nica do Brasil Ind&#250;stria e Com&#233;rcio,2.33,百萬元營業額,AA1000
2327,國巨,"303,028.00",母公司,75,百萬營業額,N
2328,廣宇,"1,698.00",母公司,0.14,百萬元營業額,N
2329,華泰,"1,157,376.00",2022.01.01-2022.12.31,74.4581,百萬元營業額,ISO 46001
2330,台積電,"104,681,272.00",台灣廠區及部分子公司,137.3,公升/十二吋晶圓當量－光罩數,International Water Stewardship Standard Version 2.0
2331,精英,"11,628.00",用水量涵蓋精英電腦台灣總部大樓,16.217,2022年精英電腦總部大樓人均年用水量  16.217 公噸/  人.年,N
2332,友訊,"10,990.00",僅母公司大樓,22.6,員工人數,N
2337,旺宏,"2,836,000.00",旺宏總部、晶圓二廠、晶圓五廠、測試廠,65,百萬元營業額,N
2338,光罩,"176,692.00",僅母公司,N/A,N/A,N
2340,台亞,"1,303.46",創新廠及力行廠,287.75,百萬元營業額,ISO 46001
2342,茂矽,"671,256.00",僅母公司,62.315,產品,N
2344,華邦電,"4,131,340.00",母公司,0.134,噸/layer(層-晶圓光罩),ISO14001
2345,智邦,"58,132.00",母公司。,0.753,百萬元營業額,N
2347,聯強,"21,886.00",僅母公司,18.82,人均用水量(公噸),N
2348,海悅,N/A,N/A,N/A,N/A,N
2349,錸德,"113,512.81",僅母公司,0.0416,營業額單位:千元,N
2351,順德,"1,444,382.00",母公司,0.158,千元營業額,N
2352,佳世達,"441,269.65",佳世達台灣/蘇州/越南廠區,105.5564,百萬元營業額,ISO 14001
2353,宏,"162,655.00",包含合併財務報表之母子公司,0.5906,百萬元營業額,N
2354,鴻準,"1,505,346.00",鴻準集團主要廠區,16.64,百萬元營業額,Alliance for Water Stewardship(AWS) Version 2.0
2355,敬鵬,"3,730.30",母公司+ 子公司 敬鵬(常熟)電子有限公司,241.18,百萬元營業額,N
2356,英業達,"1,052,902.00","英業達股份有限公司Inventec Corporation
(士林廠 Shilin site(IET)、桃園廠 Taoyuan site(TAO)、桃園廠 Taoyuan site(TRDC/ITO)、
英業達(重慶)有限公司Inventec (Chongqing) Corporation (ICC)、
英業達科技有限公司Inventec (Pudong) Technology Corporation (IPT)、
上海順詮科技有限公司SQ Technology (Shanghai) Corporation (SQT)、
Inventec (Czech) S.R.O. (ICZ)、
IEC Technologies, S . de R. L. de C. V. (IMX)","232,755.00",公噸/千億營業額,N
2357,華碩,"170,677.00",華碩全台辦公室(皇家除外),23.8,公噸/平均每人/年,ISO 46001
2359,所羅門,"7,816.00",所羅門辦公大樓,N/A,N/A,N
2360,致茂,"67,151.90",母公司及台灣地區分公司,0.0028,千元營業額,N
2362,藍天,"39,440.00",台北總部辦公室、主要製造廠：昆山廠,0.0021,百萬元營業額,N
2363,矽統,"21,457.00",水費繳費單,N/A,N/A,N
2364,倫飛,"6,367.00",母公司,0.0068,千元營業額,N
2365,昆盈,"29,654.00",台北總公司及東莞廠,N/A,N/A,N
2367,燿華,"2,274,240.00",僅母公司,0.53,產品,N
2368,金像電,"7,674,670.00",合併財務報表之母子公司,234,百萬元營業額,N
2369,菱生,"858,021.00",全公司工業用水量,0.2314,產品,N
2371,大同,"530,493.00",僅母公司,"530,493.00","16,792,440千元營業額",N
2373,震旦行,"35,203.24",僅母公司,0.0106,千元營業額,N
2374,佳能,"5,607.00",111年度,1.0607,百萬元營業額,N
2375,凱美,"2,525.25",子公司,N/A,N/A,N
2376,技嘉,"252,964.00",技嘉營運總部、桃園南平廠、中國東莞及寧波廠，2022年營運總部範疇新增B棟4樓,2.3583,百萬元營業額,N
2377,微星,"877,089.00",台灣及大陸廠區,4.86,百萬元營業額,N
2379,瑞昱,"42,871.41",僅包含瑞昱台灣母公司營運總部,9.01,"瑞昱員工人數(4,758人)",N
2380,虹光,"11,330.00",母公司,6.6657,百萬元營業額,N
2382,廣達,"2,976,061.00",廣達電腦(股)公司臺灣總部QRDC及廣達台灣製造城QTMC、廣達上海製造城QSMC、廣達重慶製造城QCMC、廣達泰國廠QMB,N/A,N/A,N
2383,台光電,"592,489.00",合併財務報表之母子公司(不含美國子公司),0.0156,千元營業額,N
2385,群光,"221,193.53",群光電子(含海外各廠區，不含子公司),3.0669,百萬元營業額,N
2387,精元,N/A,N/A,N/A,N/A,N
2388,威盛,"19,880.00",威盛台北總公司,2.13,百萬元營業額,GRI STANDARDS / AA1000 TYPE1
2390,云辰,N/A,N/A,N/A,N/A,N
2392,正崴,"3,200.00",母公司及主要生產基地之子公司,0.024,百萬元營業額,N
2393,億光,684.7,總部、苑裡廠、銅鑼廠、蘇州吳江廠、廣東中山廠,0.0002,產量,N
2395,研華,"361,640.00",邊界範疇包含研華台灣(瑞光、陽光、林口、東湖)、中國昆山廠區、日本廠區、韓國廠區、美國廠區及歐洲廠區,5.2606,百萬元營業額,AA1000
2397,友通,"22,155.00",友通資訊之組織邊界設定以營運控制權為主，友通包括汐止遠雄總部、新店辦公室及桃園工廠。,N/A,N/A,N
2399,映泰,276,110年1-12月每月平均用水噸數,N/A,N/A,N
2401,凌陽,"29,240.00",僅母公司,4.3603,百萬元營業額,N
2402,毅嘉,"127,488.99",母公司,24.8241,百萬元營業額,N
2404,漢唐,10.295,母公司,0.214,百萬元營業額,N
2405,輔信,"4,999.00",母公司,N/A,N/A,N
2406,國碩,"51,450.00",國碩二廠和國碩新豐廠,0.055,千元營業額,N
2408,南亞科,"3,387,740.00",母公司,3.11,千顆晶粒,ISO 14001
2409,友達,"21,546.86",全球營運據點,0.45,產品,ISO46001
2412,中華電,"2,175.00",2022年ESG永續報告書,N/A,N/A,2022年ESG永續報告書
2413,環科,"26,348.00",母公司,5.4506,百萬元營業額,N
2414,精技,"4,754.00",僅母公司,0.2148,百萬元營業額,N
2415,錩新,"421,804.00",母公司+錩新科技(越南)公司,"421,804.00",百萬元營業額,N
2417,圓剛,"7,110.00",母公司,0.003,百萬公升用水量/坪,N
2419,仲琦,"42,409.00",新竹總部+海外據點(蘇州，越南),102.34,百萬元營業額,N
2420,新巨,"18,411.00",母公司,6.97,百萬元營業額,N
2421,建準,"311,181.00",高雄總部及工廠、昆山廣興電子有限公司、北海建準電子有限公司、北海立準電子有限公司、Sunon Electronics Philippines Corp,0.0221,百萬元營業額,N
2423,固緯,"11,429.00",母公司,N/A,N/A,N
2424,隴華,N/A,N/A,N/A,N/A,N
2425,承啟,N/A,N/A,N/A,N/A,N
2426,鼎元,"772,188.00",僅母公司,350.46,百萬元營業額,N
2427,三商電,"2,313.00",總公司及桃園倉庫,7.2965,員工人數,N
2428,興勤,"393,410.00",本公司所有廠區及子公司元耀科技股份有限公司、興勤(常州)電子有限公司、東莞為勤電子有限公司、興勤(宜昌)電子有限公司及江西興勤電子有限公司,0.0404,KPCS產品,N
2429,銘旺科,"31,360.00",僅母公司,N/A,N/A,N
2430,燦坤,N/A,N/A,N/A,N/A,N
2431,聯昌,N/A,N/A,N/A,N/A,N
2432,倚天酷-創,610,僅申報公司,0.37,百萬元營業額,N
2433,互盛電,"2,251.79",僅母公司,0.0016,千元營業額,N
2434,統懋,"17,366.00",母公司,364.4415,百萬元營業額,N
2436,偉詮電,0.943,新竹廠區,0.0003,百萬元營業額,N
2438,翔耀,N/A,N/A,N/A,N/A,N
2439,美律,"372,084.17",母公司與部分合併財務報表之子公司,68.7908,員工人數,N
2440,太空梭,N/A,N/A,N/A,N/A,N
2441,超豐,"1,106,755.00",公義廠及頭份廠,69.3877,百萬元營業額,N
2442,新美齊,"7,062.00",111年新美齊新建工程建案,N/A,N/A,N
2444,兆勁,"31,954.00",母公司,0.0002,百萬元營業額,N
2449,京元電子,"3,280,000.00",包含合併財務報表之母子公司,"8,917.00",億元,ISO 46001
2450,神腦,8.79,2022年盤查範疇為新店總公司共10間辦公室。,0.0252,公噸/人,N
2451,創見,"28,380.00",僅母公司,2.3411,百萬元營業額,N
2453,凌群,"10,000.00",母公司,1.7622,百萬元營業額,N
2454,聯發科,"485,629.00",僅母公司,39.37,母公司員工人數,N
2455,全新,"77,199.00",平鎮廠、平鎮二廠,"77,199.00",產品,N
2457,飛宏,13.668,母公司,0.021,百萬公升/人,N
2458,義隆,"19,735.00",義隆電子(新竹)、義晶、義碩,31.34,每年每人,AA1000
2459,敦吉,"6,636.00",母公司及子公司敦吉檢測科技股份有限公司台北商辦大樓,N/A,N/A,N
2460,建通,N/A,N/A,N/A,N/A,N
2461,光群雷,"11,543.00",僅母公司,6.57,百萬元營業額,N
2462,良得電,N/A,N/A,N/A,N/A,N
2464,盟立,N/A,N/A,N/A,N/A,N
2465,麗臺,"3,553.00",工廠,N/A,N/A,N
2466,冠西電,"10,774.00",母公司宜蘭廠,0.0172,仟元營業額,N
2467,志聖,"14,615.00",母公司,N/A,N/A,N
2468,華經,"1,580.00",包含合併財務報表之母子公司,N/A,N/A,N
2471,資通,"7,610.00",主要來源為辦公室同仁基本之民生用水。,N/A,N/A,N
2472,立隆電,"319,741.00",立隆、立隆惠州、立隆蘇州,N/A,N/A,N
2474,可成,"2,020,430.00",僅母公司台南廠區自來水總用量與回收水錶,273.0311,百萬元營業額,N
2476,鉅祥,N/A,N/A,N/A,N/A,N
2477,美隆電,"5,472.00",111/01/01~111/12/31母公司,0.0017,千元營業額,N
2478,大毅,"279,913.00",母公司,55.801,百萬元營業額,N
2480,敦陽科,"1,474.00",新竹總公司,0.22,百萬元營業額,N
2481,強茂,"301,439.00",岡山廠,34.04,營業額,N
2482,連宇,"5,685.00",母公司,N/A,N/A,N
2483,百容,"73,750.00",僅母公司,N/A,N/A,N
2484,希華,"76,704.00",母公司,25.19,百萬元營業額,N
2485,兆赫,"48,292.00",僅母公司,0.0073,千元營業額,N
2486,一詮,"159,296.00",111年度自來水水費通知單,0.0584,千元營業額,N
2488,漢平,"7,390.00",2022年自來水公司帳單,2.395,百萬元營業額,N
2489,瑞軒,"94,655.00",包含合併財務報表之母子公司,5.79,百萬元營業額,N
2491,吉祥全,776,母子公司,N/A,N/A,N
2492,華新科,"2,293.00",母公司及主要生產基地之子公司(東莞/蘇州/廣州),0.003,產品,N
2493,揚博,N/A,N/A,N/A,N/A,N
2495,普安,"1,640.00",僅母公司,N/A,N/A,N
2496,卓越,N/A,N/A,N/A,N/A,N
2497,怡利電,"24,587.00",111年度整年用水量,0.0113,千元營業額,N
2498,宏達電,"85,260.00",範圍以HTC台灣區域為主，涵蓋所有HTC在台灣執行營運的母子公司組織範疇,46.5902,公噸/平均每人/年,AA1000
2501,國建,"1,743.00",僅母公司,10.89,員工人數,N
2504,國產,"176,970.00",總公司、汐止廠、台中廠及台南廠,N/A,N/A,N
2505,國揚,N/A,N/A,N/A,N/A,N
2506,太設,"1,710.00",僅執行中工地,"1,710.00","千元營業額653,954=0.0026",N
2509,全坤建,N/A,N/A,N/A,N/A,N
2511,太子,"255,930.00",母公司,2.58,平方公尺(樓地板面積為99149.5平方公尺),N
2514,龍邦,N/A,N/A,N/A,N/A,N
2515,中工,"106,228.00",母公司,7.6514,百萬元營業額,N
2516,新建,"60,195.00",母公司,8.78,百萬元營業額,N
2520,冠德,"1,533.00",111年,0.0713,百萬元營業額,N
2524,京城,N/A,N/A,N/A,N/A,N
2527,宏璟,"154,686.00",包含合併財務報表之母子公司,413.6,員工及商場承租戶員工人數,N
2528,皇普,N/A,N/A,N/A,N/A,N
2530,華建,"1,287.63",合併財務報表之母子公司,0.46,樓地板面積(平方公尺),SASB IF-RE-140a.1 Water Management
2534,宏盛,N/A,N/A,N/A,N/A,N
2535,達欣工,"1,902.00",母公司營運總部,0.1107,百萬元營業額,N
2536,宏普,3.82,總公司大樓分攤用水量,0.55,百萬元營業額,N
2537,聯上發,N/A,N/A,N/A,N/A,N
2538,基泰,N/A,N/A,N/A,N/A,N
2539,櫻花建,"61,880.00",母公司,0.11,樓地板面積,N
2540,愛山林,N/A,N/A,N/A,N/A,N
2542,興富發,"2,586.00",母公司,0.1087,百萬元營業額,N
2543,皇昌,N/A,N/A,N/A,N/A,N
2545,皇翔,N/A,N/A,N/A,N/A,N
2546,根基,"58,461.00",總公司及工程專案,4.1156,百萬元營業額,N
2547,日勝生,"32,046.00",日勝生/日鼎水務/萬達通,13.94,日勝生：噸/人,N
2548,華固,"1,299.00",僅母公司辦公室,0.088,百萬元營業額,N
2597,潤弘,"694,236.00",冬山廠冷卻用水,N/A,N/A,N
2601,益航,944.85,合併財務報表之母子公司,N/A,N/A,N
2603,長榮,"153,436.00",海上船舶及陸上營運據點,N/A,N/A,N
2605,新興,N/A,N/A,N/A,N/A,N
2606,裕民,1.47,船舶艙底水及排泄汙水,0,千元營業額,DNV VeriSustain 中度保證等級
2607,榮運,N/A,N/A,N/A,N/A,N
2608,嘉里大榮,"161,088.79",嘉里大榮物流組織全部(僅母公司),15.99,百萬元營業額,N
2609,陽明,"36,662.00",七堵總公司、基隆分公司(含基隆陽明貨櫃場)、高雄分公司(含70號碼頭)、台灣營業部、梧棲辦公室,0.0001,仟元個體營業收入,VeriSustain TM中度保證等級
2610,華航,"99,207.00",以母公司為主體（但包含企業總部、修護廠區、台灣地區作業區域與分公司，母數範圍較同業廣）,0.658,百萬元營業額,ISO 14001
2611,志信,N/A,N/A,N/A,N/A,N
2612,中航,"16,769.00",合併財務報表之母子公司,3.8025,百萬元營業額,N
2613,中櫃,"21,867.00",本公司內部統計資料,N/A,N/A,N
2614,東森,"16,911.00",僅母公司,11.43,百萬元營業額,N
2615,萬海,"205,401.77",母公司(萬海船隊、台中高雄碼頭和台灣辦公室),0.79,百萬元營業額,N
2616,山隆,N/A,N/A,N/A,N/A,N
2617,台航,"1,550.00",含母子公司,N/A,N/A,N
2618,長榮航,"131,859.00",僅母公司,0.55,總用水/樓地板面積,ISO14001環境管理系統
2630,亞航,"52,706.00","本公司廠區(松山、台中、台南
(含歸仁)、屏東)所使用之用水量。",12.953,百萬營業額,N
2633,台灣高鐵,"653,423.00",全公司,0.012,平均服務每名旅客,N
2634,漢翔,"1,475,090.00",母公司,48.7762,百萬元營業額,N
2636,台驊控股,N/A,N/A,N/A,N/A,N
2637,慧洋-KY,"1,939.00",母公司總部辦公大樓,0.08,百萬元營業額,N
2642,宅配通,"58,667.00",台灣宅配通股份有限公司,N/A,N/A,N
2645,長榮航太,N/A,N/A,N/A,N/A,N
2701,萬企,"28,500.00",以萬華企業為主體,125.55,百萬元營業額,N
2702,華園,"2,816.00",僅為母公司,"21,990.00",千元營業額,N
2704,國賓,"457,389.00",2022/1/1~2022/12/31以國賓大飯店為主體，包含台北、新竹、高雄三館,0.3156,千元營業額,N
2705,六福,"953,755.00",母公司之主要營運地，包含總公司及南港分公司,0.5721,千元營業額,N
2706,第一店,"11,110.00",臺北市中山區的第一大飯店,38.1787,百萬元營業額,N
2707,晶華,"408,154.00",台北晶華,134.837,百萬元營業額,N
2712,遠雄來,"151,218.00",母公司,283.7111,百萬元營業額,N
2722,夏都,"166,020.00",母公司,N/A,N/A,N
2723,美食-KY,N/A,N/A,N/A,N/A,N
2727,王品,"2,373,234.78",含王品、王莆(子公司)、群品(子公司),"13,023.34",每年,N
2731,雄獅,N/A,N/A,N/A,N/A,N
2739,寒舍,"798,425.00",母公司,0.241,仟元營業額,N
2748,雲品,"343,230.76",母公司,5.9866,總樓地板面積m2,N
2753,八方雲集,"277,006.00",母公司及台灣子公司,51.11,百萬元營業額,N
2801,彰銀,"147,532.00",母公司之國內全數營運據點,4.3216,百萬元營業額,ISO 46001
2809,京城銀,"18,707.00",母公司,3.74,單位淨收益用水量(度/百萬元),N
2812,台中銀,"11,856.30",盤查邊界包含總行民權大樓、民族大樓、南台中分行及員訓中心,N/A,N/A,N
2816,旺旺保,"10,896.00",總公司及15家分公司,9.8,人,N
2820,華票,"2,443.00",總公司與5家分公司,N/A,N/A,N
2832,台產,"11,703.00",總分公司,"11,703.00",百萬元營業額,N
2834,臺企銀,"168,150.89",國內外營業據點及合併報表子公司，共169處據點。,30.8,"169處據點員工人數共5,460人。",ISO 14001
2836,高雄銀,"22,092.29",母公司,5.67,百萬元營業額,N
2838,聯邦銀,"64,454.58",全行各單位,4.83,百萬元營業額,N
2845,遠東銀,"66,932.00",母公司+2家子公司(遠銀資產+遠榮租賃),26.12,人,N
2849,安泰銀,"38,503.00",僅母公司共53個據點,N/A,N/A,N
2850,新產,"6,039.45",全公司,0.2696,服務,N
2851,中再保,"2,424.00",母公司,0.11,百萬元營業額,N
2852,第一保,"7,820.00",總公司,9.14,員工人數,N
2855,統一證,"13,839.00",總部大樓,21.09,人均用水量,N
2867,三商壽,"152,900.00",全公司,1.3945,百萬元營業額,N
2880,華南金,"303,443.00",包含合併財務報表之母子公司及孫公司,5.65,百萬元營業額,ISO 46001
2881,富邦金,"531,475.00",包含富邦金控及子公司富邦人壽、台北富邦銀行、富邦產險、富邦證券、日盛銀行(2023/4併入北富銀)、日盛證券(2023/4併入富邦證券)、富邦期貨、富邦育樂、富邦運動場館、富邦投信、富邦投顧、北富銀創投、富銀香港、富邦華一銀行。,13.12,員工人數,N
2882,國泰金,"608,227.88",包含集團(金控、人壽、銀行、產險、證券、投信、投顧、創投、期貨、私募)之國內據點,13.34,總員工數 (度/每人),ISO 46001
2883,凱基金,"214,610.00",開發金控所有據點及中國人壽北京代表處，未涵蓋包含中國人壽國內所有通訊處及海外子公司所有據點,N/A,N/A,AA1000 Type II
2884,玉山金,"248,326.00",100%持有合併財務報表之母子公司,4.531,百萬元營業額,ISO 14046、ISO 46001
2885,元大金,"167,040.00",合併財務報表之母子公司(全台灣營業據點),636.27,單位面積,ISO14046
2886,兆豐金,"183,047.00",包含合併財務報表母子公司之國內所有據點,20.84,國內員工人數,ISAE 3000
2887,台新金,"141,493.84",台新金控的用水量以銀行為計算基礎，依銀行佔全金控的員工數比例推估。,2.13,百萬元營業額,永續報告書資訊委由BSI查證，取得GRI Standards準則-核心選項與AA1000AS v3第二類型中度保證等級查證
2888,新光金,"380,424.00",包含合併財務報表之母子公司,3.77,百萬元營業額,ISO 14046
2889,國票金,"28,418.00","涵蓋包含合併財務報表之母子公司，包括國票金融控股公司、國際票券金融股份有限公司、國票綜合證券股份有限公司、國票證券投資顧問股份有限公司、國票期貨股份有限公司、國票證創業投資股份有限公司、國票創業投資股份有限公司、國旺國際融資租賃有限公司、IBF Financial Holding Co., Ltd.，共計48個據點。",4.87,佰萬元淨收益,N
2890,永豐金,"173,369.00",金控及旗下5家主要子公司（永豐銀行、永豐金證券、永豐投信、永豐金租賃、永豐創業投資)之國內外所有營運據點納入統計範疇(與合併財報數據邊界一致)。,17.84,每人,AA1000 ASv3第二類型高度保證等級
2891,中信金,"359,512.00",中信金控、中信銀行(國內據點)、及以下子公司總部：台灣彩券、中信保全、台灣人壽、中信AMC、中信創投、中信投信、中信證券。2020年起，用水量盤查範疇扣除中國信託金融園區之商家用水量。,24.68,人,N
2892,第一金,"213,770.00",涵蓋範圍為第一銀行國內全數營運據點及證券、投信、人壽、AMC之總公司與國內分支機構。,23.4,員工人數,ISO 46001
2897,王道銀行,"14,916.00",母公司全台營運據點,1.65,每百萬元淨收益,ISO 14001
2901,欣欣,"53,936.00",1度=1頓,78.45,百萬元營業額,N
2903,遠百,"2,075.67",僅母公司,"3,641.50",億元營業額,ISO 14046:2014
2904,匯僑,"17,777.00",臺中港&#11972;&#12038;及&#11972;五槽區,N/A,N/A,N
2905,三商,N/A,N/A,N/A,N/A,N
2906,高林,N/A,N/A,N/A,N/A,N
2908,特力,"18,488.00",特&#12050;(股)總部、楊梅物流中&#12092;及台中辦公室,1.2243,百萬營收,N
2910,統領,N/A,N/A,N/A,N/A,N
2911,麗嬰房,N/A,N/A,N/A,N/A,N
2912,統一超,"3,020,304.20","實際統計包含總部大樓及4,206家門市及24家商場、推估值包含9處區辦公室及2,425家門市。",397,門市數,中華民國確信準則3000號
2913,農林,N/A,N/A,N/A,N/A,N
2915,潤泰全,"28,830.40",母公司,10.97,百萬元營業額,N
2923,鼎固-KY,"663,345.00",包含上海打浦橋日月光中心、上海嘉定日月光中心、上海御華山以及重慶日月光中心，共計四據點。,7.1934,新台幣十萬元營收,N
2929,淘帝-KY,N/A,N/A,N/A,N/A,N
2939,永邑-KY,N/A,N/A,N/A,N/A,N
2945,三商家購,N/A,N/A,N/A,N/A,N
3002,歐格,995,母公司,1.968,百萬元營業額,N
3003,健和興,"46,371.00",僅母公司,0.0015,千元營業額,N
3004,豐達科,103.01,僅母公司,4.7,百萬元營業額,N
3005,神基,"652,740.00",涵蓋神基投控暨其八家子公司,600,百萬元營業額,GRI Standards依循選項與AA 1000 ASv3 Type1 中度保證等級的要求
3006,晶豪科,"20,499.00",母公司,1.2647,百萬元營業額,N
3008,大立光,"931,191.00",母公司,19.53,百萬元營業額,N
3010,華立,"4,850.00",母公司及子公司(全順),"4,850.00",公噸/仟萬元營業額,N
3011,今皓,N/A,N/A,N/A,N/A,N
3013,晟銘電,"424,265.00",包含合併財務報表之母子公司,N/A,N/A,N
3014,聯陽,"14,042.00",母公司,2.69,百萬元營業額,N
3015,全漢,"203,650.00",母公司與部分子公司,0.0136,百萬元營業額,N
3016,嘉晶,"632,188.20",111/1/1至111/12/31,107.15,百萬元營業額,N
3017,奇鋐,"1,567,702.97",台灣高雄、深圳奇宏/興奇宏、東莞明鑫/興奇宏、成都奇宏、武漢奇宏/興奇宏、嘉善萬順達、越南,27.99,"總用水量/營業額=1,567,702.97公噸/56,017 TWD’M = 27.99",N
3018,隆銘綠能,N/A,N/A,N/A,N/A,N
3019,亞光,"110,636.06",母公司,5.8,百萬元營業額,N
3021,鴻名,"3,163.00",母公司自有辦公區500坪/租用辦公室101坪,N/A,N/A,N
3022,威強電,"9,216.00",僅母公司,1.7592,百萬元營業額,N
3023,信邦,"62,026.00",集團100%持股之11個據點,2.029,"62,026(噸)/30,574.800 (新台幣百萬元,2022年營收)= 2.029",N
3024,憶聲,"6,701,000.00",母公司,N/A,N/A,N
3025,星通,N/A,N/A,N/A,N/A,N
3026,禾伸堂,"273,689.00",母公司,16.77,產品,N
3027,盛達,N/A,N/A,0.0009,百萬元營業額,N
3028,增你強,"6,749.00",範圍包含台灣區內湖總部辦公室,0.3469,百萬元營業額,N
3029,零壹,N/A,N/A,N/A,N/A,N
3030,德律,"13,587.00",母公司,4.6388,產品,N
3031,佰鴻,N/A,N/A,N/A,N/A,N
3032,偉訓,N/A,N/A,N/A,N/A,N
3033,威健,"4,060.00",威健在台灣營運據點為主（臺北內湖總公司、內湖倉儲中心、桃園倉儲中心及中南部聯絡處(新竹、臺中及高雄)）,0.1409,百萬元營業額,N
3034,聯詠,"93,489.00",母公司,0.8502,百萬元營業額,N
3035,智原,"17,645.00",母公司,1.54,百萬元營業額,N
3036,文曄,"12,949.00",包含合併財務報表母子公司之台灣各營運據點，並新增香港物流中心。,0.322,樓地板面積(平方公尺),N
3037,欣興,"21,340,802.00",母公司及部份子公司,152,百萬元營業額,AWS (國際水資源管理標準)
3038,全台,"295,870.00",母公司及東莞廠,45.39,PCS,N
3040,遠見,0.5,母公司,N/A,N/A,N
3041,揚智,"1,608.00",僅母公司,0.0368,產品,N
3042,晶技,"326,820.00",2022年自來水總用量,30.8408,以個體營收計算，單位：新台幣百萬元,N
3043,科風,N/A,N/A,N/A,N/A,N
3044,健鼎,"16,795,547.00",健鼎-平鎮/無錫/湖北廠區,0.255,百萬元營業額,"由TUV驗證並取得白金等級,詳見我司官網www.tripod-tech.com"
3045,台灣大,"294,790.00",2022,0.0017,千元營業額,依中華民國會計研究發展基金會確信準則公報第3000 號「非屬歷史性財務資訊查核或核閱之確信案件」進行有限確信
3046,建,152,含合併財務報表之母子公司,0.05,百萬元營業額,N
3047,訊舟,"8,987.00",僅母公司,2.2477,百萬元營業額,N
3049,精金,"944,001.00",自來水錶(2022/1/1~2022/12/31),0.3924,用水量(公噸)/營業額(仟元),N
3050,鈺德,"32,890.00",僅母公司,N/A,N/A,N
3051,力特,"385,557.00",母公司,130.8303,百萬元營業額,ISO14001
3052,夆典,"1,288.00",總部辦公處所(新北市中和區新民街112號4樓),1.4537,營業額以百萬計,N
3054,立萬利,N/A,N/A,N/A,N/A,N
3055,蔚華科,"10,497.00",僅母公司,16.98,百萬元營業額,N
3056,富華新,"52,466.00",資料涵蓋母公司及子公司總太營造,N/A,N/A,N
3057,喬鼎,"5,110.00",母公司,6.3893,百萬元營業額,N
3058,立德,N/A,N/A,N/A,N/A,N
3059,華晶科,18,母公司,N/A,N/A,N
3060,銘異,"81,342.00",僅母公司桃園市龜山區範疇,N/A,N/A,N
3062,建漢,"5,052.00",111/1~111/12,N/A,N/A,N
3090,日電貿,0.157,母公司(新店廠辦及中和廠),N/A,N/A,N
3092,鴻碩,"123,020.00",合併財務報表之重要子公司-鴻碩蘇州公司,36.589,百萬元營業額,ISO50001;2018
3094,聯傑,"4,329.00",母公司,14.6255,百萬元營業額,N
3130,一零四,"7,792.00",包含新店總公司,10.59,員工人數,N
3138,耀登,"3,817.00",僅母公司,33,人,N
3149,正達,"128,570.00",母公司,186.2682,百萬元營業額,N
3164,景岳,"22,430.00","111年 用水量(度)
1月 1593
2月 1231
3月 1627
4月 1573
5月 1868
6月 2289
7月 2027
8月 1986
9月 2149
10月 2166
11月 2231
12月 1690",907.76,產品,N
3167,大量,"8,906.00",僅母公司,N/A,N/A,N
3189,景碩,"5,700,988.00",母公司,1.6833,產品,N
3209,全科,"1,469.00",僅包括母公司台灣總部,0.02,百萬元營業額,N
3229,晟鈦,"75,440.00",合併財務報表之母子公司,92,百萬元營業額,N
3231,緯創,"3,812,479.85",母公司及全球主要營運與製造廠區(昆山廠、泰州廠、中山廠、重慶廠、成都廠、墨西哥廠、捷克廠、昆山光電廠及馬來西亞廠),4.1831,百萬元營業額,AA1000:2018
3257,虹冠電,"1,476.00",辦公室用水,2.9055,百萬元營業額,N
3266,昇陽,1.128,僅母公司,0.017,員工人數67人,N
3296,勝德,223,僅母公司,N/A,N/A,N
3305,昇貿,"20,528.00",營運控制法,0.005,公噸/千元營業額,N
3308,聯德,N/A,N/A,N/A,N/A,N
3311,閎暉,"20,939.00",本公司之子公司(旭榮電子(深圳)有限公司),104.5638,新台幣百萬元營業額,N
3312,弘憶股,N/A,N/A,N/A,N/A,N
3321,同泰,"279,668.00",母公司,2.9148,產品,N
3338,泰碩,N/A,N/A,N/A,N/A,N
3346,麗清,"6,122.00",母公司,N/A,N/A,N
3356,奇偶,N/A,N/A,N/A,N/A,N
3376,新日興,"204,510.00",僅母公司,2.36,百萬元營業額,N
3380,明泰,"51,413.00",民國111年,"51,413.00",民國111年用水量,N
3406,玉晶光,"73,673.00",母公司,"73,673.00",百萬元營業額,N
3413,京鼎,"299,418.00",2022/01/01~2022/12/31,0.0201,千元營業額,N
3416,融程電,480.45,自來水水費單,N/A,N/A,N
3419,譁裕,"12,188.00",僅母公司,N/A,N/A,N
3432,台端,401,包含合併財務報表之母子公司,N/A,N/A,N
3437,榮創,"50,888.00",僅母公司,23.269,百萬元營業額,N
3443,創意,"15,774.00",新竹總部,0.65,百萬元營業額,N
3447,展達,"180,366.55",包含合併財務報表之母子公司,30.03,百萬元營業額,N
3450,聯鈞,"44,240.00",母公司,N/A,N/A,N
3454,晶睿,"13,562.00",168+192+桃園廠區,N/A,N/A,N
3481,群創,"18,904,748.00",群創光電(母公司)及子公司：寧波群志光電、寧波群輝光電、佛山群志光電、 南京群志光電、 上海群志光電,84.5,百萬元營業額,ISO 14001
3494,誠研,"17,430.00",包含合併財務報表之母子公司,N/A,N/A,N
3501,維熹,"109,972.00",合併財務報表之母子公司(不含美日子公司),17.86,百萬元營業額,N
3504,揚明光,"88,948.00",僅母公司,N/A,N/A,N
3515,華擎,"4,775.00",母公司,15.3,員工人均用水量,N
3518,柏騰,N/A,N/A,N/A,N/A,N
3528,安馳,N/A,N/A,N/A,N/A,N
3530,晶相光,N/A,N/A,N/A,N/A,N
3532,台勝科,"3,040,015.00",僅母公司,0.185,百萬元營業額,N
3533,嘉澤,"584,123.00",本公司及廣州、蘇州、中山子公司,21.56,百萬元營業額,N
3535,晶彩科,"5,410.00",僅母公司,3.707,百萬元營業額,N
3543,州巧,N/A,N/A,N/A,N/A,N
3545,敦泰,N/A,N/A,N/A,N/A,N
3550,聯穎,N/A,N/A,N/A,N/A,N
3557,嘉威,"398,066.00",母公司及大陸子公司,70.82,百萬元營業額,N
3563,牧德,"10,240.00",牧德科技股份有限公司,4.871,百萬元營業額,N
3576,聯合再生,"693,929.00",母公司(竹科廠、竹南廠及台南廠),42.43,百萬元營業額,N
3583,辛耘,"351,530.00",新竹縣湖口鄉中華路16號,N/A,N/A,N
3588,通嘉,"3,646.80",母公司(竹北及板橋office),2.3439,百萬元營業額,N
3591,艾笛森,"11,365.00",艾笛森中和所有廠區及子公司艾特中和廠區,38.81,百萬元營業額,N
3592,瑞鼎,"9,559.00",母公司-瑞鼎科技,12.29,人均用水量(公噸/年),N
3593,力銘,N/A,N/A,N/A,N/A,N
3596,智易,"166,291.00",台灣總部、中國生產中心及越南生產中心,2.33,每月人均,N
3605,宏致,"19,533.00",東園廠及精工中心兩廠總度數,N/A,N/A,N
3607,谷崧,N/A,N/A,N/A,N/A,N
3617,碩天,"7,771.18",僅母公司（碩天科技台北總部與台南工廠）,N/A,N/A,ISO 14064-1
3622,洋華,"10,956.00",母公司,7.0867,百萬元營業額,N
3645,達邁,"177,125.00",母公司,97.5717,百萬元營業額,N
3652,精聯,"5,037.00",僅母公司,2.6895,百萬元營業額,N
3653,健策,"936,257.00",母公司,91.06,百萬元營業額,ISO14001
3661,世芯-KY,0.229,台北總公司、新竹辦公室,N/A,N/A,N
3665,貿聯-KY,"561,871.00",涵蓋集團33個生產據點: 昆山貿聯廠、昆山翔光廠、常州廠、常州BCNC廠、深圳通盈廠、翔耀廠、康聯廠、廈門新視廠、百事聯廠、佛山城鉞廠、新加 坡加冷廠、馬來西亞柔佛廠、馬來西亞檳城廠、加州廠、密西根廠、德州廠、墨西哥廠、加拿大廠、塞爾維亞廠、斯洛伐克廠、德國廠、法國廠、捷克廠、義大利廠等。,10.5,百萬元營業額,N
3669,圓展,"18,180.00",母公司,6.04,百萬元營業額,N
3673,TPK-KY,"3,744,674.00",包含合併財務報表之母子公司,0.04,千元營業額,N
3679,新至陞,"4,307.00",111.01~111.12,3.825,百萬元營業額,N
3686,達能,1.06,包含合併財務報表之母子公司,0.02,百萬元營業額,N
3694,海華,"141,122.00",上海子公司廠區,112.9,員工人數,N
3701,大眾控,N/A,N/A,N/A,N/A,N
3702,大聯大,"55,827.00","台灣地區統計範圍包含台北總部、新竹辦公室及林口倉庫，
海外地區統計範圍包含中國地區部份辦公室及香港、東莞倉庫、新加坡辦公室、韓國辦公室",13.93,各據點員工合計數,依照確信準則3000號「非屬歷史性財務資訊查核或核閱之確信案件」進行有限確信驗證，指標揭露內容參照GRI 303-3
3703,欣陸,"229,723.00",母公司及主要營運子公司,7.1463,百萬元營業額,ISO 14001，驗證範圍：鳳山、安平及淡水水資源回收中心
3704,合勤控,"52,510.00",合勤投資控股股份有限公司、盟創科技股份有限公司、合勤科技股份有限公司、兆勤科技股份有限公司,1.05,百萬元營業額,N
3705,永信,N/A,N/A,N/A,N/A,N
3706,神達,"469,844.00",合併財務報表之母子公司，含台灣營運、研發中心及廠區；中國主要生產據點：廣東順達廠區/江蘇昆達廠區/江蘇璽達廠區；美國加州組裝廠區：MiTAC Information SystemsCorp.,9.8,百萬元營業額,N
3708,上緯投控,"15,849.00",上緯興業股份有限公司、上偉碳纖複合材料股份有限公司、磁震科技開發股份有限公司,4.854,百萬元營業額,ISO14001
3711,日月光投控,"23,398,955.95",日月光半導體製造股份有限公司(高雄廠、中壢廠、無錫廠、上海材料廠、上海月芯半導體、日本廠、韓國廠、 新加坡廠、馬來西亞廠、ISE Labs)、矽品精密工業股份有限公司(大豐廠、中山廠、中科廠、新竹廠、彰化廠、中工廠、蘇州廠)、環電股份有限公司(南投廠、張江廠、昆山廠、金橋廠、惠州廠、墨西哥廠),1.0718,立方米/千美金營收,ISO46001;GRI;SASB
3712,永崴投控,94.95,母公司,31.48,用水量/人,N
3714,富采,"3,492,000.00",台灣廠區,0.12,百萬元營業額,N
3715,定穎投控,"4,409,199.00",資料涵蓋範圍包含合併財務報表之母子公司,288.24,百萬元營業額,（AWS）國際水資源管理標準
4104,佳醫,"1,893.00",僅母公司,0.0004,仟元營業額,N
4106,雃博,"7,308.00",僅母公司(即土城廠區),0.0058,千元營業額,N
4108,懷特,"16,205.23",台北公司及楊梅精製廠,N/A,N/A,N
4119,旭富,"104,000.00",包含合併財務報表之母子公司,0.2661,產品,N
4133,亞諾法,"5,446.00",資料涵蓋範圍僅母公司。,N/A,N/A,N
4137,麗豐-KY,"11,709.60",子公司微碩(上海)日用品有限公司,N/A,N/A,N
4142,國光生,"156,643.00",僅母公司,69.5689,百萬元營業額,N
4148,全宇生技-KY,N/A,N/A,N/A,N/A,N
4155,訊映,N/A,N/A,N/A,N/A,N
4164,承業醫,"3,798.00",包含合併財務報表之母子公司,1.28,百萬元營業額,N
4190,佐登-KY,"11,593.00","台灣子公司:453公噸
廣州子公司:11,140公噸",N/A,N/A,N
4306,炎洲,"117,808.00",母公司及台灣廠區,8.0298,百萬元營業額,N
4414,如興,"2,355.68",中國常州廠區與柬埔寨長泰、宏興、如興三家水洗廠,N/A,N/A,依行業標準
4426,利勤,"569,749.00",111年全年用水量,153.78,產品,N
4438,廣越,N/A,N/A,N/A,N/A,N
4439,冠星-KY,"1,495,294.35",TOP SPORTS TEXTILE LTD.,91.7764,產品,EMeRet
4440,宜新實業,2.2858,彰化廠/宿舍/台北公司,N/A,N/A,N
4526,東台,"22,744.00",母公司,0.0031,產品,N
4532,瑞智,"51,431.00",僅母公司,5.51,百萬元營業額,N
4536,拓凱,"8,800.00",本公司,N/A,N/A,N
4540,全球傳動,"49,578.00",111年度水費單,14.69,百萬元營業額,N
4545,銘鈺,"260,753.00",母公司,216,百萬元營業額,N
4551,智伸科,"453,058.00",包含合併財務報表之母子公司,0.0014,產品,N
4552,力達-KY,N/A,N/A,N/A,N/A,N
4555,氣立,"4,778.00",僅母公司,7.36,百萬元營業額,N
4557,永新-KY,N/A,N/A,N/A,N/A,N
4560,強信-KY,N/A,N/A,N/A,N/A,N
4562,穎漢,N/A,N/A,N/A,N/A,N
4564,元翎,"119,373.00",本公司及重要子公司,N/A,N/A,N
4566,時碩工業,"22,576.00",母公司,9.754,百萬元營業額,N
4571,鈞興-KY,"107,053.00",主要生產子公司珠海鈞興及越南鈞興,0.0438,千元營業額,N
4572,駐龍,"26,754.00",合併財務報表之母子公司,42.01,百萬元營業額,N
4576,大銀微系統,"28,839.00",母公司之總部及二廠,20.9738,千小時總經歷工時,N
4581,光隆精密-KY,"29,726.00",包含合併財務報表之母子公司,29.0624,百萬元營業額,N
4583,台灣精銳,"81,853.00",母公司,0.0276,千元營業額,ISO14001
4720,德淵,"14,070.00",用水量係以母公司計算；排放密集度單位係以合併財務報表百萬營業額計算。,3.8485,百萬元營業額,N
4722,國精化,"109,944.00",母公司,N/A,N/A,N
4736,泰博,"64,677.00",母公司,7.7281,百萬元營業額,N
4737,華廣,"28,890.00",母公司,N/A,N/A,N
4739,康普,"462,120.00",康普集團,5.48,百萬元營業額,ISO50001
4746,台耀,"430,997.15",母公司,113.2967,百萬元營業額,N
4755,三福化,"379,920.00",僅母公司(善化廠、柳科廠、高雄廠),0.0732,營業額；單位：公噸  / 仟元,確信準則公報第一號
4763,材料-KY,"912,512.00",合併財務報表之母子公司,0.2137,營業額(仟元單位),N
4764,雙鍵,"20,638.00",母公司,7.3548,百萬元營業額,N
4766,南寶,"70,662.00",僅母公司,0.014,千元營業額,ISO 46001
4770,上品,"50,210.00",僅母公司,8.1801,百萬元營業額,N
4807,日成-KY,"123,745.00",2022年度,N/A,N/A,N
4904,遠傳,"242,341.00",包含母公司及新世紀資通、和宇寬頻及全虹等三家子公司,2.718,百萬元營業額,ISAE3000確信標準
4906,正文,"205,230.00",台灣總部、正鵬(昆山)廠、安博(常熟)廠及越南正文廠,0.0074,仟元營業額,N
4912,聯德控股-KY,"33,133.00",重要子公司聯德精密材料(中國)股份有限公司,"21,530.00",產品,N
4915,致伸,"871,671.88",致伸科技及子公司東莞東聚、致伸重慶、致伸昆山、惠州迪芬尼、東莞迪芬尼、東城迪芬尼，迪芬尼電聲、致伸泰國、迪芬尼泰國,11,百萬元營業額,ISO 14046
4916,事欣科,N/A,N/A,N/A,N/A,N
4919,新唐,"407,532.00",僅母公司(不含台北、竹北、台南),40.0561,公升/層-晶圓光罩,N
4927,泰鼎-KY,"3,477,000.00",包含合併財務報表之母子公司,230,百萬元營業額,N
4930,燦星網,N/A,N/A,N/A,N/A,N
4934,太極,"6,258.00",母公司及越南子公司,2.8171,百萬元營業額,N
4935,茂林-KY,N/A,N/A,N/A,N/A,N
4938,和碩,"5,058,795.00",和碩聯合科技(股)公司、昌碩科技(上海)、世碩電子(昆山)、名碩電腦(蘇州)、康碩電子(蘇州)、凱碩電腦(蘇州)、旭碩科技(重慶)、凱全電子(重慶)、Pegatron Mexico S.A. de C.V.、PEGATRON Czech s.r.o.、PT. PEGATRON TECHNOLOGY INDONESIA、PEGATRON VIETNAM COMPANY LIMITED、PEGATRON TECHNOLOGY HAI PHONG COMPANY LIMITED、PEGATRON TECHNOLOGY INDIA PRIVATE LIMITED,3.84,百萬元營業額,N
4942,嘉彰,"31,984.00",111年度用水量統計,15.7604,百萬元營業額,N
4943,康控-KY,N/A,N/A,N/A,N/A,N
4952,凌通,"5,253.00",母公司,1.6574,百萬元營業額,N
4956,光鋐,"130,604.00",111年01月~111年12月,N/A,N/A,N
4958,臻鼎-KY,"13,612,000.00",大陸園區及台灣園區,79.4,百萬元營業額,The AWS International Water Stewardship Standard v 2.0
4960,誠美材,"427,801.00",僅母公司,13.735,產能(仟米平方),N
4961,天鈺,"5,389.00",天鈺總部篤行據點,0.274,百萬元營業額,AA1000 Type2 中度保證等級
4967,十銓,"3,636.00",涵蓋範圍僅母公司,0.54,百萬元營業額,N
4968,立積,"3,880.00",母公司,1.131,百萬元營業額,N
4976,佳凌,N/A,N/A,N/A,N/A,N
4977,眾達-KY,"16,617.00",2022年合計,N/A,N/A,N
4989,榮科,"323,762.00",本公司,"31,149.00",取水量/產量,N
4994,傳奇,"7,011.00",僅包含母公司，依111年台灣自來水公司使用度數資訊,N/A,N/A,N
4999,鑫禾,"35,496.00",母公司,0.0446,千元營業額,N
5007,三星,108.029,母公司,0.0169,百萬元營業額,N
5203,訊連,"9,305.00",僅母公司台北總部,6.6133,百萬元營業額,N
5215,科嘉-KY,N/A,N/A,N/A,N/A,N
5222,全訊,"13,227.00",個別報表所有廠區,12.7797,百萬元營業額,N
5225,東科-KY,"336,574.18",東科全集團（不含ScS）,26.7356,百萬元營業額,N
5234,達興材料,"119,001.00",所有生產廠區,30.6,百萬元營業額,N
5243,乙盛-KY,N/A,N/A,N/A,N/A,N
5244,弘凱,N/A,N/A,N/A,N/A,N
5258,虹堡,N/A,N/A,N/A,N/A,N
5269,祥碩,"2,481.00","111/1/1~12/31, 範圍:祥碩總公司辦公室",47.275,營業額(億元),N
5283,禾聯碩,N/A,N/A,N/A,N/A,N
5284,jpp-KY,"9,566.00",經寶精密工業股份有限公司,102.4261,直接員工人數,Standard of MEA Thailand
5285,界霖,"147,685.00",界霖科技楠梓廠區,N/A,N/A,N
5288,豐祥-KY,"291,931.00",主要營運孫公司台灣豐祥及越南VPIC1,0.0363,仟元營業額,ISO 14001
5306,桂盟,"10,857.00",母公司及合併財務報表之子公司(桂盟企業),3.0848,百萬元營業額,N
5388,中磊,"48,479.16",本公司(台北辦公室及&#12149;南廠),26.2345,員工人數(台北及&#12149;南),N
5434,崇越,"5,834.00",母公司,0.2066,百萬元營業額,N
5469,瀚宇博,"325,403.00",瀚宇博德股份有限公司,0.1725,產品,N
5471,松翰,"2,667.00",僅母公司,0.0009,營業額(新台幣仟元),N
5484,慧友,"2,632.00",母公司111年用水量,8.9524,百萬元營業額,N
5515,建國,"1,632.00",企業總部,4.43,人,N
5519,隆大,"8,517.00",僅母公司,87.8,組織員工數97人,N
5521,工信,"27,629.00",僅母公司,5.97,百萬元營業額,N
5522,遠雄,"121,960.00",包含合併財務報表之母子公司,4.5881,百萬元營業額,N
5525,順天,"4,924.00",母公司,0.017,百萬元營業額,N
5531,鄉林,"3,039.00",母公司個體,20.95,員工人數,N
5533,皇鼎,641,台北自水收費單,0.1417,百萬元營業額,N
5534,長虹,N/A,N/A,N/A,N/A,N
5538,東明-KY,N/A,N/A,N/A,N/A,N
5546,永固-KY,N/A,N/A,N/A,N/A,N
5607,遠雄港,N/A,N/A,N/A,N/A,N
5608,四維航,"18,938.23",母公司總部辦公室和子孫公司船舶,26.7867,總取水量/(海勤船員+辦公室員工人數),N
5706,鳳凰,N/A,N/A,N/A,N/A,N
5871,中租-KY,"71,398.00",&#160;台灣分公司、中國大陸上海總部與分公司、泰國曼谷、越南胡志明市、馬來西亞吉隆坡、柬埔寨金邊、菲律賓馬尼拉等，揭露範疇占中租控股合併淨收益75%以上。,0.82,百萬元營業額,N
5876,上海商銀,"56,900.00",僅母公司,2.0248,百萬元營業額,1.確信準則3000號 2.通過ISO 46001驗證
5880,合庫金,"310,334.32",集團全據點334處,5.8353,佰萬元淨收益,ISAE 3000
5906,台南-KY,N/A,N/A,N/A,N/A,N
5907,大洋-KY,N/A,N/A,"943,680.00",其他,N
6005,群益證,52.374,母公司,0.9281,百萬元營業額,N
6024,群益期,"3,912.76",全台營運據點,1.5121,百萬元營業額,N
6108,競國,"352,800.00",本公司,0.3712,產品,N
6112,邁達特,"7,461.00","1. 邁達特數位股份有限公司(台北總部、新竹分公司、台中分公司、高雄分公司)
2. 啟迪國際資訊股份有限公司(台北總部)
3. 聚上雲股份有限公司",0.6159,百萬元營業額,本公司用水量數據經2022永續報告書驗證。
6115,鎰勝,295.521,母公司及昆山子公司,295.521,產品,N
6116,彩晶,"5,178,960.00",母公司及子公司(南京瀚宇彩欣科技有限責任公司),303.74,百萬元營業額,N
6117,迎廣,"58,425.00",母公司,0.0264,:千元營業額,N
6120,達運,93.2,包含本公司及合併財務報表內子公司,0.006,百萬元營業額,N
6128,上福,19.15,上福全球在台灣營運據點為主(包含本廠、二廠及三廠),0.0001,仟元營業額,N
6133,金橋,401,新北市深坑區北深路三段270巷6號3&4樓,N/A,N/A,N
6136,富爾特,478,母公司,N/A,N/A,N
6139,亞翔,"3,600.00",亞翔工程(股)公司三個辦公室,0.58,百萬元營業額,N
6141,柏承,"705,465.00",昆山子公司廠區,34.3675,仟元營業額,N
6142,友勁,"31,628.00",母公司,9.3673,百萬元營業額,N
6152,百一,"3,550.00",母公司,N/A,N/A,N
6153,嘉聯益,"669,000.00",僅母公司樹林廠,N/A,N/A,N
6155,鈞寶,"57,850.00",母公司,N/A,N/A,N
6164,華興,"2,039.00",202201~202212,N/A,N/A,N
6165,浪凡,N/A,N/A,N/A,N/A,N
6166,凌華,"40,781.00",母公司,1.2645,人員數量,N
6168,宏齊,"49,488.20",母公司,0.0219,千元營業額,N
6176,瑞儀,"1,663,000.00",台灣與中國大陸製造廠區,0.1995,原物料塑膠粒投料量(公斤),N
6177,達麗,N/A,N/A,N/A,N/A,N
6183,關貿,9.5756,"總公司位於南港軟體園區,各進駐戶無獨立水錶,僅有分攤數值",0.0042,用水(噸)/營業額(百萬),N
6184,大豐電,N/A,N/A,N/A,N/A,N
6189,豐藝,"4,694.00",母公司,N/A,N/A,N
6191,精成科,"3,367,893.00",包含合併財務報表之母子公司,138.88,百萬元營業額,N
6192,巨路,N/A,N/A,N/A,N/A,N
6196,帆宣,"63,490.00",母公司廠區,1.26,百萬元營業額,N
6197,佳必琪,N/A,N/A,N/A,N/A,N
6201,亞弘電,2,母公司,N/A,N/A,N
6202,盛群,"15,638.00",母公司,2.5994,百萬元營業額,N
6205,詮欣,N/A,N/A,N/A,N/A,N
6206,飛捷,"10,919.00",飛捷母公司,25.571,人均用水(以111年底人數計算),N
6209,今國光,"202,325.00",今國集團,N/A,N/A,N
6213,聯茂,"50,202.00",母公司,N/A,N/A,ISO 14001:2015版
6214,精誠,"21,112.00",僅母公司,17.31,員工人數,N
6215,和椿,"1,570.00",母公司,0.8708,百萬元營業額,N
6216,居易,"4,679.00",生活用水,N/A,N/A,N
6224,聚鼎,"22,350.00",母公司,N/A,N/A,N
6225,天瀚,N/A,N/A,N/A,N/A,N
6226,光鼎,N/A,N/A,N/A,N/A,N
6230,尼得科超眾,"11,966.00",中興廠、興德廠、陞泰廠,1.005,百萬元營業額,N
6235,華孚,N/A,N/A,N/A,N/A,N
6239,力成,"2,904,510.00",僅台灣地區力成科技,55.11,百萬元營業額,N
6243,迅杰,629,母公司,0.8813,百萬元營業額,N
6257,矽格,"348,415.00",矽格北興廠區 中興廠區 湖口廠區,32.9,百萬元營業額,N
6269,台郡,"1,194,240.00",僅母公司,1.193,產品,N
6271,同欣電,"1,288,590.38","資料涵蓋合併財務報表之母子公司，共四個廠區，不含總部辦公室
1.台北廠-新北市鶯歌區鶯桃路365巷55號
2.龍潭廠-桃園市龍潭區龍園五路21號
3.竹北廠-新竹縣竹北市泰和路84號與 昌益辦公室-新竹縣竹北市環科一路1號6樓之1號
4.菲律賓廠-103Prosperity Ave, Calamba, 4037 Laguna, Philippines",54.74,百萬元營業額,N
6277,宏正,"17,947.06",本公司及汐萬廠區,4.77,百萬元營業額,N
6278,台表科,"466,000.00",母公司及子公司-峻凌電子(蘇州)有限公司,6.3,百萬元營業額,N
6281,全國電,"62,598.00",台水及北水,2.9262,百萬元營業額,N
6282,康舒,"658,770.00",包含合併財務報表之母子公司,"2,601.67",NTD每億元營收,14046組織型水足跡盤查
6283,淳安,N/A,N/A,N/A,N/A,N
6285,啟,"530,711.00",取水量計算範圍為祫`部、力行廠、南科廠、ㄗ峞Bㄦs、ㄟ禰矇驉]昆山與南京）、越南廠。,5.27,百萬元營業額,2022年眲鴔犍藥繷孎i書確認符合SASB對應行業準則、GRI準則依循以及AA1000第一類型中度保證等級
6288,聯嘉,"54,010.00","組織邊界

台灣總公司(聯嘉光電股份有限公司)
地址：350苗栗縣竹南鎮科東一路2號

外倉
地址：350苗栗縣竹南鎮和興路364號",0.014,百萬元營業額,N
6405,悅城,"116,881.00",母公司,"86,728.00",製程用水,N
6409,旭隼,0.1923,"1.包含合併財務報表之母子公司
2.旭隼科技在台灣、大陸及越南，均位於工業區辦公大樓，在生產製造時無需耗用水資源（即無工業用水需求），僅須使用員工生活用水、而其來源均為市政供水，其取得及排放均依市政供水規定。",0.2599,員工生活用水,採用ISAE3000及ISAE3410進行確信
6412,群電,"657,267.12",群電台北總公司、群電東莞廠、群電蘇州廠、群電重慶廠、群電泰國廠,16.01,百萬元營業額,N
6414,樺漢,"3,653.00",僅母公司,N/A,N/A,N
6415,矽力*-KY,"17,608.00",矽力杰半導體技術（杭州）有限公司,0.0008,千元營業額,N
6416,瑞祺電通,"7,985.00",僅母公司,2.3045,百萬元營業額,N
6426,統新,"32,253.00",母公司,N/A,N/A,N
6431,光麗-KY,N/A,N/A,N/A,N/A,N
6438,迅得,"7,312.00",僅母公司,2.1415,百萬元營業額,N
6442,光聖,"11,768.00",僅母公司,4,百萬元營業額,N
6443,元晶,"564,635.00",111年台北公司、新竹廠及屏東廠資料加總,62.702,百萬元營業額,N
6446,藥華藥,46.22,藥華醫藥台北總公司+台中廠(含取水量、排水量、耗水量),N/A,N/A,N
6449,鈺邦,N/A,N/A,N/A,N/A,N
6451,訊芯-KY,"383,954.00",2022.1~2022.12訊芯電子科技(中山)有限公司及訊芸電子科技(中山)有限公司之廣東省中山市廠區,4.21,噸/萬元產值，訊芯電子科技(中山)有限公司及訊芸電子科技(中山)有限公司之廣東省中山市廠區,N
6456,GIS-KY,"2,261,131.97",本公司及子公司所有廠區,18.02,百萬元營業額,N
6464,台數科,"6,164.00",僅母公司,0.337,千元營業額,N
6472,保瑞,"72,413.00",竹南廠、竹北廠及台南廠,6.9004,百萬元營業額,N
6477,安集,"22,075.00",20220101-20221231,0.0068,千元營業額,N
6491,晶碩,"313,134.00",僅母公司,0,每百萬單位產品用水量393公噸,N
6504,南六,"380,028.00",111/1/1-111/12/31,N/A,N/A,N
6505,台塑化,"44,019,018.00",母公司,51.9063,百萬元營業額,ISO 46001
6515,穎崴,"15,638.00",台灣所有廠區,3.053,百萬元營業額,N
6525,捷敏-KY,"228,191.00",包含合併財務報表之子公司,0.0465,產品,N
6531,愛普*,"2,250.00",母公司,0.4526,百萬元營業額,N
6533,晶心科,"2,248.00",僅母公司,N/A,N/A,N
6541,泰福-KY,"2,400.00",合併財務報表之母子公司,0.11,噸/新台幣仟元營收,N
6550,北極星藥業-KY,N/A,N/A,N/A,N/A,N
6552,易華電,"432,314.00",易華公司,0.001,產品,N
6558,興能高,"3,532.20",合併財務報表之母子公司,3.0757,百萬元營業額,N
6573,虹揚-KY,N/A,N/A,N/A,N/A,N
6579,研揚,"4,678.00",僅母公司,0.788,百萬元營業額,N
6581,鋼聯,"59,472.00",僅母公司,0.3619,服務,N
6582,申豐,"108,015.00",母公司,3.39,產品,N
6585,鼎基,"89,052.00",本公司之高雄辦公室以及台灣各廠(高雄廠、屏東廠),0.036,仟元,N
6591,動力-KY,N/A,N/A,N/A,N/A,N
6592,和潤企業,"9,435.00",母公司之全台營運據點,N/A,N/A,N
6598,ABC-KY,N/A,N/A,N/A,N/A,N
6605,帝寶,"4,200.00",年度,0,百萬元營業額,N
6606,建德工業,"4,961.00",水費繳費單,N/A,N/A,N
6625,必應,N/A,N/A,N/A,N/A,N
6641,基士德-KY,"11,862.00",合併報表之子公司之一-川源(中國)平湖廠區,8.7029,百萬元營業額,N
6655,科定,N/A,N/A,N/A,N/A,N
6657,華安,N/A,N/A,N/A,N/A,N
6666,羅麗芬-KY,"14,517.00",子公司嘉文麗（福建）化妝品有限公司,0.0114,產品,N
6668,中揚光,"39,134.00",111/1/1~111/12/31,88.14,百萬元營業額,N
6669,緯穎,"187,830.00",母公司及全球主要營運與製造廠區(緯穎科技墨西哥子公司),0.6413,百萬元營業額,N
6670,復盛應用,"125,432.00",母公司,4.5,百萬元營業額,N
6671,三能-KY,"47,623.76",合併財務報表之母子公司,25.5772,百萬元營業額,N
6672,騰輝電子-KY,"168,006.00",合併財務報表之子公司生產型廠區,0.0299,千元營業額,N
6674,鋐寶科技,"53,893.00",母公司,N/A,N/A,N
6689,伊雲谷,"2,633.02",母公司,1.1081,百萬元營業額,中華民國確信準則第 3000號
6691,洋基工程,N/A,N/A,N/A,N/A,N
6695,芯鼎,N/A,N/A,N/A,N/A,N
6698,旭暉應材,"42,080.00",僅母公司,0.0336,千元營業額,N
6706,惠特,"28,362.00",僅母公司,6.362,百萬元營業額,N
6715,嘉基,"62,539.00",包含合併財務報表之母子公司-本公司及子公司嘉基蘇州,0.0859,百萬元營業額,N
6719,力智,"4,938.37",母公司,0.81,百萬元營業額,N
6743,安普新,N/A,N/A,N/A,N/A,N
6753,龍德造船,"22,117.00",僅母公司,5.7723,百萬元營業額,N
6754,匯僑設計,"3,740.00",總公司+中壢鴻僑,0.73,百萬元營業額,N
6756,威鋒電子,"3,769.00",僅母公司,N/A,N/A,N
6768,志強-KY,865,台灣總部辦公室,N/A,N/A,N
6770,力積電,"6,359,990.00",母公司,47.93,產品,AA1000AS v3 consistent with GRI Standards and SASB Standard(s)
6776,展眥篕,"7,167.00",申報公司及100%持股子公司及博瑞達總部,0.31,百萬元營業額,N
6781,AES-KY,"58,240.00",太普動力新能源（常熟）股份有限公司,69,(公噸/人均用水量),N
6782,視陽,"182,200.00",包含合併財務報表之母子公司,65.6,百萬元營業額,N
6789,采鈺,"272,221.00",采鈺公司新竹廠,22.66,公升/8吋晶圓當量-層,N
6790,永豐實,"1,366,708.00",臺灣紙品工廠：楊梅廠、清水廠,14.9,產品,ISO 14001
6792,詠業,"25,109.00",母公司,17.17,百萬元營業額,N
6796,晉弘,"2,802.00",僅母公司,5.73,百萬元營業額,N
6799,來頡,308,母公司,0.2611,百萬元營業額,N
6806,森崴能源,"2,822.00",包含森崴能源母公司頂埔大樓8F總部及一處台南歸仁辦公室據點，與2022年永續報告書揭露排放量呈現一致。,30.02,平均每位森崴員工2022年用水量，員工涵蓋森崴能源母公司頂埔大樓8F總部及一處台南歸仁辦公室據點,N
6807,峰源-KY,"68,650.00",主要生產基地,16.3134,百萬元營業額,N
6830,汎銓,"9,000.00",僅母公司,"9,000.00",百萬元營業額,N
6834,天二科技,N/A,N/A,N/A,N/A,N
6835,圓裕,N/A,N/A,N/A,N/A,N
6854,錼創科技-KY創,"12,408.00",年,"12,408.00",年,N
6861,睿生光電,144,僅母公司,0.0763,百萬元營業額,N
6863,永道-KY,"16,362.00",包含合併財務報表之母子公司,N/A,N/A,N
6869,雲豹能源,N/A,N/A,N/A,N/A,N
6873,泓德能源,"2,694.00",包含合併財務報表之母子公司,0.532,百萬元營業額,N
8011,台通,N/A,N/A,N/A,N/A,N
8016,矽創,"6,506.83",矽創(新竹總公司、台北辦公室),0.5614,百萬元營業額,N
8021,尖點,"32,101.00",僅母公司,0.213,產品,N
8028,昇陽半導體,"720,615.00",僅母公司,1.77,產品,N
8033,雷虎,"3,749.00",111年1月-111年12月,0.04,營業額以仟元計算,N
8039,台虹,"91,546.00",母公司,12.5613,百萬元營業額,N
8046,南電,"4,512,000.00",母公司,69.8,百萬元營業額,N
8070,長華*,"1,323,211.00",包含合併財務報表之母子公司,60.536,百萬元營業額,N
8072,陞泰,N/A,N/A,N/A,N/A,N
8081,致新,"10,908.00",母公司,1.47,百萬元營業額,N
8101,華冠,N/A,N/A,N/A,N/A,N
8103,瀚荃,N/A,N/A,N/A,N/A,N
8104,錸寶,"160,899.00",母公司-錸寶,164.69,百萬元營業額,N
8105,凌巨,"2,632,197.00",母公司八德廠、新竹廠、頭份廠及子公司KGO,N/A,N/A,N
8110,華東,"1,198,163.00",僅母公司,0.0007,產品,N
8112,至上,"2,867.00",僅含母公司,N/A,N/A,N
8114,振樺電,"7,767.00",111年1月~12月,2.523,百萬元營業額,N
8131,福懋科,"1,283,290.00",僅母公司,123,百萬元營業額,N
8150,南茂,"1,767,131.00",母公司(台灣六個廠區),75.1425,百萬元營業額,N
8163,達方,"779,870.00",母公司(台灣廠區及中國廠區),54.2632,百萬元營業額,N
8201,無敵,N/A,N/A,N/A,N/A,N
8210,勤誠,"153,757.00",該年度用水量與該年度營收,0.014,百萬元營業額,N
8213,志超,"556,202.00",僅母公司,"1,755.00",(度/人),N
8215,明基材,"432,740.00",包含合併財務報表之母子公司,2.78,百萬公升/億元營業額,N
8222,寶一,"2,212.00",臺南市新營區新工路13巷1號,N/A,N/A,N
8249,菱光,963,母公司,N/A,N/A,N
8261,富鼎,"2,713.49",僅母公司,21,服務,N
8271,宇瞻,"9,875.00",僅母公司,0.0012,千元營業額,N
8341,日友,"298,088.00",母公司(雲林廠及彰濱廠),4.9377,廢棄物焚化處理量,N
8367,建新國際,"27,338.00",僅母公司,16.006,百萬元營業額,N
8374,羅昇,"1,704.00",母公司,1.3148,百萬元營業額,N
8404,百和興業-KY,"914,380.00",江蘇百宏複合材料科技股份有限公司(原公司名稱:無錫百和織造股份有限公司)、東莞百宏實業有限公司、越南百宏責任有限公司,91.1283,產品,N
8411,福貞-KY,"458,000.00",本公司(福貞控股)及所屬轉投資孫公司(「鼎新金屬股份有限公司」、「鼎立金屬包裝股份有限公司」、「福建福貞金屬包裝有限公司」、「福建福天食品有限公司」)作為揭露範疇,9.12,產品,N
8422,可寧衛,"657,917.00",可寧衛、吉衛、大寧、岡聯事業及上評資源循環,0.1255,千元營業額,N
8429,金麗-KY,"7,000.00",合併財務報表之母子公司,N/A,N/A,N
8438,昶昕,"98,450.00",大園廠、大園一廠、海湖廠、含銅廢液處理廠、蘆竹廠。,N/A,N/A,N
8442,威宏-KY,N/A,N/A,N/A,N/A,N
8443,阿瘦,"11,022.00",僅母公司,N/A,N/A,N
8454,富邦媒,"97,105.68","母公司與國內子公司(富立人身、富
立綜保、千卉國際、富昇物流、富美
康健)",0.93,百萬元營業額,N
8462,柏文,"557,755.00",包含合併財務報表之母子公司,154.6742,百萬元營業額,N
8463,潤泰材,"694,236.00",宜蘭冬山廠冷卻用水,N/A,N/A,N
8464,億豐,N/A,N/A,N/A,N/A,N
8466,美吉吉-KY,N/A,N/A,N/A,N/A,N
8467,波力-KY,"158,000.00",2022年,N/A,N/A,中&#21326;人民共和&#22269;水法
8473,山林水,N/A,N/A,N/A,N/A,N
8476,台境*,N/A,N/A,N/A,N/A,N
8478,東哥遊艇,"10,600.00",僅母公司,392.5926,總用水量(公噸)/營收(億元),N
8481,政伸,"15,770.00",僅母公司,19.1616,百萬元營業額,N
8482,商億-KY,N/A,N/A,N/A,N/A,N
8488,吉源-KY,N/A,N/A,N/A,N/A,N
8499,鼎炫-KY,N/A,N/A,N/A,N/A,N
8926,台汽電,"811,448.00",台灣汽電共生股份有限公司 官田汽電共生廠,N/A,N/A,N
8940,新天地,"47,413.00",僅母公司,0.0485,千元營業額,N
8996,高力,"26,970.00",母公司,10.05,百萬元營業額,N
9802,鈺齊-KY,"749,365.00",合併財務報表之母子公司,N/A,N/A,N
9902,台火,0.45,包含合併財務報表之母子公司,N/A,N/A,N
9904,寶成,"9,969,200.00",本公司製鞋廠區,0.0433,產品,N
9905,大華,"89,415.00",僅台灣母公司,36.7395,百萬元營業額,N
9906,欣巴巴,N/A,N/A,N/A,N/A,N
9907,統一實,"1,131,625.00",台灣總公司,1.34,產品,N
9908,大台北,"14,406.00",母公司自有大樓及辦公場所,0.434,營業額每10萬元,N
9910,豐泰,"1,087,100.00",包含合併財務報表之母子公司,11.335,百萬元營業額,N
9911,櫻花,13.43,僅母公司,12.65,用水度數 /人數,N
9912,偉聯,N/A,N/A,N/A,N/A,N
9914,美利達,"120,728.00",僅母公司,3.775,百萬元營業額,N
9917,中保科,"49,166.00",母公司,6.7468,百萬元營業額,N
9918,欣天然,"2,052.00",欣欣大樓,1.0545,百萬元營業額,N
9919,康那香,"192,404.00",僅母公司,12.15,產量(噸),N
9921,巨大,"2,844,990.00",巨大集團大中華區所有自行車生產據點總取水量,0.48,單台,N
9924,福興,"52,262.00",僅母公司,0.0019,產品,N
9925,新保,"8,027.00",母公司,N/A,N/A,N
9926,新海,"6,122.00",僅母公司,2.74,百萬元營業額,N
9927,泰銘,"29,132.00",全廠,4.3268,千元,N
9928,中視,N/A,N/A,N/A,N/A,N
9929,秋雨,N/A,N/A,N/A,N/A,N
9930,中聯資源,"213,410.00",中聯資源公司,20.78,百萬元營業額,N
9931,欣高,N/A,N/A,N/A,N/A,N
9933,中鼎,"183,698.00",母公司(含總部大樓與全球工地),5.79,百萬元營業額,AA1000
9934,成霖,"3,898.00",母公司,N/A,N/A,N
9935,慶豐富,"19,146.00",僅母公司,0.0037,千元營業額,N
9937,全國,"440,200.00",涵蓋本公司所有營運據點及出租加油站予本公司之100%子公司埔祥開發(股)公司及上員(股)公司。,0.1277,公噸/台(洗車台數),N
9938,百和,"30,930.00",僅母公司,6.36,產品,N
9939,宏全,"1,662.14",僅母公司,N/A,N/A,N
9940,信義,"74,963.90",信義房屋股份有限公司,14.66,員工人數,ISO46001 (預計2023Q3完成查證)
9941,裕融,"8,185.00",母公司+子公司新鑫、裕富數位,5.19,員工人數,N
9942,茂順,N/A,N/A,N/A,N/A,N
9943,好樂迪,"312,902.00",全省門市,131.6283,用水密集度(312902)/其他-營收百萬元(2377),N
9944,新麗,"17,100.00",母公司,8.21,產品,N
9945,潤泰新,"694,236.00",冬山廠（子公司）冷卻用水,N/A,N/A,N
9946,三發地產,"4,179.00",三發地產及京富祥營造,0.0018,千元單位營業額,N
9955,佳龍,"9,262.00",包含合併財務報表之母子公司,N/A,N/A,N
9958,世紀鋼,"12,034.00",桃園市觀音區中山路一段1119號,N/A,N/A,N
