,股票代號,公司名稱,產業類別,統一編號,董事長,總經理,資本額,經營業務,入選投組
0,1101,台泥,水泥工業,11913502.0,張安平,程耀輝,77511817420.0,有關水泥及水泥製品之生產及運銷 有關水泥原料及水泥製品原料之開採製造運銷及附屬礦石之開採經銷 經營有關水泥工業及其附屬事業,00692富邦公司治理、00850元大臺灣ESG永續、00878國泰永續高股息、00932兆豐永續高息等權、00922國泰台灣領袖50
1,1102,亞泥,水泥工業,3244509.0,徐旭東,李坤炎,35465628810.0,"水泥,水泥之半成品,水泥製品,預拌混凝土及其添加劑之生產運銷 水泥原料,水泥製品原料及砂石開採及爐石粉,石灰石粉之製造運銷 其他未述及之項目請參照本公司營業執照之所營事業",00692富邦公司治理、00850元大臺灣ESG永續、00932兆豐永續高息等權
2,1103,嘉泥,水泥工業,11892801.0,張剛綸,王立心,7902474590.0,水泥、生產、銷售,
3,1104,環泥,水泥工業,7568009.0,博智投資股份有限公司,侯智升,6866818160.0,水泥及預拌混凝土之製造與銷售。 石膏板之生產、加工及銷售與進、出口、代理銷售。 其餘請參考本公司登記營業項目。,
4,1108,幸福,水泥工業,40601248.0,陳兩傳,陳明賢,4047380490.0,有關水泥及水泥製品之工業及相關事業,
5,1109,信大,水泥工業,3279507.0,楊智雄,楊大寬,3411588680.0,有關水泥及水泥製品之生產及運銷,
6,1110,東泥,水泥工業,83078600.0,陳敏斷,吳炎輝,5720007970.0,(1)水泥製造與買賣(2)石灰石之開採及銷售 (3)水泥加工製品及預拌混凝土之製造及銷售 (4)廠房及大樓出租業(5)廢棄物處理業,
7,1201,味全,食品工業,11347802.0,陳宏裕,林建宏,5060629140.0,食品製造及販賣,
8,1203,味王,食品工業,7067309.0,陳清福,陳恭平,2400000000.0,味精.醬油.罐頭.調理速食品.飲料等製造及營銷有關進出口業務 洋菸酒類及飲料之進口及經銷 汽車檢驗及修理,
9,1210,大成,食品工業,73008303.0,韓家宇,韓芳豪,8947672220.0,飼料 大宗油脂 肉品,
10,1213,大飲,食品工業,35012903.0,蘇芸樂,于忠敏,566226270.0,製造蘋果汽水礦泉水及各種汽水飲料等之批發 經銷各國及國內有關飲料之產品副產品加工產品 百貨批發,
11,1215,卜蜂,食品工業,36514783.0,鄭武樾,許瑞通,2947900980.0,各種飼料生產加工配製銷售進口及買賣 各種禽畜育種、電動屠宰業務及各種禽畜加工品製品銷售 各種肉類加工品與調理食品及蛋品生產銷售等業務,
12,1216,統一,食品工業,73251209.0,羅智先,黃釗凱、李清田,56820154210.0,食品事業、便利商店事業、流通事業 包裝容器事業、食糧事業、油品事業 其他(製藥事業、休閒開發事業、物流事業等),00850元大臺灣ESG永續、00878國泰永續高股息、00923群益台ESG低碳50(原簡稱:群益台灣ESG低碳)、00922國泰台灣領袖50
13,1217,愛之味,食品工業,65534366.0,陳冠翰,陳志展,4945133360.0,食品,
14,1218,泰山,食品工業,59661701.0,劉偉龍,蔡政達,4999990380.0,各種食用油脂之精製及批發零售.各種清涼飲料.冷凍調理食品 各種禽畜魚類飼料之加工製造及買賣,
15,1219,福壽,食品工業,56192402.0,洪堯昆,趙文強,3416023640.0,食用油脂、動物飼料、穀物食品、寵物食品、有機肥料等生產及銷售 進出口國際貿易 大宗穀物進口與銷售,
16,1220,台榮,食品工業,3543210.0,倍安利投資有限公司,陳英凱,1770779440.0,飼料製造販賣 果糖製造販賣 玉米澱粉製造販賣,
17,1225,福懋油,食品工業,22102298.0,晉昇投資有限公司,張志賓,2296382040.0,麵粉，飼料，黃豆油，黃豆粉，大麥片，玉米粉之製造與銷售。 家畜，家禽之養殖及肉類之加工銷售。 一般進口貿易業務(許可業務除外)。,
18,1227,佳格,食品工業,22102473.0,曹德風,曹博睿,9150895910.0,"嬰兒麥粉,麥片及相關產品之生產製造 食用油及滋養飲料粉之分裝,加工,銷售業務 一般進出口貿易",
19,1229,聯華,食品工業,11996904.0,苗豐強,林信宏,17104387320.0,產業控股公司業,
20,1231,聯華食,食品工業,7569627.0,李開源,林家齊,2713222500.0,食品,
21,1232,大統益,食品工業,20927014.0,羅智先,陳昭良,1599749150.0,黃豆油、粉加工，製造及銷售,
22,1233,天仁,食品工業,18559415.0,李國麟,林仁宗,905919480.0,茶葉製造加工 茶葉製品買賣 茶相關製品,
23,1234,黑松,食品工業,20651901.0,張斌堂,張智鈞,4018710940.0,"碳酸飲料,酒類,果蔬汁,咖啡飲料,運動飲料等.",
24,1235,興泰,食品工業,85617982.0,昇鋒投資股份有限公司,葉文籐,1496649500.0,飼料,
25,1236,宏亞,食品工業,34106066.0,張云綺,張云綺,866740080.0,糖果、餅乾、巧克力之製造、加工及買賣。 月餅、西點、麵包糕餅等食品之製造、加工及買賣。 七七巧克力、禮坊名店。,
26,1256,鮮活果汁-KY,食品工業,37759808.0,黃國晃,吳明憲,338421600.0,果汁、果粒、果粉類等產品之生產與銷售,
27,1301,台塑,塑膠工業,75708007.0,郭文筆,郭文筆,63657407810.0,聚氯乙烯(PVC)、氯乙烯、液(石咸)、聚丙烯、高密度聚乙烯 聚乙烯醋酸乙烯酯、低密度聚乙烯、線性低密度聚乙烯、丙烯酸酯 高吸水性樹脂、碳素纖維、丙烯睛、甲基丙烯酸甲酯及環氧氯丙烷等,00692富邦公司治理、00850元大臺灣ESG永續、00907永豐優息存股
28,1303,南亞,塑膠工業,75370905.0,吳嘉昭,鄒明仁,79308215890.0,各種塑膠加工品、塑膠原料、電子材料、聚酯纖維之製銷 及染整加工 、配電盤,00850元大臺灣ESG永續、00907永豐優息存股、00922國泰台灣領袖50
29,1304,台聚,塑膠工業,11917107.0,吳亦圭,吳培基,11887635000.0,塑膠原料之製造、加工及銷售 電子材料 其他,
30,1305,華夏,塑膠工業,11686106.0,吳亦圭,胡吉宏,5810504940.0,從事生產與銷售塑膠布，塑膠皮，塑膠管，塑膠粒 塑膠粉，鹼氯品及其它有關產品為主要業務,
31,1307,三芳,塑膠工業,83387850.0,林孟經,林至逸,3978181260.0,聚氨基甲酸加工品之製銷事項不織布起毛布加工品製銷染整事項 聚氯乙烯加工之製銷事項塑膠加工品生產技術研究改良事項 各種皮革加工之製銷事項有關事業之投資經營事項,
32,1308,亞聚,塑膠工業,20747385.0,吳亦圭,吳培基,5937439190.0,低密度聚乙烯及乙烯醋酸乙烯酯共聚合樹脂之生產及銷售. 高密度聚乙烯及線型低密度聚乙烯之銷售. 分解性塑膠原料之製造及銷售.,
33,1309,台達化,塑膠工業,11893409.0,吳亦圭,吳培基,3975868480.0,"聚苯乙烯及加工品之製銷,丙烯(月青)、丁二烯、苯乙烯共聚體樹脂 ABS之製銷,﹝丙烯(月青)、苯乙烯共聚合樹脂﹞SAN之製銷 玻璃棉及其有關產品之製銷,塑膠原料及加工品之製銷",
34,1310,台苯,塑膠工業,20844865.0,林文淵,仲崇國,5278697640.0,苯乙烯單體 對二乙苯 甲苯 乙苯,
35,1312,國喬,塑膠工業,4212250.0,邱德馨,曾嘉雄,11266203280.0,石油化工原料製造業 合成樹脂及塑膠製造業 國際貿易業(除許可業務外得經營法令非禁止或限制之業務),
36,1313,聯成,塑膠工業,4748660.0,苗豐強,畢淑蒨,13674121070.0,有機酸及其衍生物 塑膠增韌劑 樹脂及塑膠原料,
37,1314,中石化,塑膠工業,3084741.0,陳瑞隆,陳穎俊(代理),37848501300.0,石油化學產品CPL  AN  之製造及銷售,
38,1315,達新,塑膠工業,51059101.0,吳子聰,陳以千,990990000.0,塑膠雨衣、什加工、PP瓦楞板、成衣等製品 傢俱、文具、護貝、皮件等製品 醫療器材製造、批發、零售,
39,1316,上曜,建材營造,73654033.0,張祐銘,張祐銘,2999963540.0,住宅及大樓開發租售業務。 不動產買賣業務。 不動產租賃業務。,
40,1319,東陽,汽車工業,68326665.0,吳永茂,吳永祥,5914770680.0,汽機車零件製造買賣 各項模具製造買賣,
41,1321,大洋,塑膠工業,15024509.0,陳欽明,陳欽明,2272282680.0,塑膠原料之製造及銷售 塑膠製品之製造及銷售 塑膠工業附帶原料之製造及銷售,
42,1323,永裕,塑膠工業,68192103.0,王威程,王威程,912745540.0,各種塑膠製品製造.批發 各種塑膠模具及機械零件之加工製造及買賣 塑膠原料染色之加工業務,
43,1324,地球,塑膠工業,7147916.0,鈞鼎投資股份有限公司(代表人張德照),黃林慶,751218820.0,各種黏膠帶電報紙防水紙防蝕漆防蝕膠帶等之製造加工買賣業務 機械設計之製造加工按裝修護買賣及電子產品之製造加工買賣業務 禮品雜貨等之買賣業務,
44,1325,恆大,塑膠工業,11455800.0,黃美慧,黃美慧,852811980.0,各類不織布之產銷,
45,1326,台化,塑膠工業,58650902.0,洪福源,呂文進,58611862910.0,純對苯二甲酸、聚苯乙烯、苯乙烯、鄰二甲苯、對二甲苯、苯、 合成酚、丙酮、聚丙烯、二甲基甲醯胺、ABS、嫘縈棉、 合成纖維紗、布、耐隆絲、耐隆絲布及其染整加工等製銷,00692富邦公司治理、00850元大臺灣ESG永續、00907永豐優息存股
46,1337,再生-KY,塑膠工業,26068617.0,丁金山,丁金礦,2689547290.0,以廢塑膠再生運用以產製EVA之共混發泡製品之製造及銷售,
47,1338,廣華-KY,汽車工業,26594386.0,余澤民,黃建中,838400000.0,汽車內飾件之曲面印刷、表面塗裝及射出成型等製造及銷售 汽車內飾件之模具製造及銷售 其他,
48,1339,昭輝,汽車工業,22078327.0,禾翰投資股份有限公司,林睿澤,741238750.0,汽車零組件之製造及銷售,
49,1340,勝悅-KY,塑膠工業,37722768.0,莊國清,莊輝煌,1529228550.0,從事高分子複合材料之研發與應用，目前主要應用於各式鞋底材料,
50,1341,富林-KY,塑膠工業,82716171.0,王源林,王源林(暫代),528506340.0,乳膠皮、膠布、及柔軟皮等PVC 皮革與環保PU皮革之生產銷售,
51,1342,八貫,其他,12386676.0,劉宗熹,劉宗熹,784802170.0,高端醫療、救生、航太及戶外用機能性布料及成品,
52,1402,遠東新,紡織纖維,3522600.0,徐旭東,"吳高山,鄭澄宇",53528752270.0,石化纖維原料、半成品及製成品。 纖維紗(布)、混紡紗(布)、假撚絲、棉布、被單。 紡織成衣、針織成衣。,00692富邦公司治理、00850元大臺灣ESG永續、00878國泰永續高股息、00923群益台ESG低碳50(原簡稱:群益台灣ESG低碳)、00936台新永續高息中小
53,1409,新纖,紡織纖維,7435515.0,吳東昇,歐金達,16184092860.0,各種合成纖維及各種合成纖維假撚絲之製造及銷售。 各種工程用塑膠及其加工品之製造及銷售。 各種合成薄膜、膠片及有關合成薄膜原料及加工品之製造及銷售。,
54,1410,南染,紡織纖維,35286207.0,何  鈞,何  鈞,630000000.0,"絲棉毛合成化學纖維織品之印染及樹脂加工定型整理業務 前各項有關產品及原材料之買賣,進出口布匹業務 工業廠房開發租售,廠房出租,倉庫出租,辦公大樓出租業",
55,1413,宏洲,紡織纖維,7220710.0,詹正田,詹正田,1321124540.0,合成化學纖維之製造及加工買賣業務 塑膠抽絲品之製造及加工買賣業務,
56,1414,東和,紡織纖維,73141105.0,蔡淑櫻,張嘉亨,2200000000.0,天然纖維紡織及其加工業務。,
57,1416,廣豐,其他,43434316.0,賀錫敬,黃麗玲,1853421680.0,"家用紡織品進出口銷售業務 委託興建國民住宅,商業大樓出租出售業務",
58,1417,嘉裕,紡織纖維,11825825.0,黃得超,陳盈璋,1899418400.0,男女成衣,
59,1418,東華,紡織纖維,11083148.0,林壯儒,林壯燁,568343090.0,聚丙烯青合成纖維.聚丙烯青梳毛條之製造及內外銷 生產聚丙烯青紗內外銷 聚尿酯系纖維及其原料之製造.加工及內外銷,
60,1419,新紡,紡織纖維,7435901.0,吳昕恩,邱錦發、張瑞南,3000412800.0,紡織品之製造、加工買賣業務 紡織品成衣加工、製造、買賣及門市零售業務 委託營造廠興建商業大樓及國民住宅出租出售業務,
61,1423,利華,紡織纖維,11311608.0,應柔爾,余美蘭,996480000.0,毛條(包括炭化羊毛)之製造及銷售業務 其他羊毛之防縮、染整加工業務 前列各款所列有關業務之進出口業務,
62,1432,大魯閣,運動休閒,4690983.0,林曼麗,王盈之,1080000000.0,商場開發 休閒育樂 策略事業,
63,1434,福懋,紡織纖維,14001199.0,王文淵,李敏章,16846646370.0,尼龍多富達布、聚酯布、傘骨槽骨、輪胎簾布、棉紗、人造棉紗 合成纖維紗、混紡紗、織布染整、成衣、被單、床單等及其相關製品 製造高分子聚合物製品、防彈衣背心、夾克、工業用工作服,00850元大臺灣ESG永續
64,1435,中福,其他,3101946.0,陳建,陸榮木,1397800800.0,"倉儲業 國際貿易,服飾批發,煙酒零售 電信器材批發業,電子材料批發業",
65,1436,華友聯,建材營造,7510318.0,陸炤廷,陸炤廷,1017835280.0,住宅及大樓開發租售業 休閒活動場館業 餐館業,
66,1437,勤益控,其他,35535607.0,顧立楷,顧立楷,2033712840.0,一般投資業,
67,1438,三地開發,建材營造,3561011.0,鍾育霖,莊峻宇,912057590.0,委託營造廠商興建商業大樓、工業大樓及住宅出租出售業務。 紡織工業之產銷及其附屬事業暨投資金融與其他經濟事業。,
68,1439,雋揚,建材營造,11113403.0,侯嘉騏,劉先雯,920000000.0,委託營造廠商興建商業大樓、國民住宅及廠辦等不動產之出租及出售 建築材料之買賣製造代理 工業廠房開發租售業,
69,1440,南紡,紡織纖維,68919301.0,侯博明,王立範,16568158570.0,各種紡織品之製造加工及販賣 有關合成纖維製品之製造及販賣 委託營造廠興建國民住宅、商業大樓出租、出售業務,
70,1441,大東,紡織纖維,51037304.0,陳修忠,陳建州,717443870.0,棉紗，混紡紗，化纖紗 布,
71,1442,名軒,建材營造,4615057.0,吳泓瑩,吳勝利,3662113580.0,營建,
72,1443,立益物流,其他,4287483.0,蘇東榮,蘇慶源,1353430110.0,倉儲、物流、理貨加工 電子商務、棉紡、貿易 委託營造廠商興建商業大樓及國民住宅出租出售,
73,1444,力麗,紡織纖維,7663290.0,郭紹儀,陳漢卿,9955950590.0,聚酯加工絲 聚酯原絲+粒 瓶用酯粒,
74,1445,大宇,紡織纖維,7015014.0,陳曜銘,楊任凱,1306660340.0,"各種紡織品之製造,加工染整及營銷 有關前項有關原料,材料及成品之進出口貿易業務 委託營造廠商興建商業大樓,國民住宅之出租出售事業",
75,1446,宏和,紡織纖維,73641170.0,黃大功,何天明,1377095130.0,紡織 成衣,
76,1447,力鵬,紡織纖維,33955322.0,郭紹儀,童敏雄,9100712420.0,尼龍粒 平(針)織布 尼龍絲,
77,1449,佳和,紡織纖維,72055019.0,翁偉翔,翁偉翔,995101030.0,纖維紡織品之加工及買賣 紡織品及機械之進出口及買賣 委託興建商業大樓等,
78,1451,年興,紡織纖維,22266307.0,陳威翰,蔡樹軒,2055700000.0,紡紗業 織布業 成衣業,
79,1452,宏益,紡織纖維,43121481.0,施淑賢,王慶榮,1326414000.0,聚酯加工絲,
80,1453,大將,建材營造,7617901.0,葉義雄,林靜怡,1067424330.0,營建 紡織,
81,1454,台富,紡織纖維,4301794.0,莊燿銘,莊燿銘,1298338480.0,特多龍布 特多龍紗,
82,1455,集盛,紡織纖維,43295237.0,葉守焞,蘇百煌,5316883800.0,各種纖維絲、人造棉絲、尼龍絲之紡製、 織造、染整、印花、加工、買賣。 石油化學工業纖維原料生產、銷售及進出口買賣。,
83,1456,怡華,建材營造,33144175.0,黃士豪,黃士豪,937200000.0,住宅及大樓開發租售業務。 工業廠房開發租售業務。 纖維紡織品之加工及買賣。,
84,1457,宜進,紡織纖維,7669338.0,詹正田,翁茂誠(原名:林鏡地),3016476400.0,各種人造纖維及其製品之假撚製造加工買賣 各種合成纖維伸縮尼龍絲特多龍絲之製造加工及內外銷。 委託營造廠商興建國民住宅商業大樓之出租出售等。,
85,1459,聯發,紡織纖維,33653494.0,葉清澤,王豐岳,3586289070.0,各種棉麻毛及合成纖維、化學纖維織品之針織加工製造買賣業務。 各種針織布、梭織布、染整、染紗、紡紗及紗之買賣。 各種合成纖維及其原料及其加工品及化學纖維紗之製造加工及買賣。,
86,1460,宏遠,紡織纖維,22817999.0,席家宜,暫缺,6946434840.0,加工絲、追撚絲、胚布、成品布、染整等其他業務,
87,1463,強盛,紡織纖維,7715023.0,陳壬發,孫暐,1732683810.0,染整代工 成品布銷售,
88,1464,得力,紡織纖維,73686632.0,葉家銘,游逸能,4076395910.0,各種紡織品之印染、整理加工製造及買賣業務 紗類原料之製造買賣、加工及進出口貿易業務,
89,1465,偉全,紡織纖維,33700601.0,陳建柱,陳建柱,1036072670.0,長纖梭織布之織造、聚酯加工絲之生產及梭織布、針織布之買賣。 各種伸縮合成纖維絲之製造加工及買賣。 前各項有關業務進出口貿易業務及附帶事業之經營投資。,
90,1466,聚隆,紡織纖維,22976047.0,周文東,周文東,1111573200.0,尼龍原絲、假撚絲、仿棉絲製造、加工及買賣 聚酯原絲、假撚絲、空氣打節絲製造、加工及買賣 超細纖維、超細纖維布、彈性纖維、彈性纖維布製造、加工及買賣,
91,1467,南緯,紡織纖維,69559487.0,林瑞岳,林宗頤,2336246670.0,染紗 織布 成衣,
92,1468,昶和,紡織纖維,36123364.0,陳明澤,陳明澤,1604052440.0,各類纖維、極細及超極細纖維絲、各種纖維、極細與超極細布種之織 造、染色整理、加工及銷售 各類紡織品之製造加工及買賣,
93,1470,大統新創,紡織纖維,22267777.0,葉泉發,葉柏亮,857670000.0,染整代工業務 經編針織布織造業務 經編針織布.圓編針織布成品貿易銷售業務,
94,1471,首利,電子零組件業,7699023.0,鄭傑,鄭翔,1504145360.0,電腦及週邊設備 機殼 電源供應器,
95,1472,三洋實業,建材營造,7029919.0,蔣玉蓮,徐正哲,424880820.0,營建工程 營建工程,
96,1473,台南,紡織纖維,68919702.0,楊青(山夆),謝幼琴,1461535340.0,成衣,
97,1474,弘裕,紡織纖維,58003997.0,葉博宇,郭正沛,1298969690.0,"各種塑膠製品之加工製造買賣 各種棉毛絲纖維織品之製造代織,買賣,印染,整理及加工內外銷 有關行紀業務進出口貿易事業",
98,1475,業旺,紡織纖維,23912057.0,陳清土,陳坤木,660167490.0,提花布織造、染整與銷售、紡織產品使用之染料及助劑銷售,
99,1476,儒鴻,紡織纖維,35884479.0,王樹文,洪瑞廷,2743671110.0,彈性針織布 成衣,00850元大臺灣ESG永續、00907永豐優息存股
100,1477,聚陽,紡織纖維,23609668.0,周理平,周心鵬,2418565810.0,成衣業 服飾品製造業 布疋、衣著、鞋、帽、傘、服飾品零售業,00692富邦公司治理、00936台新永續高息中小、00907永豐優息存股
101,1503,士電,電機機械,11039306.0,許育瑞,謝漢章,5209722230.0,重電機械類 電氣機器類 租賃類,
102,1504,東元,電機機械,11332202.0,利明?,范炘,21387966160.0,"各種電氣,運輸,產業,冷凍空調,電子,事務等及其附件之產銷承裝等 各種通信器材,家庭電氣用具等及其附件之產銷承裝等;餐廳業務經營 有關事業之代理,代辦及委託業務;有關進出口貿易及代理業務之經營",00692富邦公司治理、00850元大臺灣ESG永續、00907永豐優息存股
103,1506,正道,電機機械,68193807.0,謝麗雲,羅仕溢,3003885010.0,引擎、機車、汽車等及其零件之製造買賣 活塞、活塞肖、活塞環及其配件之製造及買賣 轉向系統零件之製造及買賣,
104,1512,瑞利,汽車工業,85330636.0,吳明燦,林維輝,981834980.0,一、電氣、機械、五金、工具及農機、車輛配件製造銷售。二、機車 裝配組立及其內外銷。三、家具及其配件之製造銷售。四、模具、治 具及飛機零配件之製造銷售。五、軌道車輛零配件之製造銷售。,
105,1513,中興電,電機機械,33029464.0,江馥年,郭慧娟,5031125150.0,氫能源發電、產氫設備及系統 太陽光電/風力發電工程及產品 變電站/昇壓站工程及產品,
106,1514,亞力,電機機械,3213392.0,慧德實業有限公司代表人宋和業,鄭朝彬,2619318860.0,配電盤 電機器材、電子產品 變壓器,
107,1515,力山,電機機械,55759180.0,王冠祥,羅政洲,1814735000.0,工具機及其零件之製造加工買賣 健身機及其零件之製造加工買賣,
108,1516,川飛,其他,22071751.0,謝縈俞,涂椽義,388201430.0,國際貿易,
109,1517,利奇,電機機械,59008318.0,林育新,林宜賢,2256850070.0,汽、機車、腳踏車零件之製造、加工及買賣 一般機械製造、加工及買賣,
110,1519,華城,電機機械,33284077.0,許邦福,許逸德/許逸晟(執行長),2871644030.0,變壓器及配電盤 配電器材及其他 統包工程,00923群益台ESG低碳50(原簡稱:群益台灣ESG低碳)
111,1521,大億,汽車工業,69408876.0,吳俊億,莊智清,762300000.0,經營汽、機車、五金等零件之製造、銷售及進出口貿易業務。 航空飛機零件及航海船舶之製造加工銷售業務。 交通用機械及其零件之製造加工銷售業務等。,
112,1522,堤維西,汽車工業,22269487.0,吳國禎,蘇彥碩,3428978810.0,汽車燈 機車燈 汽車百貨及零件,
113,1524,耿鼎,汽車工業,22081250.0,李茂源,李茂源,1653103970.0,汽車零件,
114,1525,江申,汽車工業,35129100.0,陳昭文,曾火冏誌,734001350.0,底盤、沖壓零組件 車架、大樑 木床後車身、模治具,
115,1526,日馳,電機機械,11099726.0,徐義雄,徐義雄,600000000.0,各種腳踏車之零件機械五金之加工製造買賣業務,
116,1527,鑽全,電機機械,20982120.0,賴伯彥先生,賴伯峰先生,1385706400.0,"氣動打釘機及各種氣動機械等之製造加工,裝配買賣. 建材加工,裝配買賣業務. 前各項有關產品零組件及五金零件之進出口貿易業務.",
117,1528,恩德,電機機械,11551634.0,廖文嘉,李明哲,1913310000.0,金屬及非金屬電腦數控加工中心 PCB電子機械 刀具.板材及其他,
118,1529,樂事綠能,電機機械,34211074.0,陳介仁,陳連聰,1505777420.0,高低壓配電盤自動控制盤馬達起動盤及試驗儀器設計製造安裝及買賣 各種電工(含變比器)電機電子器材設計製造及買賣 各種電力(含太陽能)及水管系統工程設計承包,
119,1530,亞崴,電機機械,22224692.0,楊德華,楊尚儒,965941710.0,"專用機及自動化設備,電腦控制工具機之設計,製造及銷售 精密元組件製造及銷售 有關上項產品,零件,原料之進出口貿易買賣業務",
120,1531,高林股,電機機械,29538509.0,林陳雅子,林培嘉,1821080800.0,各種縫紉機及其零件之加工製造﹑裝配買賣業務。 銑類製品鑄造加工及買賣。 縫紉機零件之鑄造加工及買賣業務。,
121,1532,勤美,電機機械,3474311.0,林廷芳,林靖誼/麥聖偉,3788961790.0,金屬成型事業：各種金屬件之製造加工與組裝銷售。 建設住宅事業：住宅及大樓之開發租售。 生活創新事業：經營零售百貨業務、國際觀光旅館業務等。,
122,1533,車王電,汽車工業,4827138.0,蔡裕慶,蔡裕慶,985474860.0,電子零組件製造業(電子點火器、電壓調整器、整流器)； 電動工具製造業(電鑽、打釘機等) 機車及其零件製造業；一般儀器製造業；,
123,1535,中宇,電機機械,84252401.0,謝英斌,李志豐,1237425520.0,環保工程 機電工程 代營運及機電維護,00930永豐ESG低碳高息
124,1536,和大,汽車工業,52264848.0,沈國榮,陳俊智,2795175130.0,汽、機車、農業機械等之齒輪、軸類製造及買賣。 各種機械及零件之製造加工與代理經銷買賣業務。 各種汽機車零件製造及代理經銷買賣。,00910第一金太空衛星
125,1537,廣隆,電機機械,23556563.0,李瑞勳,楊瑞祥,820627940.0,各種蓄電池極板製造、買賣、內外銷 汽、機車蓄電池、密閉式照明電池製造、裝配、加工、買賣 前項原料之買賣,
126,1538,正峰,電機機械,44947686.0,陳永倫,陳永倫,538389990.0,電動工具及其零件製造買賣 汽車燈具及其零件製造買賣,
127,1539,巨庭,電機機械,52646207.0,莊博彥,張永和,653700000.0,鑽床.車床.銑床.自動鉋床等機械及其零件.五金工具製造買賣 馬達及其零件製造買賣 有關國內外廠商產品之進出口貿易,
128,1540,喬福,電機機械,52903090.0,林聖明,詹正淦,854736120.0,各種工作母機及其零配件製造加工買賣。 軌道車輛及其零件製造業。 代理前各項有關國內外廠商產品報價投標及經銷。,
129,1541,錩泰,電機機械,23248433.0,張經金,張經金,788000000.0,主要經營手工具、電腦機械、馬達、電動工具、自動控制系統。 電動測試儀器、木工機械及五金零件之製造加工及買賣業務。,
130,1558,伸興,電機機械,55754185.0,林志誠,劉棟樑,665356310.0,家用/工業用縫紉機及相關半成品、零件 吸塵器及相關半成品、零件,
131,1560,中砂,電機機械,3089008.0,林伯全,謝榮哲,1450805000.0,"各種研磨品,各種切削刀具,之製造加工經銷及代理研磨加工 再生晶圓 其他金屬製品製造業－金屬台金,熱處理業,表面處理業,模具製造業",
132,1563,巧新,汽車工業,84980915.0,黃聰榮,黃聰榮,2377841400.0,鍛造鋁合金輪圈與懸吊系統零件 鋁材二次加工,
133,1568,倉佑,汽車工業,66654986.0,蘇祈澤,蘇祈祜,1030865590.0,汽車及其零件製造業(汽車零組件) 汽.機車零件配備批發業 汽.機車零件配備零售業,
134,1582,信錦,電子零組件業,35966577.0,陳秋郎,陳秋郎,1429699890.0,樞紐HINGE之製造及買賣 各種模具之加工製造及買賣,
135,1583,程泰,電機機械,52353530.0,楊德華,楊舒涵,1104003720.0,電腦數值控制車床製造加工買賣 各種自動化機械五金工具及零件製造買賣 各種工作母機及其零件製造加工買賣,
136,1587,吉茂,汽車工業,24157564.0,劉彥狄,劉彥狄,686244490.0,有關各種車輛之金屬製水箱製造加工買賣內外銷 有關生產水箱之專用機械買賣內外銷 金屬、塑膠模具及水箱零件之加工、製造、買賣,
137,1589,永冠-KY,電機機械,41048746.0,張賢銘,張賢銘(暫代),1181359410.0,主要從事球狀石墨鑄鐵/灰口鑄鐵之高級鑄件產品之製造及銷售業務,
138,1590,亞德客-KY,電機機械,53666460.0,王世忠,王世忠,1999999980.0,"氣動控制元件,氣動執行元件, 氣源處理元件及氣動輔助元件之研發,生產及銷售",00850元大臺灣ESG永續、00922國泰台灣領袖50
139,1597,直得,電機機械,16755427.0,陳麗芬,許明哲,892618040.0,微型及標準型線性滑軌之研究開發製造及銷售 線性馬達之研究開發製造及銷售 機器手臂及軟體PLC之研究開發製造及銷售,
140,1598,岱宇,運動休閒,23751545.0,林佑穎,陳明男,1671420920.0,健身器材,
141,1603,華電,電器電纜,35882520.0,陳亮吟,陳鶴原,1916880000.0,鋁線、鋁電線電纜、交連聚乙烯電纜及其配件等製造及買賣等業務。 鋁門窗、鋁型材、帷幕牆之設計、製造、按裝及買賣等業務。 其他。,
142,1604,聲寶,電器電纜,3607500.0,財團法人陳茂榜工商發展基金會,許經朝,3842000000.0,電子.電化等製品之製造.加工.承攬.批發.零售等業務 電子.電化等製品及汽車之買賣、保養、修理等業務 倉儲業務之經營，有關進出口業務,
143,1605,華新,電器電纜,35412204.0,焦佑倫,潘文虎,40313329480.0,電線電纜、鋼線鋼纜及特殊鋼之生產與銷售,00692富邦公司治理、00850元大臺灣ESG永續、00923群益台ESG低碳50(原簡稱:群益台灣ESG低碳)、00907永豐優息存股
144,1608,華榮,電器電纜,79460007.0,王宏仁,黃華志,6327735060.0,"各種電線電纜及銅製品等之加工,製造,銷售及施工等 各種電力,通信工程設計,施工維護及技術服務等 各種電氣器具,電力及通信器材,通信用戶迴路配線器材等之製造買賣",
145,1609,大亞,電器電纜,68035907.0,沈尚弘,沈尚宜,7368162740.0,發電輸電配電機械製造業、電線電纜製造業、其他塑膠製品製造業 電子零組件製造業、配管工程業、其它工程業、塑膠膜、鋼線鋼纜 金屬結構建築組件製造業、電信器材電子材料批發業、國際貿易業,00692富邦公司治理
146,1611,中電,電器電纜,3086001.0,廖銘輝,翁慶典代理,3227357420.0,電器、照明產品等之製造與銷售及進出口貿易業務、 代理廠商產品之報價經銷及投標，委託廠商從事電器 加工製造及銷售，陶瓷及陶瓷製品製造業、衛浴批發,
147,1612,宏泰,電器電纜,43125162.0,久疆投資股份有限公司,黎文斌,3160800630.0,各種電線、電纜之製造、加工、銷售 太陽能電纜及通信線纜之製造與銷售,
148,1614,三洋電,電器電纜,3564501.0,李文峰,李文琳,2691134060.0,電冰箱、冷氣機、洗衣機、電視機等家電製品製造販賣。 壓縮機、鑄造零件、通信器材之製造販賣。 一般進出口貿易業務。,
149,1615,大山,電器電纜,64829434.0,蘇文彬,蘇文彬,1637226960.0,各項電線電纜之配件、絕緣材料、銅線之製造、加工及銷售。 前各項有關機械及其配件之製造、加工及銷售。 E601011電器承裝業。,
150,1616,億泰,電器電纜,22819700.0,王銀河,張程浩(代理),1941485150.0,"裸銅線,鍍錫線,電子線,電源線,電腦線,隔離線,同軸電纜,PVC電線 電纜,交連聚乙稀高低壓電力電纜及通信電纜,光纖光纜,區域網路 電纜,數位電纜,低煙無毒電纜,防火,耐熱電纜等製造,加工及買賣",
151,1617,榮星,電器電纜,73341336.0,王東澤,邱守基,1587566540.0,漆包線、鍍錫銅線、電子線、偏向軛、馳返變壓器、消磁線圈、線圈 一般進出口貿易業務(許可業務除外) 代理國內外有關產品之經銷、投標及報價業務,
152,1618,合機,電器電纜,23206102.0,楊碧綺,李新政,1926917470.0,電線電纜、金屬之製造、加工、銷售 電機、電氣器材及絕緣體材料之製造、加工、銷售 前項各業務之進出口貿易、代理及經銷,
153,1626,艾美特-KY,電器電纜,34995738.0,史瑞斌,史瑞斌,1528217210.0,電風扇、電暖器及各式小家電之研發、生產及銷售,
154,1701,中化,化學生技醫療,3088802.0,王謝怡貞,吳志庸,2980810800.0,醫藥品、農畜藥品、個人衛生保健用品、醫療儀器之進口、買賣,
155,1702,南僑,食品工業,7305506.0,陳飛龍,李勘文,2941329620.0,一般投資業,00936台新永續高息中小
156,1707,葡萄王,生技醫療業,11880517.0,曾盛麟,曾盛麟,1481373730.0,藥品製劑、成藥及原料、醫療器材等之製造與買賣。 雜項食品製造、冬蟲夏草食品之類似藥品劑型食品。 飲料製造業、菌種業、生物技術服務業等。,00692富邦公司治理
157,1708,東鹼,化學工業,11384405.0,陳榮元,劉志勇,2490016510.0,"硫酸鉀,鹽酸之製造及買賣業務。 純鹼,小蘇打之買賣業務。 混合磷酸鈣,氯化鈣,鹽之買賣業務。",
158,1709,和益,化學工業,4312878.0,黃勝材,李宏德,4770162720.0,烷基苯、正烯烴、壬酚、石油樹脂及其衍生物之製造及加工買賣。,
159,1710,東聯,化學工業,14057995.0,徐旭東,蔡錫津,8857030290.0,"乙二醇,二乙二醇及環氧乙烷製造與買賣 氣氧,液氧,氣氮,液氮,液氬及壓縮空氣之製造與買賣 乙醇胺,碳酸乙烯脂,聚乙二醇及脂肪醇聚氧乙烯醚之製造與買賣",
160,1711,永光,化學工業,15458455.0,陳建信,陳偉望,5477522260.0,"色料化學品,特用化學品,醫藥化學品,電子化學品",
161,1712,興農,化學工業,51911712.0,顏子芳,李乾?,4204925850.0,農藥 其他,00930永豐ESG低碳高息
162,1713,國化,化學工業,3375001.0,應柔爾,洪志成,1509517000.0,基本化學工業、化學原料批發(零售)業 化妝品製(批)業、國際貿易業 除許可業務外、得經營法令非限制或禁止之業務.,
163,1714,和桐,化學工業,12526607.0,張立秋,陳怡如,10168248080.0,石油化工原料製造業、其他石油及煤製品製造業 清潔用品製造業、其他化學製品批發業、清潔用品批發業 國際貿易業,
164,1717,長興,化學工業,75339004.0,高國倫,毛惠寬,11782654830.0,各種工業用合成樹脂之產銷 印刷電路基板、光阻材料之產銷 特殊化學品,00850元大臺灣ESG永續
165,1718,中纖,化學工業,7066907.0,王貴賢,王皆誼,16859057450.0,人造纖維、聚胺纖維、聚脂纖維、化學品及其原料之製造加工 乙二醇、環氧乙烷、氮氣及有關石油化學工業產品之製造買賣 委託營造廠興建國民住宅與商業大樓之出租出售業務,
166,1720,生達,生技醫療業,71122503.0,范滋庭,范滋庭,1786960890.0,人用藥品 健康食品,
167,1721,三晃,化學工業,55738290.0,黃亭棣,張俊彬,1848840920.0,其他化學製品製造. 合成樹脂及塑膠製造. 農藥製造.,
168,1722,台肥,化學工業,3795101.0,李孫榮,張滄郎,9800000000.0,肥料產品 化工產品 電子級化學品,00850元大臺灣ESG永續、00936台新永續高息中小
169,1723,中碳,化學工業,23221384.0,謝文榮,方明達,2369044800.0,1.煤化學品； 2.鋰電池負極材料； 3.半導體相關精密碳材。,
170,1725,元禎,化學工業,12132033.0,許元禎,徐振隆,1818299780.0,化工原料物流,
171,1726,永記,化學工業,75137605.0,張德仁,陳弘偉,1620000000.0,油漆之製造及內外銷 油漆工程之包辦 合成樹脂之買賣業務,
172,1727,中華化,化學工業,3558206.0,干文元,干凱恩,1239393310.0,硫酸等及各化學工業原料製造暨零售與成品之買賣。 前項有關化學工程之設計。 各工業投資及化學原料及進出口貿易及代理經銷。,
173,1730,花仙子,化學工業,7708830.0,蔡心心,王佳郁,632338510.0,家庭日用化學品工業類 玻璃陶瓷餐具,
174,1731,美吾華,生技醫療業,14089976.0,李成家,賴育儒,1329152440.0,醫藥用品銷售 美髮、護髮與肌膚清潔用品銷售,
175,1732,毛寶,化學工業,34245356.0,吳瑞華,陳逸弘,424439570.0,清潔用品、化粧品製造批發及零售;輔助食品批發 國際貿易、雜項化學及其他雜項工業製品製造 西藥、環境衛生用藥及家庭日常用品批發零售,
176,1733,五鼎,生技醫療業,16130182.0,沈燕士,沈燕士,999501920.0,生物技術醫療器材設備製造業,
177,1734,杏輝,生技醫療業,42042734.0,李志文,白友烺,1677220220.0,"西藥,抗生素,化妝品之製造加工買賣 醫療器材之製造加工買賣,藥品原料之合成, 中藥批發,農業服務業,其他工商服務業(菌種育種之研發)",
178,1735,日勝化,化學工業,23263551.0,何文杰,黃長澤,993880000.0,PU樹脂,
179,1736,喬山,運動休閒,52347361.0,羅崑泉,羅光廷,3036166170.0,醫療器材設備製造業、批發業及零售業 心肺復甦健身機及重量訓練機系列產品製造、批發與零售業 其他電機及電子機械器材製造業(馬達),
180,1737,臺鹽,食品工業,89397503.0,劉雅娟,陳世輝,2000000000.0,鹽產品 包裝飲用水 美容保養品,
181,1752,南光,生技醫療業,69275313.0,陳立賢,王玉杯,1009884720.0,西藥、醫療器材、動物藥品、飼料添加物、化妝品之製造加工買賣。 塑膠原料、塑膠瓶之製造加工買賣。 食品製造加工買賣業務及前項有關進出口貿易業務。,
182,1760,寶齡富錦,生技醫療業,4742997.0,張立秋,江宗明,857390130.0,藥品之製造與銷售 化妝品之製造與銷售 配方食品之製造與銷售,
183,1762,中化生,生技醫療業,3088704.0,王謝怡貞,魏慶鵬,775600000.0,原料藥製造銷售,
184,1773,勝一,化學工業,75970680.0,孫靜源,孫啟發,2500000000.0,醋酸丁酯、醋酸丙酯、丙二醇甲醚醋酸酯、丙二醇甲醚丙酸酯、 甲醛、尿素甲醛樹脂、有機化學溶劑等製造、加工、買賣及外銷等,
185,1776,展宇,化學工業,47061800.0,劉漢瀛,趙偉君,601069520.0,"溶劑型PU樹脂,水性PU樹脂,無溶劑PU樹脂,聚異氰酸酯。 熱可塑性聚氨酯(TPU塑粒)。",
186,1783,和康生,生技醫療業,16749811.0,林詠翔,陳敬亭,890701150.0,生物高分子材料應用於生物醫材及醫美保養品的研發、製造及銷售,
187,1786,科妍,生技醫療業,13159100.0,韓開程,韓台賢,702893500.0,透明質酸(玻尿酸)醫療器材產品研發製造及銷售 透明質酸(玻尿酸)保養品研發製造及銷售,
188,1789,神隆,生技醫療業,16130161.0,羅智先,盧麗安,7907392220.0,原料藥、針劑製劑之研發、產銷及相關產品之諮詢及技術服務業務 生物技術服務 國際貿易業,
189,1795,美時,生技醫療業,11456110.0,Vilhelm Robert Wessman,Petar Antonov Vazharov,2655183120.0,西藥製造、零售,
190,1802,台玻,玻璃陶瓷,11914002.0,林伯豐,林伯實,29080608000.0,平板玻璃之製造與銷售 玻璃纖維布及玻璃纖維束之製造與銷售 玻璃器皿之製造與銷售,00850元大臺灣ESG永續
191,1805,寶徠,建材營造,12179563.0,林瑞山,黃文正(代理總經理),1001857800.0,委託營造廠商興建國民住宅及商業大樓出租出售業務。,
192,1806,冠軍,玻璃陶瓷,49701774.0,林榮德,林祐宇,3904038700.0,陶瓷及陶瓷製品製造業、石材製品製造業、特定專業區開發業 新市鎮、新社區開發業、耐火材料製造業、其他化學製品製造業 除許可業務外，得經營法令非禁止或限制之業務。,
193,1808,潤隆,建材營造,34149369.0,邱秉澤,林暐鈞,4510261330.0,委託營造廠商興建商業大樓及國民住宅出租、出售業務,
194,1809,中釉,玻璃陶瓷,47056834.0,蔡憲龍,蔡松祐,1670419370.0,"色釉料 精密陶瓷,結晶化玻璃製品 陶瓷及陶瓷製品,其他化學材料",
195,1810,和成,玻璃陶瓷,3228304.0,邱立堅,陳世傑,3023037190.0,住宅設備之製造及銷售,
196,1817,凱撒衛,玻璃陶瓷,22746550.0,蕭俊祥,陳威志,726000000.0,各種衛浴設備、周邊製品之銷售,
197,1903,士紙,造紙工業,11038101.0,臺實貿易股份有限公司,闕啟文,2600391210.0,紙類之生產及運銷 紙類加工品之製造 紙業重要原料之產銷,
198,1904,正隆,造紙工業,33085508.0,鄭人銘,張清標,11082745220.0,"紙類之製銷及買賣 紙器及紙類加工品之製銷 委託營造商興建國民住宅及商業大樓出售,出租",
199,1905,華紙,造紙工業,94025264.0,黃鯤雄,陳瑞和,11028353160.0,"闊(針)葉樹漂白漿 , 道林紙, 微塗紙, 化工藥品, 肥料",
200,1906,寶隆,造紙工業,12030606.0,李復元,田哲森,1510000000.0,紙類之批發零售及國內外採購運銷業務,
201,1907,永豐餘,造紙工業,85066002.0,葉惠青,駱秉正,16603714950.0,一般投資業,
202,1909,榮成,造紙工業,34202841.0,鄭瑛彬,松村浩,13276857270.0,紙器及紙類之製造、印刷、加工、買賣、代理及進出口業務。 造紙原料之製造、加工、買賣、代理及進出口業務。 紙器及紙類加工設備之買賣。,
203,2002,中鋼,鋼鐵工業,30414175.0,王錫欽,王錫欽,157731289960.0,"鋼品設計製造買賣儲運及其他相關業務(含輕金屬,尖端材料) 鋼廠之籌建 鋼鐵及相關工業之工程顧問管理諮詢",00850元大臺灣ESG永續、00922國泰台灣領袖50
204,2006,東和鋼鐵,鋼鐵工業,75280209.0,侯傑騰,黃炳樺,7302138180.0,鋼筋、扁鐵、角鐵、盤元、其他鋼鐵製品之製造加工銷售 型鋼及合金鋼、工具鋼、高碳鋼、其他特殊鋼之製造加工銷售 輪船解體、舊船買賣.....等,00692富邦公司治理、00932兆豐永續高息等權、00936台新永續高息中小
205,2007,燁興,鋼鐵工業,75992214.0,吳林茂,陳森龍,5306516130.0,線材,
206,2008,高興昌,鋼鐵工業,75466009.0,呂泰榮,勝呂榮峰,1908522930.0,鋼管、鍍鋅鋼管、鋼管樁 冷軋鋼捲(板) 熱軋鋼捲(板)、塗面鋼捲(板),
207,2009,第一銅,鋼鐵工業,82001528.0,王宏仁,洪茂陽,3596221650.0,"各種銅製品與銅片之製銷與加工,廢銅鐵之買賣及舊廢船之解體 印刷電路基板用銅箔,積體電路及各種電路用引線架之製造買賣貿易 以銅為基材之電子材料及原料製造買賣及外銷貿易",
208,2010,春源,鋼鐵工業,11529802.0,鄭毅明,洪士民,6476553900.0,鋼板.貨櫃部材.特殊鋼.矽鋼.特帶.鋼結構 車身衝壓.倉儲設備,
209,2012,春雨,鋼鐵工業,88187108.0,陳其泰,張醒亞,3021627000.0,"螺絲,螺帽,攻牙螺絲,磨光線材及球狀化線材製造買賣。 一般事業,有害事業廢棄物清除,處理業務。 工業機械,電訊設備,汽機車及醫療器材零件製造買賣,國貿業務。",
210,2013,中鋼構,鋼鐵工業,85800192.0,陳瑞騰,黃源章,2000000000.0,各類型鋼.鋼構架.機械體及水工機械之設計.製造.安裝及技術服務。 金屬製品及加工用化學品之生產.進出口及買賣業務。 各類環保工程(包含焚化爐、污染防治設備)之設計.製造.安裝。,
211,2014,中鴻,鋼鐵工業,7838854.0,曾貴松,朱敏,14355444460.0,鋼捲、鋼管,
212,2015,豐興,鋼鐵工業,55389357.0,林大鈞,林永源,5815994240.0,製鋼及軋鋼製造修理並加工買賣 各種角鋼扁鋼槽鋼鋼板工字鋼等製造及加工買賣 各種鋼筋圓鋼等特殊鋼製造及加工買賣,
213,2017,官田鋼,鋼鐵工業,72065240.0,汪振澤,謝政成,4468746910.0,盤元線材、球化線材、鍍鋅鐵線及螺絲之生產及買賣,
214,2020,美亞,鋼鐵工業,44680700.0,黃春發,蕭敏志,2225261000.0,鋼管(板)製造及銷售,
215,2022,聚亨,鋼鐵工業,79841479.0,黃文松,呂艷娟,3371681380.0,螺絲 球化線材 機械零件,
216,2023,燁輝,鋼鐵工業,75947936.0,林義守,張振武,19453109940.0,酸洗鋼捲、軋延鋼捲、鍍鋅鋼捲、烤漆鋼捲、鋼構工程、起重機,
217,2024,志聯,鋼鐵工業,43633504.0,潘仲良,林信安(代理),975000000.0,鋼線、鋼棒、製造加工及買賣,
218,2025,千興,鋼鐵工業,70005915.0,魏福全,楊偉正,2811672620.0,不銹鋼捲,
219,2027,大成鋼,鋼鐵工業,22318348.0,謝麗雲,謝榮坤,24342606150.0,生產銷售不銹鋼及鋁產品。 生產銷售螺絲螺帽產品。,00907永豐優息存股
220,2028,威致,鋼鐵工業,69771636.0,郭素惠,郭素惠,3257148000.0,鋼筋.鋼胚.棒鋼.盤元.廢鋼等鋼製品之製造加工買賣業務 大鋼胚.小鋼胚.鋼錠.等特殊鋼之製造.加工.買賣業務 廢鐵進口.輪船解體急舊船買賣業務,
221,2029,盛餘,鋼鐵工業,79837539.0,樽宮浩一,洪世強,3211800000.0,冷軋、鍍鋅及烤漆鋼捲之製造、加工及銷售。,
222,2030,彰源,鋼鐵工業,60330130.0,張炳耀,張炳耀,2805260270.0,鋼鐵治鍊業. 鋼鐵軋延及擠型業. 鋼鐵鑄造業. 鋼材二次加工業 其他金屬製品製造業.熱處理業.表面處理業. 再生能源自用發電設備 五金批發業.國際貿易業.產品設計業. 除許可業務外，得經營法令非,
223,2031,新光鋼,鋼鐵工業,35836625.0,粟明德,曾明山,3211463410.0,各種鋼鐵整平裁剪加工買賣 各種鋼構構件製作加工買賣 各種鋼鐵代理報價買賣,
224,2032,新鋼,鋼鐵工業,34008635.0,蔡政廷,成主賜,1305215450.0,不銹鋼板、捲裁切 不銹鋼板表面處理,
225,2033,佳大,鋼鐵工業,72072615.0,吳大和,陳正平,806945360.0,預力鋼絞線 一般鋼線 預力鋼線,
226,2034,允強,鋼鐵工業,59068700.0,張金鈺,張金鈺,4702256330.0,"不銹鋼捲(板)裁切及買賣 不銹鋼焊接鋼管之製造加工及買賣 不銹鋼角鋼,扁鐵及槽鐵等之製造加工及買賣",
227,2038,海光,鋼鐵工業,75470524.0,黃韋翰,黃燦明,1903277480.0,鋼筋製造買賣 鋼胚製造買賣,
228,2049,上銀,電機機械,23503047.0,卓文恒,蔡惠卿,3537922400.0,CB01010機械設備製造業。 CB01990其他機械製造業(許可及限制業務除外)。 CC01010發電、輸電、配電機械製造業。,00850元大臺灣ESG永續、00907永豐優息存股
229,2059,川湖,電子零組件業,22274989.0,林聰吉,林淑珍,952970720.0,研發、設計、製造和銷售伺服器等用導軌及其週邊零組件生產及買賣 鉸鏈(筆記型電腦鉸鏈)及其零組件之製造生產及買賣 滑軌之製造生產及買賣,
230,2062,橋椿,居家生活,59353423.0,楊慶祺,楊慶祺,1999941520.0,水管開關配件 閘門凡而、考克、水道衛生器材 各種銅器等之製造加工及買賣,
231,2069,運錩,鋼鐵工業,22533297.0,顏德和,顏德和,1663868360.0,不銹鋼板、捲裁切 不銹鋼捲分條 不銹鋼板表面處理,
232,2101,南港,橡膠工業,11520909.0,郭林諒,林君穎,8339349040.0,輪胎生產 輪胎銷售,
233,2102,泰豐,橡膠工業,44721408.0,郭林諒,鍾政諺,4733292070.0,製造汽車輪胎、三角膠帶、平面膠帶、運輸膠帶、環型帶、軍用戰 車履帶、帆布特種膠帶、橡膠管以及其他橡膠製品、並批發、零售 之運銷業務。,
234,2103,台橡,橡膠工業,3553737.0,殷琪,蔡偉強,8257099780.0,SBR、BR、TPE、TPR橡膠。 上述產品之製造及其有關原物料及加工製品之進出口及銷售。 生產及銷售汽電共生所產生之蒸汽及工商業用電。,
235,2104,國際中橡,橡膠工業,4382114.0,辜公怡,黃柏松,9847336250.0,一般投資業,
236,2105,正新,橡膠工業,59504506.0,陳榮華,李進昌,32414155360.0,輪胎橡膠製品等,00850元大臺灣ESG永續、00878國泰永續高股息
237,2106,建大,橡膠工業,59619900.0,楊?仁,林建良,9548900000.0,各類橡膠輪胎之製造、批發、零售,
238,2107,厚生,橡膠工業,3283306.0,徐正材,徐正己,3035934000.0,生產銷售橡膠皮 生產銷售塑膠皮 生產銷售乳膠皮,
239,2108,南帝,橡膠工業,12209807.0,楊東源,許建祝,4924166590.0,乳膠製造買賣 橡膠製造買賣、熱可塑性橡膠製造買賣 鞋中底製造買賣,
240,2109,華豐,橡膠工業,59760104.0,沈國榮,王嶠奇,2793491340.0,橡膠.塑膠製品之製造.加工及內外銷. 有關上項之進出口業務. 經營上項附帶業務.,
241,2114,鑫永銓,橡膠工業,51704734.0,林季進,林季佑,779917070.0,橡膠輸送帶及其他橡膠製品,
242,2115,六暉-KY,汽車工業,38773146.0,吳金鹿,許秀華,1043731630.0,各式氣門嘴之製造及銷售,
243,2201,裕隆,汽車工業,3489200.0,嚴陳莉蓮,許國興,10700012510.0,汽車 零件 保修及其他,00692富邦公司治理、00850元大臺灣ESG永續
244,2204,中華,汽車工業,3098415.0,嚴陳莉蓮,陳昭文,5536203420.0,汽車及相關零組件等之製造、銷售,00692富邦公司治理、00850元大臺灣ESG永續、00930永豐ESG低碳高息
245,2206,三陽工業,汽車工業,24004006.0,吳清源,吳清源,7974896040.0,生產汽車、機車及其零件、引擎、模治具內外銷 提供有關產品之技術服務及其諮詢顧問業務,
246,2207,和泰車,汽車工業,3251108.0,黃南光,蘇純興,5571027680.0,各種車輛、車輛用冷暖氣機及其零件之裝配、買賣、修理、保養 進出口業務,00692富邦公司治理、00850元大臺灣ESG永續、00923群益台ESG低碳50(原簡稱:群益台灣ESG低碳)
247,2208,台船,航運業,4695235.0,黃正弘,魏正賜,12745394490.0,船艦建造及維修 大型鋼構及機械製造 海工及其他營業工程,
248,2211,長榮鋼,鋼鐵工業,81188829.0,林耿立,劉邦恩,4170914630.0,鋼結構製造 貨櫃修理 除許可業務外，得經營法令非禁止或限制之業務,00692富邦公司治理、00936台新永續高息中小
249,2227,裕日車,汽車工業,80032530.0,嚴陳莉蓮,鐘文川,3000000000.0,汽車銷售與研發,00850元大臺灣ESG永續
250,2228,劍麟,汽車工業,4359789.0,黃正怡,黃正忠,757802810.0,"CD01030汽車及其零件製造業 F401010國際貿易業 除許可業務外,得經營法令非禁止或限制之業務",
251,2231,為升,汽車工業,23219346.0,尤山泉,尤山泉,1409176080.0,汽車及其零件製造 汽、機車零件配備批發 汽、機車零件配備零售,
252,2233,宇隆,汽車工業,22702791.0,劉俊昌,蔡銘東,602880890.0,精密金屬零件之機械加工、製造及買賣,
253,2236,百達-KY,汽車工業,42299452.0,黃亮茳,黃泓杰,503912490.0,生產銷售汽車、機車沖壓零組件及沖壓生產線設備等。,
254,2239,英利-KY,汽車工業,47423487.0,林上煒,林上琦,1203465930.0,生產汽車零組件、沖壓產品、熱壓成型產品 模具設計,
255,2241,艾姆勒,汽車工業,53418357.0,林啟聖,石志鴻,1046023060.0,逆變器散熱模組及其零組件,
256,2243,宏旭-KY,汽車工業,55996613.0,林維源,林維源,693735960.0,汽車鈑金模具,
257,2247,汎德永業,汽車工業,20838245.0,唐慕蓮,杜黃旭,807087350.0,汽車零售業務 汽、機車零件配備零售業務 汽車修理業務,
258,2250,IKKA-KY,汽車工業,91165085.0,胡湘麒,小原正美,313474080.0,汽車零部件製造及銷售 衛浴設備零部件製造及銷售 事務機器零部件製造及銷售,
259,2254,巨鎧精密-創,汽車工業,54297090.0,吳柏樺,呂政偉,639076800.0,全LED汽車車燈 汽車零組件,
260,2258,鴻華先進-創,汽車工業,83167722.0,劉揚偉,李秉彥,17413140000.0,電動車技術研發、整車與零組件製造管理及銷售服務,
261,2301,光寶科,電腦及週邊設備業,23357403.0,宋明峰,邱森彬,23472499630.0,電腦資訊系統及週邊設備之製造加工及買賣業務 多功能事務機、資料儲存設備之製造加工及買賣業務 網路設備、系統設備及其他影像處理設備之製造加工及買賣業務,00692富邦公司治理、00850元大臺灣ESG永續、00878國泰永續高股息、00923群益台ESG低碳50(原簡稱:群益台灣ESG低碳)、00922國泰台灣領袖50
262,2302,麗正,半導體業,4982433.0,林怡岑,林怡岑,1663028810.0,各種電子整流二極體及半導體零件，一般精密電子器材製造及銷售。 代理國內外廠商電子產品銷售等業務。,
263,2303,聯電,半導體業,47217677.0,洪嘉聰,簡山傑、王石,125284663840.0,積體電路 各種半導體相關零組件,00692富邦公司治理、00850元大臺灣ESG永續、00878國泰永續高股息、00923群益台ESG低碳50(原簡稱:群益台灣ESG低碳)、00930永豐ESG低碳高息、00932兆豐永續高息等權、00913兆豐台灣晶圓製造、00922國泰台灣領袖50
264,2305,全友,電腦及週邊設備業,47226140.0,吳金來,謝靜慧,2056608270.0,影像掃描器 光電子產品,
265,2308,台達電,電子零組件業,34051920.0,鄭平,張訓海,25975433290.0,電源供應系統、無刷直流風扇、散熱系統、微型化關鍵零組件、 電動車電源相關系統、工業自動化、視訊顯示、資訊、網路通訊 消費性電子、可再生能源應用、智慧樓宇管理與控制解決方案等,00692富邦公司治理、00850元大臺灣ESG永續、00920富邦ESG綠色電力、00923群益台ESG低碳50(原簡稱:群益台灣ESG低碳)、00922國泰台灣領袖50
266,2312,金寶,其他電子業,4370927.0,許勝雄,陳威昌,15019882110.0,消費性電子產品、網路通訊產品及影像產品等之製造、加工、買賣。,
267,2313,華通,電子零組件業,4401392.0,江培琨,江培琨,11918205890.0,多層印刷電路板,
268,2314,台揚,通信網路業,47255762.0,謝其嘉,吳永欽,2520283200.0,衛星通訊系統及器材 地面微波通訊系統及器材,
269,2316,楠梓電,電子零組件業,76026851.0,徐漢忠,陳志康,1827405360.0,"各類印刷電路板之製造,加工,組裝,銷售及服務.",
270,2317,鴻海,其他電子業,4541302.0,劉揚偉,劉揚偉,138629906090.0,"電腦系統設備及其週邊之連接器等 線纜組件及殼體,基座之開發、設計、製造及銷售等 精密模具之製造及銷售等",00692富邦公司治理、00850元大臺灣ESG永續、00923群益台ESG低碳50(原簡稱:群益台灣ESG低碳)、00930永豐ESG低碳高息、00922國泰台灣領袖50
271,2321,東訊,通信網路業,47224065.0,劉兆凱,田瑛睿,302719290.0,局用傳輸設備 用戶端交換系統 代理行動電話系列產品,
272,2323,中環,光電業,12205020.0,翁明顯,關山孝行,10893483280.0,光碟片及有關塑膠殼子製造加工與買賣,
273,2324,仁寶,電腦及週邊設備業,21222725.0,陳瑞聰,Anthony Peter Bonadero,44071466250.0,5C電子產品之研發、設計、產製及銷售。,00850元大臺灣ESG永續、00878國泰永續高股息、00923群益台ESG低碳50(原簡稱:群益台灣ESG低碳)、00922國泰台灣領袖50
274,2327,國巨,電子零組件業,22636630.0,陳泰銘,王淡如,5075317320.0,被動元件、電阻原料半成品 天線、主動元件 機器設備、零件製造及銷售。,00850元大臺灣ESG永續、00923群益台ESG低碳50(原簡稱:群益台灣ESG低碳)、00894中信小資高價30、00922國泰台灣領袖50
275,2328,廣宇,電子零組件業,3546618.0,李光曜,蔡明峰,5183462820.0,電子零組件 線覽及連接器產品 印刷電路板等,
276,2329,華泰,半導體業,89004161.0,董?明,涂家榮,7404883330.0,積體電路、各種半導體零組件、各種電子、電腦及通訊線路板 電腦及通訊產品之硬體、軟體、系統及其週邊設備 前各項產品研究發展、設計、製造、裝配、加工、測試及售後服務,
277,2330,台積電,半導體業,22099131.0,魏哲家,總裁: 魏哲家,259336292420.0,依客戶之訂單與其提供之產品設計說明，以從事製造與銷售積體電路 以及其他晶圓半導體裝置。提供前述產品之封裝與測試服務、積體電 路之電腦輔助設計技術服務。提供製造光罩及其設計服務。,00692富邦公司治理、00850元大臺灣ESG永續、00923群益台ESG低碳50(原簡稱:群益台灣ESG低碳)、00913兆豐台灣晶圓製造、00922國泰台灣領袖50
278,2331,精英,電腦及週邊設備業,22449566.0,王光祥,陳嘉生,5574029680.0,電腦主機板、桌上型電腦等之生產及銷售。 電腦週邊產品、筆記型電腦之開發製造及銷售等。,
279,2332,友訊,通信網路業,22099189.0,郭金河,張家瑞,6025164730.0,銷售自有品牌之網路產品,
280,2337,旺宏,半導體業,22099548.0,吳敏求,盧志遠,18558264410.0,積體電路、各種半導體零組件，及其系統應用產品之 研究發展、設計、製造、測試、銷售及顧問諮詢,00913兆豐台灣晶圓製造
281,2338,光罩,半導體業,22099408.0,陳正翔,陳立惇,2564464750.0,光罩之研究.發展.製造及銷售. 提供有關前述產品之技術協助.諮詢.檢驗.維修與修理服務.,
282,2340,台亞,半導體業,47255947.0,李國光,蔡育軒,4386228460.0,有關光電半導體元件製造與銷售 有關半導體電子元件製造與銷售 以上各項目及其系統產品之研發設計製造銷售推廣及售後服務。,
283,2342,茂矽,半導體業,22099110.0,唐亦仙,盧建志,1574517440.0,1. 研究、設計、發展、測試、製造及銷售各種大型、超大型積體電 路及其相關之零組件及系統產品。 2.太陽能電池及相關系統與產品,
284,2344,華邦電,半導體業,22099218.0,焦佑鈞,陳沛銘,41800001930.0,1積體電路2半導體記憶零組件及其系統產品3電腦系統用、數位通訊 用、及週邊設備用之半導體零組件及其系統產品4其他半導體零組件 5電腦軟體程式設計及資料處理6兼營與業務相關之進出口貿易業務,
285,2345,智邦,通信網路業,22099287.0,黃國修,石軍,5604303970.0,"1.CC01060 2.CC01070 3.F401010 4.研發開發製造銷售:電腦網路 系統,用戶端通訊電子設備,光電通訊設備,特定功能之積體電路, 不斷電系統電源供應器及其零組件,相關之進出口貿易業務",00850元大臺灣ESG永續、00923群益台ESG低碳50(原簡稱:群益台灣ESG低碳)、00922國泰台灣領袖50
286,2347,聯強,電子通路業,23060541.0,苗豐強,杜書伍,16679469680.0,"電子零組件,資訊產品及通訊產品代理銷售 個人電腦,電腦週邊設備及通訊產品維修,技術服務 3C distributor and service provider",
287,2348,海悅,其他,22624873.0,黃希文,王俊傑,1818988530.0,不動產代銷及仲介、廣告服務、管理顧問、住宅及大樓開發租售 國際貿易業,
288,2349,錸德,光電業,23218873.0,葉垂景,王鼎章,6936796630.0,光碟片、影碟片、組裝機器、光電產品,
289,2351,順德,半導體業,58506816.0,陳朝雄,陳維德,1821402490.0,半導體導線架 五金文具用品 模具及其他,
290,2352,佳世達,電腦及週邊設備業,12490306.0,陳其宏,黃漢州,19667819580.0,液晶顯示器產品 投影機產品 醫療服務,00692富邦公司治理、00932兆豐永續高息等權
291,2353,宏碁,電腦及週邊設備業,20828393.0,陳俊聖,簡慧祥,30478538280.0,從事資訊產品、軟體及維修服務之通路銷售,00850元大臺灣ESG永續、00923群益台ESG低碳50(原簡稱:群益台灣ESG低碳)、00936台新永續高息中小
292,2354,鴻準,其他電子業,23707801.0,呂軍甫,陳國寶,14144851920.0,電腦終端機顯示器及有關零組件之加工製造銷售業務 前項產品之進出口貿易(限工廠產品) 代理國內外廠商產品之經銷報價及投標業務,
293,2355,敬鵬,電子零組件業,43816068.0,曾劉玉枝,黃松麟,3974954200.0,1.電子用印刷線路板及電子材料之製造加工買賣業務; 2.沖床及鋼鐵類之電子用印刷線路板模具之製造加工買賣; 3.絕緣板之製造加工買賣;4.前項有關進出口貿易業務,
294,2356,英業達,電腦及週邊設備業,4322046.0,葉力誠,蔡枝安,35874750660.0,筆記型電腦 伺服器,00692富邦公司治理、00850元大臺灣ESG永續、00878國泰永續高股息、00923群益台ESG低碳50(原簡稱:群益台灣ESG低碳)、00922國泰台灣領袖50
295,2357,華碩,電腦及週邊設備業,23638777.0,施崇棠,許先越/胡書賓,7427602800.0,3C 資訊產品(含電腦系統產品、主機板及各類板卡 及智慧型手機等手持裝置等)之設計、研發及銷售,00692富邦公司治理、00850元大臺灣ESG永續、00923群益台ESG低碳50(原簡稱:群益台灣ESG低碳)、00932兆豐永續高息等權、00922國泰台灣領袖50
296,2358,廷鑫,其他,22447526.0,顏德新,從缺,1366227720.0,鋁合金產品,
297,2359,所羅門,其他電子業,23640801.0,陳政隆,陳政隆,1714710520.0,AI視覺軟體開發、機器人代理、工業控制產品代理 燃氣沼氣發電機代理、柴油發電機組代理 其他,
298,2360,致茂,其他電子業,9461025.0,黃欽明,黃欽明,4253220420.0,精密電子量測儀器 自動化量測系統,
299,2362,藍天,電腦及週邊設備業,9424319.0,許崑泰,蔡明賢,6322630000.0,筆記型電腦 電腦周邊設備,00692富邦公司治理
300,2363,矽統,半導體業,22099202.0,洪嘉聰,戎樂天,4872330810.0,研究開發、生產、製造、銷售各種特殊應用積體電路 及其組件、系統產品，積體電路設計、高腳數精密封裝及測試服務 兼營與本公司業務相關之貿易業務,
301,2364,倫飛,電腦及週邊設備業,79883646.0,高育仁,高思復,310002620.0,製造買賣筆記型電腦,
302,2365,昆盈,電腦及週邊設備業,5141520.0,卓世坤,李百祥,2215284960.0,電腦週邊設備之製造及買賣,
303,2367,燿華,電子零組件業,5637971.0,張元銘,洪顯青,6694071750.0,印刷電路板,
304,2368,金像電,電子零組件業,30955404.0,楊承澤,楊承澤,4918395050.0,雙層、多層印刷電路板之製造加工及買賣業務。 各種電腦、電子、通訊、資訊產品及其週邊設備與電子零件、加工。,
305,2369,菱生,半導體業,55625676.0,葉樹泉,蔡澤松,3801023440.0,積體電路封裝.積體電路測試 發光二極體顯示燈 一般進出口貿易(許可業務除外),
306,2371,大同,電機機械,11026506.0,王光祥,沈柏延,23395366850.0,機電能源系統產品 消費產品,00692富邦公司治理、00850元大臺灣ESG永續、00896中信綠能及電動車
307,2373,震旦行,其他電子業,3568400.0,袁蕙華,周銘中,2362025180.0,辦公室自動化設備、系統辦公家具等,
308,2374,佳能,光電業,11394902.0,曾明仁,章孝祺,2875343120.0,數位電子照相機、光學產品,
309,2375,凱美,電子零組件業,34230543.0,呂紹萍,劉文亮,1086753340.0,電子電機製品及其生產設備器材零件類；通信器材零件類； 光學之電子器材零件類；電容器生產設備類； 電容器及其零件材料類；電阻及其零件材料類。,
310,2376,技嘉,電腦及週邊設備業,22044755.0,葉培城,李宜泰/林英宇,6698888860.0,電腦硬體及其零件之製造加工及買賣 電腦系統週邊設備(包括軟體)之製造加工及買賣 前項有關商品進口及代理國內外廠商之投標報價及經營業務,00850元大臺灣ESG永續、00878國泰永續高股息、00923群益台ESG低碳50(原簡稱:群益台灣ESG低碳)、00922國泰台灣領袖50
311,2377,微星,電腦及週邊設備業,22178368.0,徐祥,黃金請,8448561990.0,有關各種電腦硬體軟體之設計及其成品與零組件製造買賣業務 電子零件之製造買賣業務 有關前項業務之進出口貿易業務,00850元大臺灣ESG永續、00878國泰永續高股息
312,2379,瑞昱,半導體業,22671299.0,邱順建,顏光裕,5128636410.0,研究開發生產、製造、銷售各種積體電路,00850元大臺灣ESG永續、00878國泰永續高股息、00923群益台ESG低碳50(原簡稱:群益台灣ESG低碳)、00932兆豐永續高息等權、00913兆豐台灣晶圓製造、00922國泰台灣領袖50
313,2380,虹光,電腦及週邊設備業,22099759.0,盛少瀾,盛少瀾,2169340840.0,數位辦公設備,
314,2382,廣達,電腦及週邊設備業,22822281.0,林百里,梁次震,38626274320.0,電子 筆記型電腦及相關產品,00692富邦公司治理、00850元大臺灣ESG永續、00878國泰永續高股息、00923群益台ESG低碳50(原簡稱:群益台灣ESG低碳)、00930永豐ESG低碳高息、00922國泰台灣領袖50
315,2383,台光電,電子零組件業,86521351.0,董定宇,董定宇,3445601580.0,銅箔基板 黏合片 多層壓合板,00850元大臺灣ESG永續
316,2385,群光,電子零組件業,20954200.0,許崑泰,呂進宗,7600531720.0,鍵盤製造及銷售 數位影像產品之製造及銷售 電源供應器產品之製造及銷售,00692富邦公司治理、00850元大臺灣ESG永續、00936台新永續高息中小
317,2387,精元,電腦及週邊設備業,86244265.0,蔡火爐,李明擇,1952510510.0,電腦及其附屬設備軟硬體之設計製造加工買賣 各項鍵盤塑膠射出字鍵及模具設計製造內外銷 系統、應用軟體及電腦通訊控制器之設計開發製造買賣,
318,2388,威盛,半導體業,86870786.0,陳文琦,陳文琦,5000599410.0,設計、製造、測試、銷售積體電路、半導體記憶零件組等 電腦軟體程式設計、銷售、測試及電腦資料處理 前各項產品之代理及進出口貿易業務,
319,2390,云辰,其他電子業,34412092.0,張姿玲,呂麗筑,1926194420.0,智慧型居家安控系統產品 智能照明燈具產品 智能感應器.警報器產品,
320,2392,正崴,電子零組件業,22223510.0,郭台強,郭台強,5123269400.0,連接器之研發、製造與銷售 電池模組之研發、製造與銷售 電源管理模組之研發、製造與銷售,
321,2393,億光,光電業,34516147.0,葉寅夫,葉寅夫,4433930860.0,電子製品之加工製造買賣業務 各種光電控制器之加工買賣業務 半導體原料及其設備之製造買賣業務,
322,2395,研華,電腦及週邊設備業,5155853.0,劉克振,陳清熙、蔡淑妍、張家豪,8604475580.0,工業測控產品 工業用電腦/工業用工作站 嵌入式電腦卡/超薄液晶電腦,00692富邦公司治理、00850元大臺灣ESG永續、00923群益台ESG低碳50(原簡稱:群益台灣ESG低碳)、00896中信綠能及電動車、00922國泰台灣領袖50
323,2397,友通,電腦及週邊設備業,30950652.0,陳其宏,蘇家弘,1144888570.0,電腦主機板、工業用電腦及特殊專用平台(ACP),
324,2399,映泰,電腦及週邊設備業,23826200.0,王明義,王明正,1781000000.0,電腦主機板 工業電腦 電腦VGA 卡,
325,2401,凌陽,半導體業,23821182.0,黃洲杰,黃洲杰,5919949190.0,各種積體電路及模組之設計.製造.測試及銷售 各種積體電路應用軟體之研究.開發及銷售 各積積體電路之貿易及代理業務,
326,2402,毅嘉,電子零組件業,23588039.0,黃秋永,曾恭勝,3075365330.0,各種電子塑膠、矽膠字鍵、鍵盤及其組裝 軟性電路版及其組裝 智慧財產權業,
327,2404,漢唐,其他電子業,20938096.0,李惠文,待董事會委任後再另行公告,1905866980.0,半導體、光電等高科技廠房整廠、無塵室、控制、機電、特殊製程 系統建造、規劃工作及維護運轉服務。 紅外線應用及多頻道雷射治療儀等醫療器材之研發、製造與銷售。,
328,2405,輔信,電腦及週邊設備業,20980880.0,余麗娜,鄭瑋勳,3434273030.0,準系統、工業電腦及其週邊設備開發製造及買賣業務等.,
329,2406,國碩,光電業,97178376.0,陳繼明,鍾高原,3509056890.0,導電銲帶之研發、製造及銷售 太陽能電廠工程服務,
330,2408,南亞科,半導體業,89390656.0,吳嘉昭,李培瑛,30986278940.0,電子零組件製造業 國際貿易業 其他顧問服務業,
331,2409,友達,光電業,84149738.0,彭又又浪,柯富仁,76993960920.0,液晶顯示器 有機發光顯示器,00930永豐ESG低碳高息
332,2412,中華電,通信網路業,96979933.0,郭水義,林昭陽,77574465450.0,電信事業,00692富邦公司治理、00850元大臺灣ESG永續、00878國泰永續高股息、00923群益台ESG低碳50(原簡稱:群益台灣ESG低碳)、00930永豐ESG低碳高息、00922國泰台灣領袖50
333,2413,環科,電子零組件業,52878846.0,歐正明,歐正明,1273592000.0,電磁零件、交換式電源供應器 資訊通訊產品、光通訊產品 其他電子零組件之製造加工及內外銷,
334,2414,精技,電子通路業,12215548.0,葉佳紋,李盈芳,1617358460.0,電腦及電腦週邊產品之通路經營,
335,2415,錩新,電子零組件業,44913118.0,丁廣欽,蕭伊宏,900000000.0,生產銷售揚聲器零件,
336,2417,圓剛,電腦及週邊設備業,23611974.0,郭重松,郭重松,1576688640.0,電腦系統設備及多媒體相關產品之研發與銷售,
337,2419,仲琦,通信網路業,22029190.0,黃文芳,周暘智,3213172290.0,通訊、電信產品,
338,2420,新巨,電子零組件業,20970807.0,周進文,高銘傳,1526486880.0,微動開關 電源供應器,
339,2421,建準,電子零組件業,81448796.0,洪慶昇,洪慶昇,2734436690.0,"電子零組件製造業,其他電機及電子機械器材製造業,機械設備製造業 發電,輸電,配電機械製造業,電器及視聽電子產品製造業,國際貿易業 除許可業務外，得經營法令非禁止或限制之業務",
340,2423,固緯,其他電子業,4735004.0,林錦章,張朝明,1450472890.0,儀器 通訊 其他,
341,2424,隴華,通信網路業,4926876.0,王光祥,王雅萱,562750000.0,衛星影像事業 衛星事業 其他,
342,2425,承啟,電腦及週邊設備業,22332192.0,高樹榮,高樹榮,964988310.0,一 電腦零組件、週邊設備製造加工及買賣,
343,2426,鼎元,光電業,22434156.0,蘇?正,李榮寰,3006222520.0,"砷化鎵, 紅外線, 發光二極體, 雷射二極體, 光電晶體, 光二極體, 單晶, 磊晶, 晶粒之研發, 製造, 銷售. 兼營相關之進出口貿易 光電系統之研究開發, 製造, 銷售.",
344,2427,三商電,資訊服務業,31275691.0,陳翔中,陳翔中,1968144630.0,金融自動化服務機器之銷售、租賃及維護。 系統整合業務之軟、硬體規劃、開發建置及維護。,
345,2428,興勤,電子零組件業,83639504.0,隋台中,隋台中,1281127260.0,機械陶瓷.熱敏電阻.變阻體.陶瓷電容器製造加工買賣 精密電子儀器.電子零件之製造加工買賣,
346,2429,銘旺科,光電業,12206203.0,周維昆,曾心潔,455000000.0,光學面板,
347,2430,燦坤,電子通路業,69568009.0,林技典,nan,1168000000.0,"零售3C(家電、通訊、電腦)百貨商品 電熨斗,咖啡壺,煎烤器及馬達類產品研發設計 零組件及模具銷售,技術報酬金等",
348,2431,聯昌,電子零組件業,35568331.0,連昭志,林春連,1109270140.0,電源供應器,
349,2432,倚天酷碁-創,電腦及週邊設備業,22089345.0,高樹國,鍾逸鈞,618600000.0,電信加值網路業務、電腦軟硬體應用系統之設計、銷售、出租 電腦創新週邊商品與生活智慧產品之銷售,
350,2433,互盛電,其他電子業,12516241.0,廖慶章,翁國華,1444960110.0,事務機器電腦傳真機之買賣進出口修理及出租業務 電子及機械零組件買賣業務 有(無)線通信傳輸設備之買賣及工程承包、裝設,
351,2434,統懋,半導體業,22404266.0,翁淑貞,唐永渝,370000000.0,"電子零組件製造業 、電腦及其週邊設備製造業、國際貿易業 除許可業務外,得經營法令非禁止或限制之業務",
352,2436,偉詮電,半導體業,22099499.0,林錫銘,林登信,1780115940.0,研發生產銷售數位類比混合式特殊應用IC。 研發生產銷售數位式積體電路、類比式IC。 兼營與本公司業務相關之進出口貿易業務。,
353,2438,翔耀,光電業,12364770.0,林以山,林以山,651956410.0,光學面板、彩色濾光片基板等加工及產銷 其他,
354,2439,美律,通信網路業,52375605.0,廖祿立,黃朝豊,2382987800.0,娛樂性產品、揚聲器、電池產品、免持聽筒、及其他電子零件,00692富邦公司治理
355,2440,太空梭,電子零組件業,1887370.0,王玄輝,王建成,1391172710.0,3C產品用線 3C連接組裝產品 銅材,
356,2441,超豐,半導體業,5126366.0,謝永達,紀有章,5688459210.0,各種積體電路之封裝、測試及相關業務,
357,2442,新美齊,建材營造,22006274.0,林傳捷,紀榮村,2560782870.0,不動產買賣、租賃及營建開發。 不動產買賣、租賃及營建開發。,
358,2443,昶虹,其他,97165506.0,陳清福,陳清福,1456870000.0,電腦軟硬體及週邊設備、光碟片製造加工及買賣業務 CC01050資料儲存及處理設備製造業CC01080電子零組件製造業 C601040加工紙業F109020文具批發業,
359,2444,兆勁,通信網路業,89549446.0,紀政孝,紀政孝,1015695730.0,製造及銷售網路卡、Wifi module、 (續業務1)電力線通信、無線藍芽通信服務等產品 記憶體模組、Wafer Die,
360,2449,京元電子,半導體業,22507241.0,李金恭,張高薰,12227450650.0,各種積體電路之設計.製造.測試.配件.加工.包裝.買賣業務 各種奔應機及其零配件之製造.加工.買賣業務 前各項產品之進出口貿易業務,00891中信關鍵半導體
361,2450,神腦,通信網路業,12228473.0,林榮賜,林保雍,2582526570.0,通訊產品之代理及買賣 行動電話及相關配件之代理及買賣,
362,2451,創見,半導體業,23446187.0,束崇萬,束崇萬,4298676750.0,電腦等數位產品之記憶體擴充卡 電腦週邊產品,00850元大臺灣ESG永續
363,2453,凌群,資訊服務業,4967550.0,劉瑞復,劉瑞隆,1000000000.0,電腦系統之出租與銷售、電腦系統整合及電腦軟硬體維護等,
364,2454,聯發科,半導體業,84149961.0,蔡明介,陳冠州,15993349350.0,多媒體IC 、電腦週邊IC、高階消費性IC、其他特殊應用IC,00692富邦公司治理、00850元大臺灣ESG永續、00878國泰永續高股息、00923群益台ESG低碳50(原簡稱:群益台灣ESG低碳)、00930永豐ESG低碳高息、00932兆豐永續高息等權、00913兆豐台灣晶圓製造、00922國泰台灣領袖50
365,2455,全新,通信網路業,97170472.0,陳建良,黃朝興,1849059180.0,CC01080電子零組件製造業。 F119010電子材料批發業。 ZZ99999除許可業務外，得經營法令非禁止或限制之業務。,00910第一金太空衛星
366,2457,飛宏,電子零組件業,30435973.0,林中民,林洋宏,4312084160.0,電源供應器,
367,2458,義隆,半導體業,84149224.0,葉儀皓,葉儀皓,3038803920.0,"內崁式微控制器及系統,數位訊號處理器及系統 電腦週邊控制積體電路及系統,指紋辨識裝置及信用卡應用 人工智慧先進駕駛輔助系統,Edge AI 影像辨識在智慧交通應用",00932兆豐永續高息等權、00913兆豐台灣晶圓製造
368,2459,敦吉,其他電子業,20863763.0,鍾元凱,鍾元凱,1055956150.0,電子零組件之買賣 安全規格、電磁相容測試與驗證 精密模具及射出成型生產製造、車用電子零組件及電子零組件製造,
369,2460,建通,電子零組件業,84433564.0,蘇敦禮,何易霖,1692000000.0,精密電子產品及其零件、電器類機器之製造、加工 銅之原、廢料買賣、電鍍加工、煉銅 前述有關產品進出口貿易業務,
370,2461,光群雷,其他電子業,22099322.0,郭維武,郭維武,1715941590.0,全像術及光電相關產品,
371,2462,良得電,電子零組件業,4877657.0,陳龍水,陳龍水,1501440740.0,電腦系統及電器類電源傳輸線組.資訊週邊產品訊號聯結線 通訊系統高效連接線組.智能電動車充電線纜,
372,2464,盟立,其他電子業,22099478.0,孫弘,林世東,1955312260.0,"設計.開發.生產.製造及銷售下列產品:自動化設備系統及其零組件, 電腦 控制設備及系統,醫療器材及其自動化生產設備,立體停車設備, 前項產品 工程之規劃.安裝, 技術咨詢顧問,維修及租賃",
373,2465,麗臺,電腦及週邊設備業,22325002.0,盧崑山,盧崑山,839460310.0,電腦產品 智慧醫療產品 其他,
374,2466,冠西電,光電業,34348590.0,謝淑娟,黃琮善,1714586970.0,光電繼電器、光耦合器、磁簧繼電器、磁簧感應器、固態繼電器 、精密電容器等電子零組件製造買賣。發電、輸電、配電機械工程。 前各項有關進出口貿易業務。,
375,2467,志聖,電子零組件業,7618057.0,梁茂生,梁又文,1567553480.0,印刷電路板業製程設備：光阻製程設備、光固化/曝光製程設備.. 平面顯示器業製程設備：TFT Array / Cell /CF/TFT-LCM製程設備.. 半導體業  & 太陽光電業製程設備：晶圓表面清潔電漿處理設備..,
376,2468,華經,資訊服務業,12115702.0,蘇美春,唐宇華、楊正寧,699612490.0,資訊系統整合業務之軟、硬體規劃、開發及維運 文件數位化服務、企業應用軟體之規劃及服務 公／私有雲基礎架構建置規劃,
377,2471,資通,資訊服務業,20873360.0,余宏揚,林青龍,472538900.0,應用套裝軟體之分析.設計.修改.安裝及維護等業務. 各型電腦設備.網路設備及其相關軟體之買賣. 有關前項之系統整合.網路規劃.資料庫管理及應用軟體設計等.,
378,2472,立隆電,電子零組件業,52358985.0,吳志銘,吳志銘,1647351370.0,各種電子器材之製造、裝配及買賣業務 各種機械批發及買賣業務 有關前各項進出口業務,
379,2474,可成,其他電子業,69905810.0,洪水樹,洪天賜,6803640680.0,機殼及內構件各式相關產品之生產、銷售與開發。,00850元大臺灣ESG永續、00878國泰永續高股息
380,2476,鉅祥,電子零組件業,4403568.0,林於晃,林映碩,2066202980.0,連續沖壓精密金屬零件與連續沖壓模具 機械零組件、刀具、夾具 自動化專用機,
381,2477,美隆電,其他電子業,33750329.0,吳明賢,吳堂誌,1585732440.0,家用、車用、多媒體及專業用影音電子產品之設計研發、製造及買賣 前項有關產品及其原料進出口及代理業務,
382,2478,大毅,電子零組件業,23534301.0,江財寶,江財寶,1447313390.0,厚膜晶片電阻、電阻網路、積體電路等零阻件製造加工、買賣業務。 有關前產品及原料之進出口貿易業務。 代理國內外有關廠商產品之報價投標及經銷買賣等業務。,
383,2480,敦陽科,資訊服務業,84218848.0,梁修宗,梁修宗,1063602910.0,電腦系統、電腦週邊、網路產品及電腦軟體之規劃、銷售及整合。 系統整合及諮詢與維修等。,
384,2481,強茂,半導體業,22145016.0,方敏清,方敏清,3821149270.0,"功率分離式元件之生產製造,銷售及進出口業務 一般精密電子材料及零組件之製造加工配置買賣進出口業務",
385,2482,連宇,其他電子業,38430938.0,羅鋇,羅鋇(暫代),778827110.0,讀卡機及銷售點終端機之製造、銷售及買賣業務。 IC卡讀卡機設備及其週邊設備、零配件之製造、銷售與買賣業務。 視訊會議設備及其週邊設備及零配件之製造、銷售、按裝與買賣。,
386,2483,百容,電子零組件業,52753108.0,廖本林,廖本林,1090938070.0,半導體導線架 程式開關 步進馬達,
387,2484,希華,電子零組件業,22771229.0,曾穎堂,曾榮孟,1594210220.0,石英晶體之製造加工買賣 石英晶體振盪器之製造加工買賣,
388,2485,兆赫,通信網路業,12320400.0,黃啟瑞,林慶輝,3176890370.0,數位有線視訊傳輸系統 數位衛星通訊傳輸系統 數位視訊轉換器產品,
389,2486,一詮,光電業,35866232.0,周萬順,周萬順,2339585790.0,LED及SMD導線架 直下式電視背光模組、散熱片及IC導線架 其他電子零組件,
390,2488,漢平,其他電子業,68889236.0,劉深鏗,劉深鏗,799994330.0,電器製造業.照明設備製造業.資料儲存及處理設備製造業. 無線通信機械器材製造業.電子零組件製造業 國際貿易業.產品設計業.資訊軟體服務業,
391,2489,瑞軒,光電業,84929896.0,吳春發,吳旭軒,7401000000.0,TFT-LCD液晶顯示器之設計、製造與銷售 LCD TV之設計、製造與銷售,
392,2491,吉祥全,光電業,89380545.0,陳碧華,羅光偉,820080000.0,光學資訊相關產品,
393,2492,華新科,電子零組件業,19004316.0,焦佑衡,曾明燦,4858047740.0,電子零組件製造業 積層陶瓷及圓板電容、晶片電阻及保險絲、電感、射頻元件製造銷售 高壓、高頻與精密電容，車用與工業用特殊電阻及陶瓷粉末製造加工,00850元大臺灣ESG永續
394,2493,揚博,電子零組件業,30929883.0,蘇勝義,蘇勝義,1144373900.0,印刷電路板(PCB)製程、檢測設備及製程用各式化學藥水. 液晶顯示器(LCD)製程、檢測設備. 半導體製程、檢測設備、材料及製程用各式化學品.,
395,2495,普安,電腦及週邊設備業,84166074.0,羅仕東,羅仕東,2735515380.0,個人電腦及週邊設備設計研究開發，製造及買賣業務． 通訊網路設備設計開發，製造及買賣業務． 電腦軟體程式系統分析設計及電腦資料處理業務．,
396,2496,卓越,其他,22099786.0,曾淑鈴,曾淑鈴,191004400.0,短期補習班及教育諮詢服務,
397,2497,怡利電,汽車工業,59334664.0,陳錫勳,陳錫勳,1227984630.0,汽車電子 其他,
398,2498,宏達電,通信網路業,16003518.0,王雪紅,王雪紅,8323191360.0,掌上型電腦與智慧型手機之設計、生產與製造 掌上型電腦(含具備無線通訊功能之產品) 掌上型電腦與智慧型手機之各式零組件及相關技術支援、售後服務等,
399,2501,國建,建材營造,3374306.0,張清櫆,李虹明,11595610590.0,興建國宅與商業大樓之出租出售 接受委託辦理有關都市計劃、山坡地等之規劃、設計、顧問業務 其他有關事業之經營及投資,
400,2504,國產,建材營造,24060203.0,徐蘭英,吳志仁,11800000000.0,預拌混凝土 不動產買賣.出租,00692富邦公司治理
401,2505,國揚,建材營造,11603817.0,林子?,彭邵齡,3800000000.0,委託營造廠商興建國民住宅、商業大樓出租出售 建築材料之買賣製造代理 工業廠房開發租售業,
402,2506,太設,建材營造,11099009.0,柳逸義,陳清暉,3870000000.0,承攬代辦土木建築工程 土地開發興建房屋 H701010住宅及大樓開發租售業,
403,2509,全坤建,建材營造,4921056.0,李勇毅,江清峰,2245505300.0,建築業 其他營業收入,
404,2511,太子,建材營造,72058206.0,羅智先,林宏俊,16233261470.0,國民住宅及商業大樓等之委託興建及經營租售,
405,2514,龍邦,其他,22817273.0,劉偉龍,劉偉龍,3947292780.0,"委託營造廠商興建國民住宅,商業大樓出租出售業務 投資興闢都市計劃範圍內之市場,公園等公共設施 接受委託辦理市地重劃",
406,2516,新建,建材營造,11762504.0,鄒宏基,賴調燦,2262784570.0,土木工程：承辦各種道路.橋樑.隧道.運河等土木工程 建築工程：承辦各種辦公大樓.住宅.學校.廠房.醫院.運動館等工程 工廠工程：核能電廠及各種工廠之建廠工程,
407,2520,冠德,建材營造,30900892.0,馬志綱,張勝安,5541701000.0,委託營造廠商興建國民住宅及商業大樓出租出售業務。 建築傢具之買賣及進出口貿易業務。 接受委託辦理都市更新土地重劃及房屋買賣資訊業務。,00932兆豐永續高息等權
408,2524,京城,建材營造,6667446.0,蔡天贊,蔡天贊,3694196000.0,H701010住宅及大樓開發租售業。 J901020一般旅館業。 F501060餐館業。,
409,2527,宏璟,建材營造,22344508.0,簡文祥,周家佩,2703060000.0,委託營造廠商興建國民住宅及商業大樓出租出售業務 買賣各種建材及進出口業務 室內設計裝潢工程(營造業除外),
410,2528,皇普,建材營造,81271967.0,蘇永平,蘇永平,4085306530.0,委託營造廠商興建商業大樓及國民住宅出租、出售業務 投資興闢都市計劃範圍內之停車場 餐廳、咖啡廳、旅館業務之經營,
411,2530,華建,建材營造,11059409.0,鄭斯聰,黃智楨,8399880000.0,委託營造廠商興建商業大樓出租出售業務 委託營造廠商興建國民住宅出租出售業務 房屋租售之介紹業務,
412,2534,宏盛,建材營造,22221180.0,林新欽,陸永富,4742279700.0,委託營造廠興建國民住宅及商業大樓出售出租業務 房屋租售之介紹業務 室內裝潢之設計及施工業務(現場僅作辦公室使用),
413,2535,達欣工,建材營造,18997007.0,王人正,執行長：廖肇邦,2707939670.0,集合住宅商辦大樓等建築工程總承包 晶圓廠、封測廠等高科技廠房工程總承包 捷運、道路等交通工程統包及總承包,
414,2536,宏普,建材營造,23113054.0,華展投資股份有限公司指派代表人：游武龍,游武龍,3328086520.0,營建,
415,2537,聯上發,建材營造,22659295.0,蘇永義,李志明,3005577950.0,委託營造廠商興建國民住宅及商業辦公大樓出租出售業務。 代理及買賣各種工程材料建設機械及進出口業務。 電腦設備安裝業。,
416,2538,基泰,建材營造,12251662.0,楊儲明,馮先勉,4384487640.0,委託營造廠商興建商業大樓及國民住宅出售、出租業務(營造廠除外) 企業管理、財務管理及投資計劃之諮詢分析顧問業務 廢棄物處理業及其他環保服務業(廢棄土處理),
417,2539,櫻花建,建材營造,22491640.0,陳世英,沈淑貞,8571139240.0,委託營造廠商興建國民住宅及商業大樓之出租出售業務,
418,2540,愛山林,建材營造,22190686.0,祝文宇,張境在,4166066500.0,(所營事業第32條)H701010住宅及大樓開發租售業. (所營事業第35條)H703090不動產買賣業. (所營事業第62條)H704041不動產代銷經紀業.,
419,2542,興富發,建材營造,12305479.0,曹淵博,范華軍,18841415910.0,委託營造廠商興建商業大樓及國民住宅出租、出售業務。 有關室內裝潢之設計及施工業務。 有關建材、裝潢材料及建設機械之買賣及進出口業務等。,
420,2543,皇昌,建材營造,34342717.0,江程金,黃重雷,3307315180.0,土木建築工程之承攬業務,
421,2545,皇翔,建材營造,86379024.0,廖年吉,廖宇祥,3277348080.0,委託營造廠商興建住宅、商業大樓出租出售業務 有關建材之買賣及進出口業務,
422,2546,根基,建材營造,43876760.0,袁藹維,黃義芳/陳俊明,1207215990.0,土木、建築、水利及整地工程之承攬。 各項基礎工程之承攬。 橋樑、隧道工程之承攬。,
423,2547,日勝生,建材營造,12373243.0,林榮顯,劉垚凱,9550946490.0,委託營造廠商興建住宅、商辦大樓，以供出租或出售為主要業務,
424,2548,華固,建材營造,23358846.0,鍾榮昌,洪嘉昇,3044939980.0,委託營造廠商興建商業大樓、國民住宅及廠辦之出租及出售 室內裝潢業務及建材.機械買賣及進出口貿易業務 委託營造廠興建一般工業用地之廠房倉庫出租等業務,
425,2597,潤弘,建材營造,66394146.0,李志宏,莫惟瀚,2589300000.0,建築.土木工程之承攬;機電承裝工程.自來水承裝工程.冷凍空調工程 土木之預鑄樑.柱.樓版.外牆與各式預鑄房屋結構構件之生產與銷售 土木及預鑄工程之規劃、設計與顧問,
426,2601,益航,貿易百貨,3353007.0,郭人豪,郭人豪,8247760670.0,百貨零售業 經營國內外航運及有關之附屬業務、船舶及其零件批發業 設備及小客車租賃業、經營國內外投資業務住宅及大樓開發租售業務,
427,2603,長榮,航運業,11337775.0,張衍義,吳光輝,21514344270.0,G301011船舶運送業、G401011船務代理業 G404011貨櫃集散站經營業、CD01070商港區船舶小修業 ZZ99999除許可業務外，得經營法令非禁止或限制之業務,00692富邦公司治理、00850元大臺灣ESG永續、00907永豐優息存股、00922國泰台灣領袖50
428,2605,新興,航運業,11812103.0,許積皋,許積皋,5853532970.0,船務代理業 拖船駁船業,
429,2606,裕民,航運業,47067419.0,徐旭東,王書吉,8450557120.0,船舶運送 船舶買賣 船務代理,00692富邦公司治理、00850元大臺灣ESG永續、00932兆豐永續高息等權
430,2607,榮運,航運業,4406559.0,邱顯育,林振芳,10671410940.0,船舶運送及出租業 汽車貨櫃貨運業 貨櫃集散站經營業,
431,2608,嘉里大榮,航運業,51015548.0,沈宗桂,財務暨行政總處：阮慧雯；營運總處：滕德昌,4670004980.0,汽車貨運業、汽車路線貨運業、汽車貨櫃貨運業 倉儲業務、快遞業務、宅配業務 冷凍車、冷凍櫃、冷凍庫出租業務及商品分類配送處理業務,
432,2609,陽明,航運業,4200199.0,蔡豐明,白崑榮,34921042700.0,國內外水上貨運、客運業務之經營 倉庫、碼頭、拖船、駁船、貨櫃集散場站業務之經營 船舶、貨櫃及車架之修理、租賃、買賣業務之經營,00850元大臺灣ESG永續、00907永豐優息存股
433,2610,華航,航運業,11145904.0,謝世謙,高星潢,60515407420.0,客運、貨運、郵運 代理業務(包括營業、運務)及代理修護 倉儲業務之經營,00850元大臺灣ESG永續、00936台新永續高息中小、00907永豐優息存股
434,2611,志信,航運業,33853232.0,黃春發,陳秀奇,1890022720.0,運輸 營建、觀光休閒 貿易商品買賣業務,
435,2612,中航,航運業,43778070.0,彭士孝,戴聖堅,1974845930.0,散裝貨輪運輸業(百分之百轉投資海外子公司) 汽車貨櫃貨運業 民用航空總代理,
436,2613,中櫃,航運業,39014517.0,林宏年,吳清泉,1484234580.0,經營港埠碼頭貨櫃集散站 辦理貨櫃修理維護業務 辦理一般倉庫及保稅業務,
437,2615,萬海,航運業,11395000.0,久福花園股份有限公司,謝福隆,28061462930.0,船舶運送業、船務代理業、其他批發業零售業、船舶及其零件批發業 船舶及其零件零售業、貨櫃集散站經營業、船舶及貨櫃出租業 船舶貨物裝卸承攬業、除許可業務外得經營法令非禁止或限制之業務,00850元大臺灣ESG永續、00907永豐優息存股
438,2616,山隆,油電燃氣業,33983853.0,鄭人豪,蕭煒騰,1372818270.0,汽車貨櫃貨運業 汽車修理業及其零件買賣 加油站業務及倉儲業務,
439,2617,台航,航運業,3564713.0,劉文慶,仇忠林,4172944870.0,海運服務業 委託營造廠商興建住宅及商業大樓出租出售業務,
440,2618,長榮航,航運業,23225229.0,林寶水,孫嘉明,54004443350.0,國際航線之定期及不定期航空客貨運輸業務,00692富邦公司治理、00850元大臺灣ESG永續、00936台新永續高息中小、00907永豐優息存股
441,2630,亞航,航運業,11381701.0,盧天麟,盧天麟,2094382040.0,航空器與有關裝備之維修、租賃與買賣 航空配件裝備之製造與裝配、精密工業設備之修理 以及上述各項業務之代理與顧問,
442,2633,台灣高鐵,航運業,16446274.0,江耀宗,鄭光遠,56282930580.0,高速鐵路之經營,00692富邦公司治理、00850元大臺灣ESG永續、00936台新永續高息中小
443,2634,漢翔,航運業,97160544.0,胡開宏,馬萬鈞,9418671010.0,國內外軍用、民用航空及相關工業產品之發展、製造、裝修及銷售。 協助國內航空工業建立中心衛星體系與制度。 提供對航空工業系統之規劃、製造、整合、發展及管理之技術服務。,00692富邦公司治理
444,2636,台驊投控,航運業,22358734.0,顏益財,侯倬倫,1433912300.0,一般投資業,
445,2637,慧洋-KY,航運業,25637751.0,藍俊昇,藍俊昇,7464091990.0,國際海上運輸業務 船舶相關管理、維護及服務業務 船舶租賃業務、船務代理業務,
446,2642,宅配通,航運業,70624227.0,邱純枝,徐慶懿,954670000.0,汽車貨運及宅配 倉儲物流 理貨包裝,
447,2645,長榮航太,航運業,16097775.0,黃南宏,李緯章,3745709620.0,航空器機體、零組件及發動機維修 航空器零組件製造及組裝 除許可業務外，得經營非法令禁止或限制之業務,
448,2701,萬企,觀光餐旅,15415013.0,蔡茂昌,吳雅珍,4499678380.0,育樂 租賃,
449,2702,華園,觀光餐旅,75560601.0,陳海尼,陳海尼,1566132490.0,一般旅館業 餐館業 食品什貨、飲料零售業,
450,2704,國賓,觀光餐旅,11636802.0,許育瑞,許家堯,3669233430.0,國際觀光大飯店附設餐飲等業務,
451,2705,六福,觀光餐旅,11081274.0,莊豐如,賴振融,1913128300.0,國際觀光旅館.餐飲.電影院.主題遊樂園,
452,2706,第一店,觀光餐旅,11587957.0,顧安生,徐小華,4999983460.0,觀光旅館業務 商場出租業務,
453,2707,晶華,觀光餐旅,4268726.0,潘思亮,吳偉正,1274032380.0,經營國際觀光旅館;附中西餐廳咖啡廳夜總 會酒吧會議廳健身房三溫暖商店等;停車場 經營;旅館管理;休閒育樂產業設施諮詢顧問,
454,2712,遠雄來,觀光餐旅,23986016.0,武祥生,沈建劭,1050000000.0,經營觀光旅館及餐廳業務 經營商品之銷售 健身房之經營,
455,2722,夏都,觀光餐旅,89434676.0,陳協同,王慶祺,1211696960.0,一般旅館業 餐館業 商品銷售,
456,2723,美食-KY,觀光餐旅,39682101.0,吳政學,吳政學,1800000000.0,咖啡飲料及烘培產品製造販售,
457,2727,王品,觀光餐旅,84630426.0,陳正輝,陳正輝,844511090.0,餐館業,
458,2731,雄獅,觀光餐旅,4655091.0,王文傑,黃信川,932777390.0,旅行業,
459,2739,寒舍,觀光餐旅,70471881.0,蔡伯翰,蔡伯翰,1015260000.0,經營國際觀光旅館 附設中西餐廳咖啡廳酒吧會議廳健身房三溫暖美容商店及停車場經營 旅館管理諮詢顧問及休閒育樂產業設施經營諮詢診斷分析顧問,
460,2748,雲品,觀光餐旅,54023418.0,盛治仁,丁原偉,1057787400.0,國際觀光旅館 餐館經營 其他,
461,2753,八方雲集,觀光餐旅,70472679.0,林欣怡,張瑞蓮,664947960.0,餐飲銷售及連鎖加盟,
462,2762,世界健身-KY,運動休閒,94497159.0,柯約翰,柯約翰,1125000000.0,會員制運動健身中心 健身課程,
463,2801,彰銀,金融保險業,51811609.0,胡光華,周朝崇,108582929630.0,存、放款、外匯及其他銀行業可辦業務,00692富邦公司治理、00850元大臺灣ESG永續、00923群益台ESG低碳50(原簡稱:群益台灣ESG低碳)、00907永豐優息存股
464,2809,京城銀,金融保險業,68921101.0,戴誠志,姜宏亮,11112342650.0,存款、放款、外匯、財富管理、投資、信託、保險代理人等金融業務,00692富邦公司治理、00930永豐ESG低碳高息、00936台新永續高息中小
465,2812,台中銀,金融保險業,51816908.0,施建安,董益源,55187566830.0,銀行相關事業,
466,2816,旺旺保,金融保險業,3110001.0,洪吉雄,劉自明,2236080000.0,火險、水險、汽車險、承保其他損失責任及再保險、代理其他公司 委託之保險業務、各種生產事業投資、依法辦理之事項,
467,2820,華票,金融保險業,12198359.0,張政權,魏政祥,13429600000.0,H102011票券金融業 H301011證券商（不含營業廳）,
468,2832,台產,金融保險業,3557115.0,李泰宏,陳昭鋒,3622004000.0,產物保險,
469,2834,臺企銀,金融保險業,3793407.0,劉佩真,李國忠,82224061660.0,存款、授信、外匯、投資、信託、個人理財等金融業務,00692富邦公司治理、00850元大臺灣ESG永續、00907永豐優息存股
470,2836,高雄銀,金融保險業,79854797.0,鄭美玲,徐翠梅,17742982240.0,"代理市庫,存款,授信,外匯,信託,投資等金融業務",
471,2838,聯邦銀,金融保險業,86380802.0,林鴻聯,許維文,39789525020.0,收受存款、辦理放款、票據貼現、匯兌、承兌、保證、開發信用狀業 務、買賣短期票券、投資、外匯業務、信託業務、財富管理及其他代 理業務等。,00692富邦公司治理
472,2845,遠東銀,金融保險業,86517096.0,侯金英,周添財,40694838550.0,"收受存款,辦理放款,保證 簽發信用狀,辦理國內外匯兌及承兌業務 辦理投資及代銷公債,公司債及金融債券",00692富邦公司治理、00850元大臺灣ESG永續
473,2849,安泰銀,金融保險業,86928561.0,俞宇琦,張振芳,19576093490.0,經營銀行法規定之商業銀行業務 經營信託法及信託業法規定之信託業務,
474,2850,新產,金融保險業,3458403.0,吳昕紘,何英蘭,3159633000.0,財產保險,
475,2851,中再保,金融保險業,11081991.0,戴錦銓,鍾志宏,8003887500.0,H501031再保險業,
476,2852,第一保,金融保險業,3359109.0,李正漢,陳信坤,3011637840.0,財產保險,
477,2855,統一證,金融保險業,23218183.0,林寬成,楊凱智,14558313430.0,承銷有價證券 自行買賣有價證券 受託買賣有價證券 股務代理 有價證券融資融券業務 期貨業務輔助 期貨自營 其它經證期會核准之有關證券業務,00692富邦公司治理、00930永豐ESG低碳高息、00936台新永續高息中小
478,2867,三商壽,金融保險業,84443471.0,翁肇喜,陳宏昇,50995010440.0,經營人身保險業務,
479,2880,華南金,金融保險業,70826764.0,陳芬蘭,李耀卿,136427458980.0,金融控股公司業 投資經主管機關核准之事業 對被投資事業之管理,00692富邦公司治理、00850元大臺灣ESG永續、00923群益台ESG低碳50(原簡稱:群益台灣ESG低碳)、00930永豐ESG低碳高息、00907永豐優息存股
480,2881,富邦金,金融保險業,3374805.0,蔡明興,韓蔚廷,146149632430.0,金融控股公司業,00692富邦公司治理、00850元大臺灣ESG永續、00878國泰永續高股息、00923群益台ESG低碳50(原簡稱:群益台灣ESG低碳)、00930永豐ESG低碳高息、00907永豐優息存股、00922國泰台灣領袖50
481,2882,國泰金,金融保險業,70827406.0,蔡宏圖,李長庚,162025101280.0,投資 管理,00692富邦公司治理、00850元大臺灣ESG永續、00878國泰永續高股息、00923群益台ESG低碳50(原簡稱:群益台灣ESG低碳)、00907永豐優息存股、00922國泰台灣領袖50
482,2883,開發金,金融保險業,70827383.0,王銘陽,楊文鈞,184143230050.0,投資及被投資公司之管理,00850元大臺灣ESG永續、00922國泰台灣領袖50
483,2884,玉山金,金融保險業,70796305.0,黃男州,陳茂欽,159958000000.0,金融控股公司業,00692富邦公司治理、00850元大臺灣ESG永續、00923群益台ESG低碳50(原簡稱:群益台灣ESG低碳)、00930永豐ESG低碳高息、00907永豐優息存股、00922國泰台灣領袖50
484,2885,元大金,金融保險業,70796749.0,申鼎籛,翁健,129428640250.0,金融控股公司業,00692富邦公司治理、00850元大臺灣ESG永續、00878國泰永續高股息、00923群益台ESG低碳50(原簡稱:群益台灣ESG低碳)、00932兆豐永續高息等權、00907永豐優息存股、00922國泰台灣領袖50
485,2886,兆豐金,金融保險業,70796754.0,董瑞斌,蕭玉美,148333782820.0,金融控股公司業,00692富邦公司治理、00850元大臺灣ESG永續、00878國泰永續高股息、00923群益台ESG低碳50(原簡稱:群益台灣ESG低碳)、00930永豐ESG低碳高息、00907永豐優息存股、00922國泰台灣領袖50
486,2887,台新金,金融保險業,80328055.0,吳東亮,林維俊,140761443120.0,金融控股公司業,00692富邦公司治理、00850元大臺灣ESG永續、00923群益台ESG低碳50(原簡稱:群益台灣ESG低碳)、00922國泰台灣領袖50
487,2888,新光金,金融保險業,80328219.0,魏寶生,陳恩光,157846290420.0,H801011金融控股公司業,00850元大臺灣ESG永續
488,2889,國票金,金融保險業,80330257.0,魏啟林,陳冠舟,35321896290.0,金融控股公司業,00692富邦公司治理、00936台新永續高息中小
489,2890,永豐金,金融保險業,80333183.0,陳思寬,朱士廷,123864399410.0,本公司得投資下列事業：銀行業、票券金融業、信用卡業、信託業、 保險業、證券業、期貨業、創業投資事業、經主管機關核准投資之外 國金融機構、其他經主管機關認定與金融業相關之事業。,00692富邦公司治理、00850元大臺灣ESG永續、00878國泰永續高股息、00923群益台ESG低碳50(原簡稱:群益台灣ESG低碳)、00907永豐優息存股
490,2891,中信金,金融保險業,80333992.0,顏文隆,高麗雪,201210999000.0,投資金融相關事業 經主管機關核准辦理之其他有關業務,00692富邦公司治理、00850元大臺灣ESG永續、00878國泰永續高股息、00923群益台ESG低碳50(原簡稱:群益台灣ESG低碳)、00930永豐ESG低碳高息、00907永豐優息存股、00922國泰台灣領袖50
491,2892,第一金,金融保險業,80351999.0,邱月琴,方螢基,136201455370.0,金融控股公司業,00692富邦公司治理、00850元大臺灣ESG永續、00878國泰永續高股息、00923群益台ESG低碳50(原簡稱:群益台灣ESG低碳)、00907永豐優息存股、00922國泰台灣領袖50
492,2897,王道銀行,金融保險業,70745361.0,駱怡君,李芳遠,30330063010.0,H101021 商業銀行業 H301011 證券商 H601011 人身保險代理人、H601021 財產保險代理人,
493,2901,欣欣,貿易百貨,11364230.0,尤志煌,孟正光,730432830.0,百貨業 超市 電影院,
494,2903,遠百,貿易百貨,3521905.0,徐旭東,徐雪芳,14169405890.0,買賣環球百貨及經營超級市場,00930永豐ESG低碳高息、00936台新永續高息中小
495,2904,匯僑,其他,12195466.0,廖述群,葉唐榮,778344320.0,港埠石化品之裝卸及儲轉業務 進出口貿易業務及其有關之國內外買賣業務,
496,2905,三商,貿易百貨,11052709.0,陳翔立,陳翔立,11224957030.0,一般投資業。,
497,2906,高林,貿易百貨,11547230.0,李忠良,李界羲,2091166480.0,國際貿易 進口服飾零售 生技醫療產業,
498,2908,特力,貿易百貨,20795246.0,李麗秋,李麗秋董事長代理總經理,5098875580.0,一般進出口貿易業務及其有關之國內外買賣業務(許可業務除外) 代理國內外廠商產品之銷售及投標業務 代理國內外廠商之採購及投標業務,
499,2910,統領,貿易百貨,20937863.0,蘇建義,翁華利,1754030000.0,百貨零售業,
500,2911,麗嬰房,貿易百貨,4377371.0,林柏蒼,陳仁沛,1051259990.0,成衣服飾製造及買賣業務 各種家具、鞋襪、飾品等百貨之製造及買賣業務 各種玩具之製造及買賣,
501,2912,統一超,貿易百貨,22555003.0,羅智先,黃瑞典,10396222550.0,超級商店之經營;煙酒.家庭用品之零售,00692富邦公司治理、00850元大臺灣ESG永續、00923群益台ESG低碳50(原簡稱:群益台灣ESG低碳)、00907永豐優息存股、00922國泰台灣領袖50
502,2913,農林,貿易百貨,7525207.0,吳清源,吳清源,7900000000.0,茶葉及相關休閒產業 貿易 土地開發,
503,2915,潤泰全,貿易百貨,14053007.0,徐盛育,徐志漳,11043187720.0,天然棉．纖維．紡織品之製造加工染整印花營銷及進出口貿易業務 農畜水產品．雜貨．衣著．建材．家具及裝飾品之批發及零售業務 委託營造商興建國民住宅．商業大樓出租．出售業務,
504,2923,鼎固-KY,建材營造,31896684.0,張洪本,張能耀,17402969820.0,不動產開發 不動產租售 不動產管理及其他,
505,2929,淘帝-KY,貿易百貨,54381224.0,周志鴻,周志鴻,1094938380.0,自有品牌童裝及配飾之設計開發及銷售,
506,2939,凱羿-KY,貿易百貨  ,72768516.0,紀喬兒,紀喬兒,455486650.0,	衛星電視購物及購物台購物通路商品開發、製造及銷售郵購網購及In Store TV 店中店通路商品開發、製造及銷售,
507,2945,三商家購,貿易百貨,54164937.0,陳翔玢,邱光隆,675000000.0,民生消費品之零售 超級市場之經營 其他,
508,3002,歐格,電腦及週邊設備業,31306250.0,李廣浩,李廣浩,1020000000.0,電源及雲端智慧管理裝置 電路保護元件 博弈機觸控螢幕及周邊設備,
509,3003,健和興,電子零組件業,59276051.0,鄭克彬,鄭傑元,1556548900.0,端子,
510,3004,豐達科,鋼鐵工業,16095404.0,蔡豐賜,林威村,543701550.0,飛機用及船舶用扣件、結構件之製造、加工、代理及買賣業務 車輛用及工業用扣件、結構件之製造、加工、代理及買賣業務 產品設計業,
511,3005,神基,電腦及週邊設備業,22099532.0,黃明漢,黃明漢,6117609000.0,一般投資業 產業控股公司業,00692富邦公司治理、00936台新永續高息中小
512,3006,晶豪科,半導體業,16130280.0,張明鑒,張明鑒,2861722380.0,動、靜態隨機存取記憶體(DRAM/SRAM)、快閃記憶體(FLASH) 類比積體電路、類比與數位混合積體電路 與本公司業務相關之產品設計及研發之技術服務,
513,3008,大立光,光電業,22480876.0,林恩平,黃有執,1334681970.0,各式光學鏡頭模組 觀景器模組與光電零組件 以上產品之研發設計生產銷售與技術服務等,00850元大臺灣ESG永續、00922國泰台灣領袖50
514,3010,華立,電子通路業,75514419.0,張尊賢,張尊賢,2507671170.0,資訊通訊用材料及設備、平面顯示器材料及設備。 半導體製程用材料及設備、印刷電路板用材料、設備及零組件。 太陽能、風力、及風電等綠能材料、設備及發電及其他,
515,3011,今皓,電子零組件業,20950226.0,石浩吉,林盟傑,1127192510.0,有關電腦及其週邊產品、電子消費性與通訊用產品之連接線,
516,3013,晟銘電,電腦及週邊設備業,4777186.0,林木和,羅志吉,2029165520.0,PC、NB、Server、TV及行動產品等機構件與沖壓、射出、組裝、銷售 精密模具設計製造銷售,
517,3014,聯陽,半導體業,84149717.0,胡鈞陽,林弘堯,1610801240.0,電腦週邊控制IC 資訊家電相關IC 液晶螢幕顯示器相關IC,00930永豐ESG低碳高息
518,3015,全漢,電子零組件業,84239055.0,鄭雅仁,鄭雅仁,1872619500.0,電源供應器之製造銷售,00930永豐ESG低碳高息
519,3016,嘉晶,半導體業,16130388.0,徐建華,孫慶宗,2885418190.0,矽磊晶、化合物半導體磊晶晶圓之開發、製造與銷售,
520,3017,奇鋐,電腦及週邊設備業,86427715.0,沈慶行,沈慶行,3833101570.0,3C電子產品,00850元大臺灣ESG永續、00920富邦ESG綠色電力、00923群益台ESG低碳50(原簡稱:群益台灣ESG低碳)、00922國泰台灣領袖50
521,3018,隆銘綠能,其他電子業,96924451.0,許鑒隆,呂金晃,730735660.0,機電系統整合工程,
522,3019,亞光,光電業,55921894.0,賴以仁,林泰朗,2792439010.0,照相機、距離計、攝影機、望遠鏡、顯微鏡、複印機 傳真機、光碟機用光學鏡片及光學鏡片組合體之製造 、加工與外銷等,
523,3021,鴻名,電子零組件業,84274833.0,張允騰,林嘉祥,958900000.0,"連接器.連接線組,電子元件產品之研發.生產及銷售 家電.空調.汽車.事務機器設備相關接線組之研發.生產及銷售 電腦資訊系統整合及維護服務",
524,3022,威強電,電腦及週邊設備業,97445303.0,張明智,江重良,1765977900.0,本公司為全球工業電腦之供應廠商，專門設計、生產、及銷售各種網 路通訊與自動化設備產品。主要產品類有單板/嵌入型/液晶顯示電腦 、伺服器、網路儲存設備、工業機箱、介面卡、工作站、電源供應器,
525,3023,信邦,電子零組件業,23542766.0,王紹新,梁偉銘,2400331590.0,各種電子零件加工、製造及其成品之買賣業務 電腦週邊設備、通訊器材、電腦通訊網路及其零組件之製造加工買賣 代理各種電子零件有關產品之報價經銷,00692富邦公司治理
526,3024,憶聲,光電業,44955117.0,彭亭玉,彭秀雲,2771574960.0,電子製造事業體系 流通服務事業體系 倉儲物流事業體系,
527,3025,星通,通信網路業,22099863.0,葉茂林,葉茂林,567364400.0,網路存取設備產品群,
528,3026,禾伸堂,電子零組件業,20891326.0,唐錦榮,唐錦榮,1658903180.0,被動元件 系統模組 主動元件,
529,3027,盛達,通信網路業,33659498.0,陳忠廷,張淑梅,1154638110.0,通訊產品設計製造及銷售(路由器、車載及工業網通等) 電源暨能源管理設計製造及銷售(客製化電源及儲能代工等) 綠能事業(儲能及太陽能解決方案提供及太陽能電廠與儲能電站投資),00692富邦公司治理
530,3028,增你強,電子通路業,12401698.0,增寶科技投資股份有限公司(代表人:王濬智),周俊光/周俊賢,2340066640.0,各種電子零件、組件之進出口業務,
531,3029,零壹,資訊服務業,30922431.0,林嘉?,陳鍵忠,1546092120.0,網路軟體.硬體產品之代理製造及開發。 產品分類：1. 網路暨資訊安全、2. IT基礎架構、 3. 雲平台與應用、4. 大數據與應用、5. 其他。,
532,3030,德律,其他電子業,23292535.0,陳玠源,陳玠源,2362160000.0,組裝電路板自動檢測設備暨相關治具 自動檢測設備,
533,3031,佰鴻,光電業,34452164.0,廖宗仁,廖宗仁,1732032240.0,電子工業,
534,3032,偉訓,電子零組件業,69577160.0,王駿東,王駿東,1132856260.0,電腦機殼產品 電源供應器等資訊產品,
535,3033,威健,電子通路業,4648938.0,胡秋江,紀廷芳,4283880410.0,電子零組件暨周邊設備之代理銷售,00930永豐ESG低碳高息、00932兆豐永續高息等權
536,3034,聯詠,半導體業,84149955.0,何泰舜,王守仁,6085114690.0,研究.開發.設計.生產.製造.銷售下列產品:A語音積體電路及系統B通 訊積體電路及系統C內崁式微控制器及系統D數位訊號處理器及系統 E電腦週邊控制積體電路及系統F液晶顯示器驅動積體電路及系統,00692富邦公司治理、00850元大臺灣ESG永續、00878國泰永續高股息、00923群益台ESG低碳50(原簡稱:群益台灣ESG低碳)、00930永豐ESG低碳高息、00932兆豐永續高息等權、00913兆豐台灣晶圓製造、00922國泰台灣領袖50
537,3035,智原,半導體業,84149060.0,洪嘉聰,王國雍,2605503130.0,特殊應用積體電路設計(ASIC) 特殊應用積體電路設計用矽智財及系統平台(IP & System Platform) 特殊應用積體電路電子設計、自動化軟體工具(ASIC EDA Tools),00913兆豐台灣晶圓製造
538,3036,文曄,電子通路業,84498860.0,鄭文宗,鄭文宗,12511104010.0,電子零組件、成品之加工、製造、研究開發、買賣及進出口業務。 電話器材及其零組件之製造、代理國內外廠商有關之報價投標業務。 資訊軟體服務、零售與批發業、倉儲業、電信器材批發業。,00692富邦公司治理
539,3037,欣興,電子零組件業,23535435.0,曾子章,馬光華、蘭庭,15251061970.0,PCB製造,00692富邦公司治理、00850元大臺灣ESG永續、00923群益台ESG低碳50(原簡稱:群益台灣ESG低碳)、00922國泰台灣領袖50
540,3038,全台,光電業,89261652.0,曾瑞銘,王臺光,1574076030.0,LCD液晶顯示器及電容式觸控面板及模組 LCM液晶顯示器模組 電子零組件製造、電腦與其週邊設備製造及電子材料批發,00930永豐ESG低碳高息
541,3040,遠見,其他,22050221.0,凌陽科技股份有限公司,蔡智杰,630000000.0,租賃服務收入 教育相關電子產品及軟件,
542,3041,揚智,半導體業,84149054.0,梁厚誼,陳嘉修,1951227460.0,數位機上盒晶片等相關晶片設計業務,
543,3042,晶技,電子零組件業,21204867.0,林萬興,郭雅屏,3347676020.0,石英元件之研發、製造及買賣 感測器元件之研發、製造及買賣,00932兆豐永續高息等權
544,3043,科風,其他電子業,22485794.0,科飛投資股份有限公司,楊淑艷,389756340.0,不斷電電源供應器,
545,3044,健鼎,電子零組件業,86379707.0,王景春,黃樂仁,5256058980.0,印刷電路板 工業自動化機械 電子收銀機系統,00692富邦公司治理
546,3045,台灣大,通信網路業,97176270.0,蔡明忠,林之晨,37232618110.0,通訊業,00692富邦公司治理、00850元大臺灣ESG永續、00878國泰永續高股息、00923群益台ESG低碳50(原簡稱:群益台灣ESG低碳)、00932兆豐永續高息等權、00922國泰台灣領袖50
547,3046,建碁,電腦及週邊設備業,97306457.0,簡慧祥,王博修,784480130.0,電腦系統 其他電腦周邊產品,
548,3047,訊舟,通信網路業,22164580.0,任冠生,任冠生,2223027910.0,"商用及消費性通訊設備,電信商通訊設備,通訊服務",
549,3048,益登,電子通路業,97099302.0,曾禹旖,于俊潔,2698297940.0,代理銷售半導體零組件及相關研發業務,
550,3049,精金,光電業,70750217.0,馬維欣,馬維欣,8020105290.0,觸控式液晶顯示器之研究、開發、生產、製造及銷售業務。,
551,3050,鈺德,光電業,84785413.0,楊慰芬,羅宜富,1549844500.0,光碟服務產品,
552,3051,力特,光電業,16439169.0,趙寄蓉,趙輝生,1700000000.0,偏光板,
553,3052,夆典,建材營造,20730758.0,郭國華,郭國華,2306723250.0,營建工程 機電、儀電工程 電子零組件之銷售、光電產品之製造及銷售,
554,3054,立萬利,食品工業,86143822.0,陳立青,陳立青,834110410.0,生技產品銷售 電子產品銷售,
555,3055,蔚華科,電子通路業,22729784.0,秦家騏,楊燿州,1149749180.0,半導體設備代理、技術諮詢與維修服務應用軟體支援等,
556,3056,富華新,建材營造,16264908.0,劉偉如,洪志成,3422756780.0,營建收入,
557,3057,喬鼎,電腦及週邊設備業,22099738.0,李志恩,李志恩,926786680.0,"研究開發生產製造銷售電腦儲存設備高效能控制卡及系統,電腦高效 能網路及圖型系統,多媒體軟硬體套件及系統,電腦電話整合技術相關 產品,暨前項產品之管理顧問諮詢技術移轉等業務,及相關之貿易業務",
558,3058,立德,電子零組件業,38019280.0,包忠詒,包效禹,2023627790.0,"交換式電源供應器,變壓器及電源轉換器之生產銷售及買賣 電信器材批發,零售 電子材料批發,零售",
559,3059,華晶科,光電業,97307625.0,夏汝文,高楨輝,2788000250.0,CC0108 電子零組件製造業。 F40101 國際貿易業。 研究、開發、設計、生產、製造與銷售數位影像相關產品,
560,3060,銘異,電腦及週邊設備業,30897480.0,謝錦興,謝錦興,1375631900.0,硬碟機零組件 其他,
561,3062,建漢,通信網路業,16594892.0,李廣益,李廣益,3304454180.0,研究開發生產製造及銷售下列產品:1.寬頻網際網路存取路由器 2.虛擬私有網路3.防火牆4.第三/四層交換器 5.有線高階寬頻網路保全路由器6.無線高階寬頻網路保全路由器,
562,3090,日電貿,電子零組件業,84116878.0,周煒凌,于耀國,2126571500.0,電子零件組件及其材料之製造加工及買賣業務。 電腦週邊設備之製造加工買賣及軟體程式設計業務。 前各項有關產品之進出口貿易業務。,
563,3092,鴻碩,電子零組件業,86318408.0,張利榮,魯憶萱,1065520300.0,"製造、銷售各種電腦訊號線,連接器,連接線",
564,3094,聯傑,半導體業,84149759.0,郝挺,陳念台,831170890.0,設計研究開發生產製造銷售網路控制晶片 設計研究開發生產製造銷售數據機晶片組 設計研究開發生產製造銷售USB系列晶片,
565,3130,一零四,數位雲端,84598349.0,楊基寬,黃于純,331907000.0,一般廣告服務業 電子資訊 就業服務,
566,3138,耀登,通信網路業,23573774.0,張玉斌,張玉斌,502933630.0,射頻應用產品之天線研發製造及相關進出口貿易業務。 人體手持、穿戴與植入系統的安全性與電磁相容之評估服務。 代理精密量測儀器及國內外廠商產品之投標報價經銷業務。,
567,3149,正達,光電業,97049373.0,鍾志明,鍾志明,1851906040.0,光電玻璃及玻璃製品製造業。 電子零組件製造業。 國際貿易業。,
568,3150,鈺寶-創,半導體業,16372688.0,羅森洲,黃良駿,443980010.0,產品設計業 無線通信機械器材製造業 電子零組件製造業,
569,3164,景岳,生技醫療業,12715847.0,陳根德,陳昱瑾,865113640.0,西藥製造業 生物技術服務業 未分類其他食品製造業,
570,3167,大量,電機機械,43938484.0,王作京,簡禎祈,825001400.0,各種機器之設計製造加工及買賣 各種模具之設計製造加工及買賣 上項有關業務之進出口貿易業務,
571,3168,眾福科,光電業,16274722.0,黃漢州,俞思平,780996490.0,液晶顯示器模組,
572,3189,景碩,半導體業,70785139.0,廖賜政,陳河旭,4544230600.0,電子零組件製造業 電子材料批發業 電子材料零售業,
573,3209,全科,電子通路業,86027892.0,吳堉文,謝宏昌,2324309690.0,國際貿易業 資訊軟體服務業 電子資訊供應服務業,
574,3229,晟鈦,電子零組件業,22570840.0,莊明理,劉文禎,642630000.0,印刷電路板製造,
575,3231,緯創,電腦及週邊設備業,12868358.0,林憲銘,林建勳,28967670500.0,3C電子產品 其他,00692富邦公司治理、00850元大臺灣ESG永續、00878國泰永續高股息、00923群益台ESG低碳50(原簡稱:群益台灣ESG低碳)、00922國泰台灣領袖50
576,3257,虹冠電,半導體業,16130417.0,方敏宗,林保偉,799865900.0,功率積體電路(Power IC) 電源模組(Power Module) 場效電晶體(MOSFET),
577,3266,昇陽,建材營造,84141187.0,麥寬成,魏岱霖,3523143090.0,住宅及大樓開發租售業 不動產買賣業 都市更新重建業,
578,3296,勝德,電子零組件業,12702977.0,周義雄,周義雄,967244500.0,有線及無線通信機械器材製造買賣 電子零組件製造買賣 電機與電子機械器材製造買賣,
579,3305,昇貿,其他電子業,4789211.0,李三蓮,李弘偉,1342374740.0,經營銲錫絲、銲錫棒、BGA錫球及銲錫膏等之製造及銷售。,
580,3308,聯德,電子零組件業,22749711.0,陳銘智,鄧瑞玲,600000000.0,"交換式電源供應器,無停電裝置,變壓器等之加工製造買賣業務. 電子零件,電機儀器,科學儀表,各式半導體裝置之加工及買賣業務. 各種有無線電通訊機件,器材,電音儀器之修護裝配買賣業務.",
581,3311,閎暉,通信網路業,12956063.0,焦佑衡,徐幼珍,680000000.0,按鍵及模組產品 機構整合元件,
582,3312,弘憶股,電子通路業,89613636.0,葉佳紋,劉彥輝,1626254550.0,電子零組件之製造加工及買賣業務 電腦系統設備、主機板、介面卡與電腦週邊設備製造加工及賣賣 一般進出口貿易業務,
583,3321,同泰,電子零組件業,23983947.0,曾子章,曾山一,971597930.0,多層及軟式印刷電路板之製造加工及買賣業務 電子零組件之製造加工及買賣業務 CC01050資料儲存及處理設備製造業,
584,3338,泰碩,電子零組件業,89858152.0,彭朋煌,劉克平,879081410.0,散熱模組及電子電腦零組件之加工、 製造及買賣業務 電線電纜之加工、 製造及買賣業務 汽機車零配件等加工、 製造及買賣業務,
585,3346,麗清,汽車工業,16992625.0,劉美秀,劉美秀,1151590200.0,電子材料批發業 國際貿易業(限工廠產品) 電子零組件製造業,
586,3356,奇偶,光電業,16302558.0,戴光正,王有傳,898221030.0,數位監控系統,
587,3376,新日興,電子零組件業,35424073.0,呂勝男,阮朝宗,1877483460.0,NB、液晶顯示幕、手機、3C電子等樞紐之研發、製造及銷售 精密金屬沖壓件 精密彈簧製品,
588,3380,明泰,通信網路業,12800392.0,黃文芳,黃文芳,5417184600.0,電信管制射頻器材製造業 無線通信機械器材製造業,
589,3406,玉晶光,光電業,23572557.0,陳天慶,郭英理,1127430630.0,各類光學鏡頭、鏡片研發及生產製造。 高功率LED室內外照明產品。,
590,3413,京鼎,半導體業,12858252.0,劉揚偉,邱耀銓,1026706030.0,半導體設備、次系統及系統整合 平面顯示器設備、次系統及系統整合,
591,3416,融程電,電腦及週邊設備業,96930209.0,呂谷清,林筠卿,797465020.0,強固型工業用行動電腦 強固型顯示器 其他,
592,3419,譁裕,通信網路業,47250470.0,鄒宓富,曹付宜,1204804170.0,工業用塑膠製品製造業。 電線及電纜製造業。 電子零組件製造、批發、零售業。,
593,3432,台端,電子零組件業,22928881.0,陳帝生,林樂賢,422300000.0,連接器,
594,3437,榮創,光電業,70634323.0,方榮熙,方榮熙,1445480000.0,LED晶粒研發、製造、封裝、模組及銷售,
595,3443,創意,半導體業,16299879.0,曾繁城,戴尚義,1340119110.0,一、研究、開發、生產、製造及銷售：各種應用積體電路1.嵌入式記 憶體及邏輯元件。2.設計用元件資料庫。3.設計用自動化工具 二、提供前述產品相關及客戶委託之技術服務。,00692富邦公司治理、00850元大臺灣ESG永續、00923群益台ESG低碳50(原簡稱:群益台灣ESG低碳)
596,3447,展達,通信網路業,16045290.0,呂進宗,陳秋龍,770841200.0,寬頻網路應用產品之製造及銷售 智慧家庭物聯網產品之製造及銷售,
597,3450,聯鈞,半導體業,12624467.0,鄭祝良,宋天增,1456813820.0,光資訊及光通訊產品 功率半導體封裝測試,
598,3454,晶睿,光電業,70703897.0,羅永堅,廖禎祺,865678930.0,"有線無線通信機械器材製造及銷售 電子零組件及電信器材製造及銷售 資訊軟體,資料處理及電子資訊服務及銷售",
599,3481,群創,光電業,12800225.0,洪進揚,楊柱祥,79891973370.0,電子零組件製造業 國際貿易業,
600,3494,誠研,電腦及週邊設備業,70801588.0,光風投資有限公司代表人：黃茯,黃冠智,1440000000.0,相片印表機及週邊耗材研發批發零售之經營 事務性機器設備批發零售 國際貿易,
601,3501,維熹,電子零組件業,80272361.0,吳瑞雄,吳瑞雄,1182579270.0,電子、資訊、電機及電器類電源線組 插座、插頭、轉接頭、組合式插頭 其他,
602,3504,揚明光,光電業,12800061.0,林惠姿,張雅容/林威嶧,1140597850.0,電子零組件製造業；光學儀器製造業；其他設計業；國際貿易業 研究/開發/設計/製造/銷售各式顯像或取像之光源、光學元件 研究/開發/設計/製造/銷售各式顯像或取像之模組、光機引擎,
603,3515,華擎,電腦及週邊設備業,80333613.0,童旭田,許隆倫,1216357290.0,個人電腦主機板 個人電腦主機板之零配件,
604,3518,柏騰,其他電子業,89732154.0,黃逸駿,游秀屏,960422300.0,PVD外觀鍍膜表面處理,
605,3528,安馳,電子通路業,12676056.0,李瑞西,李瑞西,666259660.0,電腦設備安裝業 電子材料批發業 電腦及事務性機器設備批發業,
606,3530,晶相光,半導體業,27298412.0,何新平,何新平,784559000.0,互補金氧半導體影像感測積體電路之研究、開發、設計、生產及銷售,
607,3532,台勝科,半導體業,89406518.0,郭文筆,高橋和也,3878483000.0,矽晶圓電子材料之製造及銷售進出口業務 前項原材料之買賣及進出口業務 除許可業務外，得經營非法令非禁止或限制之業務,00692富邦公司治理、00850元大臺灣ESG永續
608,3533,嘉澤,電子零組件業,22244141.0,朱德祥,何德佑,1114721180.0,連接器,00923群益台ESG低碳50(原簡稱:群益台灣ESG低碳)
609,3535,晶彩科,光電業,70720798.0,陳永華,陳永華,790523560.0,TFT-LCD檢測機台 設備零組件及電子配件 維修收入,
610,3543,州巧,光電業,70526133.0,李樹裔,李樹宗,892631500.0,光電電子零組件、模具、金屬傢俱及醫療用品製造加工與進出口業務,
611,3545,敦泰,半導體業,28069900.0,胡正大,胡正大,2194360490.0,研究、開發、設計、製造及銷售手持式行動裝置應用晶片,00932兆豐永續高息等權
612,3550,聯穎,電子零組件業,22488639.0,何鈞銜,廖文宏,875500000.0,資訊、通訊及消費性電子用訊號傳輸線材及線組之研發、製造及銷售 醫療、工業及自動化設備用訊號傳輸線材及線組之研發、製造及銷售 汽車、伺服器用訊號傳輸線材及線組與塑膠製品之研發、製造及銷售,
613,3557,嘉威,居家生活,27717512.0,黃清森,吳世偉,803004150.0,各式餐具、廚具用品等家居用品設計、生產及銷售,
614,3563,牧德,光電業,16522758.0,汪光夏,陳復生,581462340.0,非接觸式機械視覺檢測系統設備,
615,3576,聯合再生,光電業,27763753.0,洪傳獻,洪傳獻(暫代執行長),16277953750.0,研究、開發、設計、製造及銷售(1) 太陽能電池及相關系統 (2)太陽能發電模組及晶圓 (3) 兼營與本公司產品相關之進出口貿易業務,
616,3583,辛耘,半導體業,30901647.0,謝宏亮,許明棋,803280000.0,半導體/LED/Solar/LCD等製程機台設備代理、研發與製造 晶圓再生技術研發與服務 化學分析儀器代理技術、研發與製造,
617,3588,通嘉,半導體業,80254357.0,高育坤,祁亨忠,600291000.0,CC01080 電子零組件製造業 I501010 產品設計業,
618,3591,艾笛森,光電業,12907747.0,吳建榮,吳建榮,1436094350.0,LED照明元件模組、LED車用照明模組及光傳輸元件之研發製造銷售,
619,3592,瑞鼎,半導體業,80532726.0,黃裕國,林文聰,758552260.0,研究、開發、設計、生產、製造及銷售1. 顯示器驅動IC 2. 觸控IC 3. 時序控制IC與電源管理IC,
620,3593,力銘,電子零組件業,80617029.0,尤惠法,尤惠法,930424160.0,電子零組件 消費性電子產品,
621,3596,智易,通信網路業,12800294.0,陳瑞聰,曾釗鵬,2203543210.0,無線區域網路產品 整合性數位家庭及行動辦公室之多媒體閘道器 無線影音產品,
622,3605,宏致,電子零組件業,97257738.0,袁万丁,黃添富,1344177090.0,電子、電腦、車用、網通、消費性電子、工業、醫療等連接器及配件 電子線連接線組、無線通訊射頻連接器線組、金屬沖壓件 前各項及各式零組件等產品之研發、生產及銷售等業務,
623,3607,谷崧,電子零組件業,23414349.0,洪煥青,張文桐,1216622390.0,各種模具、金屬零件之製造加工及買賣 各種塑膠成型製品及其零件之製造加工及買賣 各種電子、電機及其零件之開發製造加工及買賣,
624,3617,碩天,其他電子業,97474067.0,郭瑾,何濂洵,910355680.0,不斷電電源供應系統之設計製造及銷售業務 電源保護與電源管理系統之設計製造及銷售業務 電力電子相關設備之設計製造及銷售業務,
625,3622,洋華,光電業,80260061.0,白志強,許益川,1513276000.0,觸控面板之製造與銷售 高壓交連PE電力電纜附屬器材之製造與銷售,
626,3645,達邁,電子零組件業,70776899.0,吳聲昌,黃貞英,1322052940.0,聚醯亞胺薄膜之製造與銷售 電子零組件製造業,
627,3652,精聯,電腦及週邊設備業,28913512.0,葉佳紋,徐志達,750975000.0,自動辨識資料收集產品研發、設計、製造、全球銷售,
628,3653,健策,電子零組件業,22415854.0,趙宗信,林錦隆,1406716300.0,各種機械及零件、精密模具之製造加工買賣 各種精密沖件產品及精密塑膠崁入射出之製造與販賣 金屬零件表面處理加工及機械加工自動車床及CNC車床加工,
629,3661,世芯-KY,半導體業,31659649.0,關建英,沈翔霖,798135870.0,"專業特殊應用積體電路(Application Specific IC, ASIC) 系統單晶片(System-on-Chip; SoC)設計及製造生產",00922國泰台灣領袖50
630,3665,貿聯-KY,其他電子業,26644007.0,梁華哲,鄧劍華,1737839990.0,電腦週邊零組件之研發、生產及銷售 汽車、醫療、通訊及太陽能設備相關接線組之研發、生產及銷售 連接器、線材、光電子元件等產品之研發、生產及銷售,00692富邦公司治理
631,3669,圓展,通信網路業,28428722.0,郭重松,許起裕,929199500.0,簡報及視訊會議產品等系列設計、製造、加工及買賣,
632,3673,TPK-KY,光電業,31805657.0,江朝瑞,謝立群,4066637590.0,觸控感應器、觸控模組、觸控螢幕、 ITO玻璃及保護玻璃相關產品之研發、生產及銷售。,
633,3679,新至陞,電子零組件業,36011776.0,陳標福,蔡建勝,630402290.0,精密塑膠模具之設計開發 塑膠射出零組件,
634,3686,達能,半導體業,28823511.0,方震銘,方震銘,764951180.0,電子零組件製造業 電子材料批發業 電子材料零售業,
635,3694,海華,通信網路業,27667787.0,程建中,鄭光志,1525548080.0,無線網路通訊模組產品之研究開發、生產製造及銷售 數位影像處理模組產品之研究開發、生產製造及銷售,
636,3701,大眾控,電腦及週邊設備業,27242184.0,簡民智,簡民智,2347142130.0,H201010一般投資業,
637,3702,大聯大,電子通路業,27928328.0,黃偉祥,張蓉崗,18790568330.0,一般投資業 國際貿易業 產業控股公司業,00692富邦公司治理、00850元大臺灣ESG永續、00878國泰永續高股息、00923群益台ESG低碳50(原簡稱:群益台灣ESG低碳)、00936台新永續高息中小、00922國泰台灣領袖50
638,3703,欣陸,建材營造,28993629.0,殷琪,張方欣,8232159800.0,投資,00692富邦公司治理
639,3704,合勤控,通信網路業,28999503.0,朱順一,楊國榮(執行長),4104939700.0,一般投資業,
640,3705,永信,生技醫療業,53004906.0,李芳信,簡志維,2664229830.0,一般投資業,
641,3706,神達,電腦及週邊設備業,53677966.0,苗豐強,何繼武,12065567890.0,產業控股公司業 一般投資業,
642,3708,上緯投控,綠能環保,43238308.0,蔡朝陽,蔡朝陽,1018265380.0,一般投資業,
643,3711,日月光投控,半導體業,29187308.0,張虔生,張洪本,43901781370.0,H201010  一般投資業,00692富邦公司治理、00850元大臺灣ESG永續、00878國泰永續高股息、00923群益台ESG低碳50(原簡稱:群益台灣ESG低碳)、00932兆豐永續高息等權、00913兆豐台灣晶圓製造、00922國泰台灣領袖50
644,3712,永崴投控,電腦及週邊設備業,24813370.0,郭台強,胡惠森,2462421460.0,H201010 一般投資業,
645,3714,富采,光電業,83202930.0,彭?浪,彭?浪,7529404600.0,H201010 一般投資業 IH01010產業控股公司業,
646,3715,定穎投控,電子零組件業,90302792.0,黃銘宏,劉國瑾,2776745840.0,一般投資業,
647,4104,佳醫,生技醫療業,22854522.0,傅輝東,張明正,1556167400.0,"血液透析相關醫療耗材 外科設備及耗材, 血袋, 造口 健康家電及保養品系列產品",
648,4106,雃博,生技醫療業,23632773.0,雅勝 代表人:李永川,李永川,1009115570.0,醫療用褥瘡氣墊床組 福祉器材 醫療電子產品,
649,4108,懷特,生技醫療業,16766281.0,李伊俐,李伊伶,1986188790.0,天然植物、中草藥成分、萃取分離技術、生化科技之研發 中草藥、原料藥及化學藥品之研發 醫藥品之顧問服務,
650,4119,旭富,生技醫療業,22662545.0,翁維駿,周文智,1195086340.0,"原料藥,原料藥中間體,特殊及精密化學品之加工,製造及銷售",
651,4133,亞諾法,生技醫療業,12974421.0,黃韋伯,紀姵如,605535940.0,單株抗體、多株抗體、蛋白質、醫療檢測儀器及檢驗試劑,
652,4137,麗豐-KY,生技醫療業,38488868.0,陳碧華,趙承佑,824923500.0,美容產品與護理套組之研發、製造及銷售業務 特許經營美容連鎖加盟店之經營與推廣業務 除許可業務外，得經營法令非禁止或限制之業務,
653,4142,國光生,生技醫療業,33259508.0,詹啟賢,留忠正,4295077500.0,血清、疫苗、檢驗試劑、生物製劑及其菌液、原料等之加工製造買賣 有關西藥、動物用藥品、化學品及飼料添加物等之加工製造買賣 前各項產品之進出口貿易與代理,
654,4148,全宇生技-KY,生技醫療業,42527358.0,彭士豪,彭士豪,640340010.0,微生物研發及量產 微生物有機複合肥 生化有機複合肥,
655,4155,訊映,生技醫療業,27453928.0,賴家德,賴家德,1469582070.0,醫療器材製造業 醫療器材設備業 醫療器材零售業,
656,4164,承業醫,生技醫療業,24483414.0,李沛霖,李明倫,1668451490.0,放射腫瘤、神經科學、影像醫學、眼科及外科/手術等儀器設備銷售 維修保養、出租及其相關零配件、耗材之銷售及藥品銷售 一般投資業,00692富邦公司治理
657,4190,佐登-KY,生技醫療業,47423851.0,陳正雄,陳佳琦,609497170.0,美容美體產品 美容美體SPA課程,
658,4306,炎洲,塑膠工業,35894259.0,李志賢,方淑芬,6792084670.0,電子級化學品純化與循環再利用及綠色能源之開發建置 土地開發及商辦、住宅、飯店之營造興建 OPP、PVC、PE、汽車線束、雷射切割及特殊膠帶之產銷,
659,4414,如興,紡織纖維,49744324.0,紀宗明,James Ian Harrison,8821149490.0,成衣製造、加工、買賣及進出口業務 成衣附屬品之加工、買賣及進出口業務 代理國內外廠商有關前各項業務之投標、報價、採購、經銷,
660,4426,利勤,紡織纖維,16229261.0,洪文耀,待補,1726771980.0,針織布,
661,4438,廣越,紡織纖維,89620361.0,吳朝筆,唐湘梅,1034254550.0,成衣加工 成衣製造 成衣買賣,
662,4439,冠星-KY,紡織纖維,76545523.0,興茂集團控股有限公司(代表人:林錦茂),林經偉,382938000.0,成衣服裝布料之織造、印染、整理加工製造及買賣業務 前項產品及有關紗類原料之買賣，加工及進出口貿易業務,
663,4440,宜新實業,紡織纖維,54332940.0,詹正田,翁茂誠,675980000.0,機能彈性紗製造與銷售,
664,4526,東台,電機機械,88120872.0,嚴瑞雄,嚴瑞雄,2548264610.0,各種工作母機機械工具與電腦組件之製造加工及銷售 電腦數值控制車床、切削中心機之製造與銷售,
665,4532,瑞智,電機機械,23603284.0,陳盛沺,馮明法,5049151050.0,其他機械製造業(壓縮機、機械零組件) 發電、輸電、配電機械製造業 電器製造業、製造輸出業,
666,4536,拓凱,運動休閒,52590175.0,沈文振,沈貝倪,908200000.0,運動休閒產品 航太醫療產品 原物料及其他,
667,4540,全球傳動,電機機械,29168533.0,李清崑,李進勝,951588280.0,滾珠螺桿、線性滑軌及滾珠花鍵等產品之製造及銷售,
668,4545,銘鈺,電子零組件業,12738623.0,謝錦興,方光義,770000000.0,音圈馬達上下板 硬碟機沖壓零組件 其他,
669,4551,智伸科,汽車工業,22363342.0,六方精機股份有限公司,林慈青,1152224980.0,精密金屬零件之機械加工、製造及買賣,
670,4552,力達-KY,電機機械,51016510.0,吳建能,陳乙平,1160000000.0,以自營品牌專業研發、製造及銷售通用型空氣壓縮機,
671,4555,氣立,電機機械,22301178.0,游平政,游平政,699627200.0,"氣動執行元件 氣動控制元件 氣源處理元件及氣動輔助元件之研發,生產及銷售",
672,4557,永新-KY,汽車工業,42323896.0,紀經得,許耀仁,419718400.0,售後市場汽車剎車系統零組件之製造、生產及銷售。 汽機車原廠煞車片之製造、生產及銷售。 二輪機車及自行車油壓碟式煞車組之製造、生產及銷售。,
673,4560,強信-KY,電機機械,50721361.0,綦秉信,綦秉信,680972400.0,工業縫紉機配件,
674,4562,穎漢,電機機械,28919500.0,胡炳昆,胡峻嘉,875460000.0,全自動設備 工具機 其他零件類,
675,4564,元翎,電機機械,23019109.0,王德鑫,王德鑫,2027883030.0,各式迷你高壓充氣鋼瓶(charger)及各式高壓容器 CA02990  其他金屬製品製造業 C114010  食品添加物製造業,
676,4566,時碩工業,電機機械,24262159.0,劉祖英,黃亞興,912937630.0,工業產品精密金屬零件製造販售 汽車產品精密金屬零件製造販售 航太產品精密金屬零件製造販售,
677,4569,六方科-KY,汽車工業,93107034.0,盧經緯,葛仲林,310000000.0,精密金屬零件之機械加工、製造及買賣,
678,4571,鈞興-KY,電機機械,85282254.0,國興環球有限公司(代表人：高國興),杜春輝,531090050.0,齒輪、齒輪箱、精密金屬零組件、諧波減速器、中置電機 及工業機器人等智能傳動核心零組件之研發、生產及銷售,
679,4572,駐龍,電機機械,23830154.0,王昆生,陳玄益,390000000.0,大型飛機機身結構零組件 大型飛機引擎及起落架結構零組件 特殊模治具,
680,4576,大銀微系統,電機機械,97413843.0,卓秀瑜,絲國一,1198018480.0,精密運動及控制元件之研究開發製造及銷售 微米與奈米級定位系統之研究開發製造及銷售,
681,4581,光隆精密-KY,汽車工業,87027821.0,呂皇甫,黃雨亭,338990000.0,精密金屬加工,
682,4583,台灣精銳,電機機械,70647919.0,張重興,郭崇哲,801713510.0,減速機 客房及餐飲服務 其他,
683,4588,玖鼎電力,其他電子業,27736932.0,陳展鵠,曾文良,428570000.0,智慧電網 電能管理系統 電力監控設備,
684,4720,德淵,化學工業,4465521.0,蕭向志,蕭向志,1039800370.0,熱熔膠等黏劑.塗劑.填縫劑.脫模劑等化學品之加工製造買賣業務 醫療器材買賣業務 迴流設備振動機產品標示設備等自動化設備之設計組合維修買賣業務,
685,4722,國精化,化學工業,75975242.0,蔡有涼,王海城,1000091590.0,各種工業用合成樹脂，及其他有關化學品之製造、加工、銷售。 各種人造樹脂之原物料買賣及工業用合成樹脂之進出口業務。 玻纖強化塑膠製品之製造、加工及相關原物料之買賣進出口業務。,
686,4736,泰博,生技醫療業,16584326.0,陳朝旺,陳朝旺,953744690.0,醫療器材設備製造,
687,4737,華廣,生技醫療業,80310225.0,黃椿木,黃椿木,610145940.0,"血糖檢測儀,血糖檢測試片",
688,4739,康普,化學工業,86757124.0,何基丞,何柏樟,1190292690.0,氧化觸媒生產製造買賣及進出口業務 先進材料生產製造買賣及進出口業務 動力電池材料生產製造買賣及進出口業務,
689,4746,台耀,生技醫療業,96922622.0,程正禹,程正禹,1202559630.0,原料藥 委託研發代工,
690,4755,三福化,化學工業,80170651.0,巫信弘,蘇天寶,1007060000.0,精密化學品 基礎化學品 其他,
691,4763,材料-KY,化學工業,42328858.0,王克璋,王克璋,862860580.0,二醋酸纖維絲束研發、製造與銷售,
692,4764,雙鍵,化學工業,84754072.0,蔡茂德,陳仲平,855420620.0,塑膠添加劑及UV光固化產品等產品之研發、製造與銷售,
693,4766,南寶,化學工業,74229304.0,吳政賢,許明現,1205707800.0,合成橡膠、合成樹脂及塑膠製造業 工業助劑製造業 塗料、油漆、染料及顏料製造業,00692富邦公司治理
694,4770,上品,化學工業,36075449.0,侯嘉生,侯嘉生,799760000.0,氟素樹脂應用材料之製造、加工及買賣。 氟素樹脂內襯設備之製造、加工及買賣。 各式化學品儲存槽、運送管道及輸送設備等系統工程設計與製造。,
695,4771,望隼,生技醫療業,53764125.0,黃修權,石安,575117000.0,軟式拋棄型隱形眼鏡製造及銷售,
696,4807,日成-KY,貿易百貨,42485651.0,帕查拉蓬 拍奔順通(Phacharapon ),林如茵,383960320.0,珠寶首飾之設計、製造及銷售,
697,4904,遠傳,通信網路業,97179430.0,徐旭東,井琪,36057053570.0,行動電話業務 行動電話手機及其零配件之買賣及裝修業務,00692富邦公司治理、00850元大臺灣ESG永續、00878國泰永續高股息、00923群益台ESG低碳50(原簡稱:群益台灣ESG低碳)、00922國泰台灣領袖50
698,4906,正文,通信網路業,22960571.0,陳鴻文,李榮昌,4120118390.0,無線區域網路產品類,00932兆豐永續高息等權
699,4912,聯德控股-KY,電子零組件業,26595630.0,徐?峰,余 火甘 木發,621927750.0,精密金屬模具設計及生產 五金沖壓件生產,
700,4915,致伸,電子零組件業,28006928.0,潘永中,潘永中,4629318240.0,電子零組件之設計開發、製造與銷售 非電腦週邊產品之設計開發、製造與銷售,00932兆豐永續高息等權
701,4916,事欣科,電腦及週邊設備業,13000192.0,廖文嘉,嚴聰前,983789050.0,博奕及工業電腦 航太及國防工業,
702,4919,新唐,半導體業,28112646.0,蘇源茂,楊欣龍,4197652680.0,一般IC產品 六吋晶圓廠產品生產，測試及代工業務,
703,4927,泰鼎-KY,電子零組件業,54384828.0,王樹木,周瑞祥,1899379880.0,雙面與多層印刷電路板之製造與銷售,
704,4930,燦星網,電器電纜,28986660.0,林技典,nan,800000000.0,小家電之製造及銷售 其他,
705,4934,太極,光電業,28675574.0,謝清福,陳怡光,2250000000.0,太陽能電池,
706,4935,茂林-KY,光電業,26797925.0,李滿祥,蔡宗霖,1288640910.0,導光板應用之光電產品零組件研發製造及進出口買賣業務 電子零組件製造及進出口買賣業務 模具製造批發及進出口買賣業務,
707,4938,和碩,電腦及週邊設備業,28689155.0,童子賢,鄭光志/鄧國彥,26639793530.0,電信管制射頻器材製造業、電信管制射頻器材輸入業 醫療器材製造業 除許可業務外，得經營法令非禁止或限制之業務,00692富邦公司治理、00850元大臺灣ESG永續、00923群益台ESG低碳50(原簡稱:群益台灣ESG低碳)、00932兆豐永續高息等權、00922國泰台灣領袖50
708,4942,嘉彰,光電業,22164527.0,宋貴修,陳之軒,1423676130.0,光電資訊電子零組件 模具及精密儀器等製造加工買賣業務 及相關產品之進出口業務,
709,4943,康控-KY,電子零組件業,26320984.0,呂朝勝,李國基,1216943530.0,電子接插件(連接器) 聲學元件,
710,4949,有成精密,光電業,80581850.0,陳思銘,陳思銘,665050430.0,太陽能模組生產、品牌經營商； 能源整合管理服務； 半導體設備零件設計、銷售及維修整合服務；,
711,4952,凌通,半導體業,80741441.0,黃洲杰,賈懿行,1088158160.0,I501010產品設計業 CC01080電子零組件製造業 I301020資料處理服務業,
712,4956,光鋐,光電業,28334226.0,許明森,許明森,1004082360.0,(一)超高亮度發光二極體藍 綠光磊晶片及晶粒。(二)超高亮度發光 二極體紅 黃 橙光磊晶片及晶粒。(三)超高亮度發光二極體封裝模組 及相關應用產品。(四)兼營前述相關產品之國際貿易。,
713,4958,臻鼎-KY,電子零組件業,26392564.0,沈慶芳,沈慶芳,9566525090.0,PCB,00692富邦公司治理、00850元大臺灣ESG永續、00932兆豐永續高息等權
714,4960,誠美材,光電業,27790294.0,宋妍儀,連巍鐘,5721849060.0,偏光板 其他 無,
715,4961,天鈺,半導體業,84149499.0,林永杰,邱淑慧,1212544530.0,積體電路設計業,00913兆豐台灣晶圓製造
716,4967,十銓,半導體業,97418375.0,夏澹寧,陳慶文,715486870.0,"電子零組件製造業 電腦及其週邊設備之買賣業務 一般電子材料,電子產品之買賣業務",
717,4968,立積,半導體業,80661880.0,馬代駿,王是琦,906751240.0,RF IC射頻前端元件之研發及銷售。 RF IC無線影音傳輸之研發及銷售。,
718,4976,佳凌,光電業,70848492.0,劉嘉彬,江昭德,1406900000.0,車載.相機.安控.視訊.行動穿戴.工業.辨識.醫療等鏡頭開發製作。 各類塑膠成型機構部品開發及製作。 精密模具.研磨皿.傘具.計測具.組裝等。,
719,4977,眾達-KY,通信網路業,31922986.0,陳靖仁,莊敏男,801898410.0,設計、研發、生產及銷售光收發模組,
720,4989,榮科,電子零組件業,97173920.0,陳銘樹,劉家和,1377765000.0,電解銅箔之製造及銷售,
721,4994,傳奇,資訊服務業,12975809.0,張峰旗,張峰旗,663834000.0,電子資訊供應服務業 資訊處理服務業、資訊軟體服務業 除許可業務外，得經營法令非禁止或限制之業務,
722,4999,鑫禾,電子零組件業,13012009.0,蘇丁鴻,蘇丁鴻,744172000.0,樞紐組件,
723,5007,三星,鋼鐵工業,68040606.0,柯吉源,陳信志,2949401540.0,螺絲、螺帽、汽車零件、鋼棒、鋼鐵線材等之製造、加工及買賣。 有關前項產品之機械及機械零件、工具之製造、加工及買賣。 各種金屬模具之製造、加工及買賣。,
724,5203,訊連,資訊服務業,23829868.0,黃肇雄,古媄君;林昭宏,789418000.0,多媒體影音軟體之開發與銷售,
725,5215,科嘉-KY,電腦及週邊設備業,31618486.0,林志峰,何和和,643375000.0,薄膜觸控開關之製造銷售,
726,5222,全訊,半導體業,16130296.0,張全生,張全生、吳昌崙、張景學,745606600.0,研究、開發微波半導體元件、積體電路及其次系統。 生產、製造、銷售微波半導體元件、積體電路及其次系統。,
727,5225,東科-KY,其他電子業,37750975.0,東科聲學股份有限公司,白錦蒼,755110230.0,揚聲器系統及耳機之製造及銷售 高階/智慧型揚聲器及影音電子家庭娛樂系統之設計、製造及銷售 系統架構/新產品概念/創新產品及聲學技術之研發,
728,5234,達興材料,光電業,28357108.0,林正一,郭宗鑫,1027159110.0,光電產業及半導體產業用化學材料,00896中信綠能及電動車
729,5243,乙盛-KY,光電業,1895435.0,蔡嘉祥,林育全,1685289150.0,模具、塑膠及五金製品之設計、研發、生產及銷售,
730,5244,弘凱,光電業,27877550.0,黃建中,曾智宏,679440800.0,可見光及不可見光LED光電整合元件封裝製造 LED照明需求及設計應用開發,
731,5258,虹堡,電腦及週邊設備業,84188062.0,辛華熙,林鴻鈞,1048437950.0,電腦及週邊設備製造業 資訊軟體服務業 產品設計業,
732,5269,祥碩,半導體業,80688184.0,徐世昌,林哲偉,746623850.0,高速介面控制晶片及裝置端高速控制晶片之設計,00850元大臺灣ESG永續
733,5283,禾聯碩,電器電纜,80333058.0,蔡柏毅,林欽宏,730004250.0,電子零組件製造業、電器批發業及其他等相關產業,
734,5284,jpp-KY,其他,41173259.0,鍾國松,藺以權,479288600.0,金屬精密機構件,
735,5285,界霖,半導體業,12636560.0,蔡上元,蔡上民,1020409260.0,導線架 模具及其它,
736,5288,豐祥-KY,電機機械,38582821.0,游明輝,吳聰武,670397800.0,汽機車零組件之製造、加工、買賣、五金零組件、機械零組件及裝配 醫療器材之製造、加工、買賣、五金零組件、機械零組件及裝配 休閒車輛零組件之製造、加工、買賣,
737,5292,華懋,綠能環保,23492169.0,鄭石治,林國源,382800000.0,VOC設備工程 工業用除濕機 VOC設備維修保養,
738,5306,桂盟,運動休閒,22099483.0,吳盈進,吳瑞章,1260007720.0,自行車鏈條及機車鏈條、鏈輪之製造與銷售,
739,5388,中磊,通信網路業,86690573.0,王煒,林斌,2993345420.0,有線網路產品 無線網路產品 其他,00692富邦公司治理
740,5434,崇越,電子通路業,23621614.0,潘重良,曾海華及李正榮,1887000670.0,半導體與光電相關產品 電子材料 環境工程,00692富邦公司治理
741,5469,瀚宇博,電子零組件業,23225071.0,焦佑衡,陶正國,5284413520.0,電子零組件製造業 電子材料批發業 電子材料零售業,
742,5471,松翰,半導體業,97063584.0,鮑世嘉,柯福順,1678770620.0,"1.半導體之研發、設計製造、買賣經銷及進出口貿易業務2.電腦程 式設計開發3.電子、化工、機械設備及化工原料買賣及進出口貿易 4.其他設計業(積體電路設計、測試)5.除許可業務外,得經營法令非",
743,5484,慧友,光電業,89639615.0,莊永順,高誌鴻,668010000.0,CCD電子攝影機、影像處理器,
744,5515,建國,建材營造,46298200.0,吳昌修,甘茂盛,2520001050.0,設計.監修承造各種大小工程 買賣建築材料,
745,5519,隆大,建材營造,85898033.0,陳武聰,洪茂源,2191971800.0,住宅、大樓及工業廠房開發租售業 營造業、投資興建公共建設業 不動產租賃業,
746,5521,工信,建材營造,3028404.0,潘瑩娟,丁承之,4922801550.0,道路、橋樑、隧道、碼頭、捷運等土木工程及房屋建築工程營造。 地質鑽探工程承攬。 前項工程有關材料之買賣及進出口。,
747,5522,遠雄,建材營造,4673318.0,趙文嘉,王耀堂,7815962410.0,委託營造廠商興建商業大樓及國民住宅出租出售業務 室內裝潢設計施工承包業務,
748,5525,順天,建材營造,22764965.0,柯興樹,林丙申,2804667420.0,經營委託營造廠商興建國民住宅及商業大樓之出租出售業務 工業廠房開發出租辦公大樓出租等業務 各種廣告企劃代理及其策劃製作業務,
749,5531,鄉林,建材營造,23641822.0,賴正鎰,方偉民,10775892450.0,委託營造廠興建國民住宅、商業大樓出租或出售,
750,5533,皇鼎,建材營造,23988653.0,劉信雄,曹羅方,2852449440.0,興建國民住宅、商業大樓及工業廠房之出租及出售,
751,5534,長虹,建材營造,4633597.0,李文造,李耀中,2903259600.0,投資興建國民住宅、工業廠房、廠辦及商業大樓出租出售,
752,5538,東明-KY,鋼鐵工業,2769941.0,蔡清東,蔡弘泉,2012033330.0,專營不銹鋼緊固件及不銹鋼線材生產與銷售。 特殊緊固件的國際貿易。,
753,5546,永固-KY,建材營造,77211448.0,簡國釧,林皇智,823534020.0,預拌商品混凝土 其他,
754,5607,遠雄港,航運業,86121030.0,葉鈞耀,賴嘉玲,3632871700.0,一般投資業 產業控股公司業,
755,5608,四維航,航運業,12551801.0,藍心琪,藍心琪,3892716140.0,船務代理業。 船舶運送業。 船舶及其零件批發/零售業。,
756,5706,鳳凰,觀光餐旅,11322915.0,張巍耀,卞傑民,810815430.0,接受客戶委託代辦國內外觀光旅遊安排食宿及相關服務等,
757,5871,中租-KY,其他,26389569.0,陳鳳龍,陳鳳龍,17968638840.0,租賃業務 分期付款買賣 融資及應收帳款收買暨管理業務,00692富邦公司治理、00850元大臺灣ESG永續、00923群益台ESG低碳50(原簡稱:群益台灣ESG低碳)、00930永豐ESG低碳高息、00922國泰台灣領袖50
758,5876,上海商銀,金融保險業,3036306.0,李慶言,郭進一,48616031400.0,商業銀行業(經目的事業主管機關核准營業項目為限),00692富邦公司治理、00878國泰永續高股息、00923群益台ESG低碳50(原簡稱:群益台灣ESG低碳)、00907永豐優息存股、00922國泰台灣領袖50
759,5880,合庫金,金融保險業,53021433.0,林衍茂,蘇佐政,147093822180.0,金融控股公司業,00692富邦公司治理、00850元大臺灣ESG永續、00923群益台ESG低碳50(原簡稱:群益台灣ESG低碳)、00907永豐優息存股、00922國泰台灣領袖50
760,5906,台南-KY,貿易百貨,36855058.0,楊青?,陳慧姝,333720000.0,品牌男女裝之設計開發、製造及銷售業務、百貨買賣,
761,5907,大洋-KY,貿易百貨,53013068.0,郭人豪,黃清海,1955310000.0,服飾、珠寶、化妝品、鞋類。 運動用品、家用及其他等百貨零售商品。,
762,6005,群益證,金融保險業,22956035.0,周秀真,李文柱,21709080970.0,在集中交易市場及其營業處所受託買賣與自行買賣有價證券。 辦理有價證券之融資、融券業務及自營期貨、期貨交易輔助人業務。 承銷有價證券、有價證券股務事項之代理。,00850元大臺灣ESG永續
763,6024,群益期,金融保險業,97176335.0,賈中道,毛振華,2104375840.0,期貨經紀、自營業務、期貨顧問事業、期貨經理事業 證券交易輔助人、證券投資顧問事業、證券業(自營)、槓桿交易商 其他經主管機關核准之項目,00930永豐ESG低碳高息、00932兆豐永續高息等權、00936台新永續高息中小
764,6108,競國,電子零組件業,36084833.0,曹月霞,賴進財,1598993110.0,印刷電路板製造及買賣,
765,6112,邁達特,資訊服務業,16428796.0,曾文興,楊敦凱,1883573360.0,資通訊基礎架構 數據運算及運用 數位化整合 雲端應用軟體及服務 其他產品,00692富邦公司治理
766,6115,鎰勝,電子零組件業,22304288.0,黃子成,方義雄,1876621540.0,資訊、通訊及消費性電子產品之電源線連接器、電源傳輸線、網路線 電子訊號線、延長線,
767,6116,彩晶,光電業,16450500.0,焦佑麒,焦佑麒,29403288510.0,平面顯示器製造及買賣 監視器製造及買賣 零組件製造及買賣,
768,6117,迎廣,電腦及週邊設備業,9497109.0,賴文賢,黃國輝,886500000.0,電腦機殼、電腦及其週邊設備、塑膠成品等之加工製造及買賣 機械五金零件之製造烤漆及買賣業務,
769,6120,達運,光電業,23504361.0,蔡國新,黃勝凱,6655551140.0,液晶顯示器及模組代工 光電科技產品及週邊零組件,
770,6128,上福,電腦及週邊設備業,56625344.0,王瑞宏,王瑞麒,1275887400.0,"感光鼓齒輪,碳粉匣等資訊週邊事務機器相關零組件耗材",
771,6133,金橋,電子零組件業,4865462.0,林麥升,高一弘,1170062940.0,連接器及連接線(組) 其他,
772,6136,富爾特,通信網路業,86616791.0,吳長青,鄭正川,1155364120.0,通信網路業 資訊服務業 資訊軟體服務業、資訊軟體批發業,
773,6139,亞翔,其他電子業,12204275.0,姚祖驤,蔣曉麟,2325409290.0,工業機電系統整合工程 生化無菌室、電子業無塵室及相關機電製程管線之設計及建造,
774,6141,柏承,電子零組件業,23750095.0,李齊良,洪宗義,1133540050.0,印刷電路板製造,
775,6142,友勁,通信網路業,22099744.0,吳宗哲,鄭吉智,3307792150.0,1.研發、生產、製造、加工等及銷售電腦網路系統設備及其零組件 2.前項產品之進出口貿易業務 3.電信管制設頻器材製造業及輸入業,
776,6152,百一,通信網路業,89549585.0,許錦輝,謝恆榮,1677384630.0,有線通信機械器材製造業 無線通信機械器材製造業 電信管制射頻器材製造業及輸入業,
777,6153,嘉聯益,電子零組件業,86980046.0,賴偉珍,張家豪,5961776940.0,軟性電路板(FPC)之設計、研究、開發、製造、加工及買賣之業務,
778,6155,鈞寶,電子零組件業,22306130.0,楊正利,蔡裕江,876390560.0,磁鐵心、氧化鐵心、偏向軛及偏向軛磁鐵心。 排感、收斂線圈、延遲線濾波器、電磁組件。 共模抗流線圈、天線棒、積層晶片、電感晶片、磁珠。,
779,6164,華興,光電業,34168978.0,劉守雄,劉守雄,1000002390.0,照明應用產品 發光二極體元件,
780,6165,浪凡,數位雲端,4386575.0,王冠中,王冠中,777526230.0,各種精密機械、零件及儀器之裝配加工、製造、買賣 及文化創意之業務,
781,6166,凌華,電腦及週邊設備業,89593343.0,劉鈞,黃怡暾,2174972570.0,嵌入式電腦及電腦週邊產品 量測及自動化產品 邊緣運算解決方案,
782,6168,宏齊,光電業,89358419.0,汪秉龍,汪秉龍,2060698010.0,表面黏著發光二極體之生產與銷售,
783,6176,瑞儀,光電業,22101208.0,王昱超,王昱超,4650272630.0,CC01080電子零組件製造業 CQ01010模具製造業 CC01040照明設備製造業,00930永豐ESG低碳高息、00936台新永續高息中小
784,6177,達麗,建材營造,4477420.0,謝志長,李堯芳,4288528110.0,委託營造廠商興建商業大樓及國民住宅出租、出售 都市更新重建 不動產買賣及租賃,
785,6183,關貿,資訊服務業,97162640.0,張陸生,高國峰,1500000000.0,電子資料交換服務 專案承包 設備設施管理,
786,6184,大豐電,其他,96974228.0,張銘志,李浩吉,1582306570.0,有線電視系統之經營 電視接收機、發射機之研究設計、製造、銷售與修護 電視機械設備及材料之買賣、進口業務及電信事業,
787,6189,豐藝,電子通路業,22151585.0,陳澄芳,杜懷琪,2155399490.0,電子零組件之代理經銷及面板模組之研發及銷售,
788,6191,精成科,電子零組件業,81069921.0,焦佑衡,陶正國/楊建輝,4743030000.0,印刷電路板及組裝 資訊軟體服務業有線通信機械器材製造業無線通信機械器材製造業等,
789,6196,帆宣,其他電子業,23145632.0,高新明,林育業,2013154370.0,提供高科技產業廠務及製程系統規劃整合服務，並搭配半導體及光電 客製化設備研發、組裝、製造等業務，且擁有半導體、光電等高科技 技產業製程所需材料與設備之代理銷售、安裝、售後服務與技術支援,
790,6197,佳必琪,電子零組件業,86701804.0,張舒眉,張舒眉,1220858820.0,高速光電/光纜/模組/連接器/線束(雲端網通) 連接器/線束(智能連結產業)、(新能源)、(消費性電子) IoT(物聯網系統)之以上相關產品研發，生產與銷售,
791,6201,亞弘電,其他電子業,73710056.0,黃晉益,許瑞?,892000000.0,專業音訊產品 小家電產品.醫療器材產品 電子零組件製造業,
792,6202,盛群,半導體業,16130330.0,吳啟勇,蔡榮宗,2261682000.0,各種積體電路之研究、設計開發、製造及銷售。,
793,6205,詮欣,電子零組件業,22115625.0,吳連溪,吳連溪,822359070.0,各種電子零件(連接器、電子線)等製造加工買賣業務 一般進出口貿易業務(期貨除外) 有關前項業務之代理經銷報價及投標業務,
794,6206,飛捷,電腦及週邊設備業,21230513.0,林大成,徐嘉宏,1430623240.0,端點銷售系統 POS  SYSTEM 平板電腦PANEL PC 資訊服務系統KIOSK,
795,6209,今國光,光電業,56654500.0,陳慶棋,陳義方,1743287810.0,光學鏡片、光學鏡頭之製造 光學鏡片、光學鏡頭之買賣,
796,6213,聯茂,電子零組件業,97179403.0,陳進財,蔡馨(日彗),3629572180.0,多層印刷電路基材及銅箔基板及半成品及成品之製造、加工及買賣 電子零組件製造業 電子材料批發業,
797,6214,精誠,資訊服務業,97311466.0,林隆奮,林隆奮,2723033040.0,資訊軟體服務業、電子資訊供應服務業 資料處理服務業、電腦及事務性機器設備零售業 資訊軟體零售業,00692富邦公司治理
798,6215,和椿,其他電子業,12304443.0,程天縱,朱鋑隆,827896930.0,自動化系統業務 安全裝置系統業務 其他,
799,6216,居易,通信網路業,16242320.0,馬鴻方,鄭明德,944978870.0,製造及銷售有線無線通信機械器材、電信器材及資訊軟體服務,
800,6224,聚鼎,電子零組件業,16433242.0,朱復華,朱復華,856453610.0,高分子正溫度係數熱敏電阻,
801,6225,天瀚,光電業,16253228.0,鄭又晉,葉綾蓮,278000000.0,微型投影機/數位相機/ 數位攝影機/ 彩色電子童書 無線壓力電磁感應筆式輸入系統與ASIC模組 微型光電模組,
802,6226,光鼎,光電業,22601800.0,馬景鵬,馬景鵬,1166197890.0,發光二極體 房地銷售,
803,6230,尼得科超眾,電腦及週邊設備業,34005476.0,永井 淳一,無,863433960.0,散熱模組、散熱片、熱導管及微均熱板,
804,6235,華孚,電腦及週邊設備業,35383165.0,蔡豐賜,甘錦添,1935025960.0,鎂合金射出成型及鋁合金壓鑄之各類零組件或成品 各類模治具之設計開發 塑膠射出成型，主要包含流程箱及工業用棧板等。,
805,6239,力成,半導體業,16082267.0,蔡篤恭,呂肇祥,7591466340.0,積體電路與半導體元件之測試服務 積體電路與半導體元件自動測試電腦軟體之研發、設計與銷售 CC01080電子零組件製造業,00850元大臺灣ESG永續、00923群益台ESG低碳50(原簡稱:群益台灣ESG低碳)、00936台新永續高息中小、00913兆豐台灣晶圓製造
806,6243,迅杰,半導體業,16505809.0,鍾文凱,許舒茵,452688410.0,"積體電路設計,研究,開發,製造,銷售",
807,6257,矽格,半導體業,23218022.0,黃興陽,葉燦鍊,4692703810.0,CC01080  電子零組件製造業。 IZ99990   其他工商服務業。 CC01120  資料儲存媒體製造及複製業。,00932兆豐永續高息等權、00913兆豐台灣晶圓製造
808,6269,台郡,電子零組件業,16347324.0,鄭明智,鄭明智,3225009810.0,"加成(Build-up)銅箔基層板之製造 多層加成(Build-up)印刷電路板,軟式印刷電路板製造 聚醯亞胺薄膜銅箔基層板半製品之零組配件之製造,研究,開發,買賣",00930永豐ESG低碳高息
809,6271,同欣電,半導體業,4226986.0,陳泰銘,呂紹萍,2090580240.0,影像產品 混合積體電路模組 陶瓷電路板,00910第一金太空衛星
810,6277,宏正,電腦及週邊設備業,12403422.0,陳尚仲,陳尚仲,1194711660.0,智慧製造與物聯網應用方案之研發、製造及銷售 資訊暨專業影音設備連接管理方案之研發、製造及銷售,
811,6278,台表科,光電業,23722471.0,伍開雲,伍允中,2923983530.0,"電子資訊產品電路板另體表面黏著構裝設計,加工,製造及買賣業務。 前項有關進出口業務之經營。 除許可業務外，得經營法令非禁止或限制之業務。",00932兆豐永續高息等權
812,6281,全國電,電子通路業,22006252.0,林政?,林政?,991729450.0,電視機等家用電器通訊器材燈具及其有關器材零組件之買賣業務 電腦及其週邊自動化事務機器及其器材零組件之裝配及買賣業務 前各項產品之維修及保養服務業務及電器安裝業務,
813,6282,康舒,電子零組件業,12341051.0,許介立,許介立,8618601250.0,交換式電源供應器之研發設計、製造及銷售,
814,6283,淳安,其他電子業,89827686.0,秦榮華,陳世昌,1479063430.0,車用鏡頭研發製造、先進駕駛輔助系統整合開發。 汽車輕量化工程模、檢、治具研發製造，智能產線規劃。 各式薄膜線路與按鍵之製造.加工.代理國內外廠商產品經銷服務,
815,6285,啟碁,通信網路業,97331723.0,謝宏波,高健榮,4852534190.0,衛星通訊系列產品 移動與攜帶產品之通訊系列產品 上述產品相關之進出口貿易業務,00692富邦公司治理、00910第一金太空衛星
816,6288,聯嘉,汽車工業,89396315.0,黃國欣,黃昉鈺,2094833750.0,LED車燈模組及元件 LED號誌燈、路燈、節能照明產品及模組 LED背光源元件及模組,
817,6405,悅城,光電業,27340208.0,陳春夏,陳春夏,658000000.0,光電薄化玻璃,
818,6409,旭隼,其他電子業,28865032.0,謝卓明,謝卓明,877261670.0,UPS(Uninterruptible power system) INVERTER/PV INVERTER / AVR / Electronic Components,00692富邦公司治理、00850元大臺灣ESG永續
819,6412,群電,電子零組件業,24284436.0,呂進宗,曾國華,4007691260.0,交換式電源供應器之研發、製造及買賣 其他各種電子零組件及器材之研發、製造及買賣 LED 應用產品之研發、製造及買賣及智慧建築系統業務,00936台新永續高息中小
820,6414,樺漢,電腦及週邊設備業,70380046.0,朱復銓,蔡能吉,1370270480.0,電腦及其週邊設備製造業 資訊軟體服務業 除許可業務外，得經營法令非禁止或限制之業務,00692富邦公司治理
821,6415,矽力*-KY,半導體業,2906023.0,陳偉,游步東及謝兵,963603380.0,電源管理IC 之研發設計及銷售,
822,6416,瑞祺電通,通信網路業,28488592.0,朱復銓,洪德富,733484600.0,電腦及其週邊設備製造業 資訊軟體服務業 除許可業務外，得經營法令非禁止或限制之業務,
823,6423,億而得-創,半導體業,12894399.0,黃文謙,黃文謙,294260000.0,可複寫嵌入式非揮發記憶體IP授權及技術服務,
824,6426,統新,通信網路業,13111161.0,李英坤,藍宏利,385090000.0,薄膜濾光片及光學鍍膜,
825,6431,光麗-KY,生技醫療業,41181265.0,"BRIGHTNESS CO., LTD. 代表人：陳寬聰",張清璉,723988350.0,化妝品及保養品製造銷售,
826,6438,迅得,其他電子業,70753397.0,王年清,.,752817110.0,自動化設備及其相關產品,
827,6442,光聖,通信網路業,97119975.0,"CHEN, STEVE",張英華,756000000.0,各種光纖及光纖連合器等之製造組立加工及買賣業務 通訊光電介面產品及通信網路設備之加工裝配業務 電子組件用精密金屬零件及電子產品之加工製造組立業務,
828,6443,元晶,光電業,28997300.0,偉任投資股份有限公司,洪振仁,5386914660.0,太陽能電池及模組之製造及銷售,
829,6446,藥華藥,生技醫療業,70557655.0,詹青柳,黃正谷,3411963910.0,從事新藥之研究、開發、生產與銷售,
830,6449,鈺邦,電子零組件業,28064644.0,鄭敦仁,林溪東,889535140.0,鋁捲繞固態電容之研究、開發、製造及銷售。 貼片式鋁捲繞固態電容之研究、開發、製造及銷售。 堆疊型鋁晶片固態電容之研究、開發、製造及銷售。,
831,6451,訊芯-KY,半導體業,38649225.0,蔣尚義,徐文一,1074648000.0,系統模組封裝產品及其他各型積體電路模組之封裝、測試及銷售,
832,6456,GIS-KY,光電業,41420316.0,周賢穎,徐同炤,3379398000.0,觸控及顯示模組之生產及銷售業務,00932兆豐永續高息等權
833,6464,台數科,其他,28371951.0,廖紫岑,廖紫岑,1276131380.0,有線電視系統之投資及控股 頻道版權代理 顧問諮詢,
834,6472,保瑞,生技醫療業,28684877.0,盛保熙,盛保熙,1015501280.0,藥品製造、西藥及保健保養品代理及銷售,
835,6477,安集,光電業,28580346.0,黃國棟,許家榮,1237824680.0,太陽能電池模組設計、生產及銷售 能源技術服務 其他,
836,6491,晶碩,生技醫療業,25021158.0,郭明棟,楊德勝,780000000.0,隱形眼鏡,00692富邦公司治理
837,6504,南六,其他,75989858.0,黃世鐘,黃世鐘,726000000.0,"水針不織布,水針木漿複合布,無塵擦拭布,家庭用擦拭布,地板拖布 熱風、熱壓不織布 嬰兒柔濕巾,美顏面膜,卸妝棉,乳劑,液劑保養品",
838,6505,台塑化,油電燃氣業,86522210.0,曹明,林克彥,95259596520.0,石油化工原料製造業(C801020) 基本化學工業製造業(C801010),00692富邦公司治理、00850元大臺灣ESG永續
839,6515,穎崴,半導體業,13145774.0,王嘉煌,王嘉煌,347691200.0,半導體測試介面、精密彈簧針、探針卡、溫控模組,
840,6525,捷敏-KY,半導體業,49791260.0,鄭祝良,湯彥鏘,1290473840.0,功率半導體封裝測試,
841,6526,達發,半導體業,12883169.0,謝清江,謝清江,1675055540.0,無線通訊晶片 固網通訊晶片,
842,6531,愛普*,半導體業,53503847.0,陳文良,洪志勳,810950830.0,電子零件製造業 產品設計業,
843,6533,晶心科,半導體業,27638046.0,林志明,蘇泓萌,506509110.0,晶心嵌入式微處理器核心智財及其相關硬體、軟體發展平台與工具鏈,
844,6534,正瀚-創,生技醫療業,54313303.0,吳正邦,黃卓君,1028000000.0,植物生長調節劑研發及銷售 植物生長促進劑研發及銷售 肥料研發及銷售,
845,6541,泰福-KY,生技醫療業,24797816.0,陳林正,陳林正,1640713670.0,生物相似藥及新藥之研發、製造及銷售。,
846,6550,北極星藥業-KY,生技醫療業,24792045.0,陳鴻文,徐展平,7461324790.0,新藥研發製造,
847,6552,易華電,半導體業,76025826.0,萬文財,李宛霞,830000000.0,捲帶式高階覆晶薄膜 IC 基板,
848,6558,興能高,其他電子業,97430131.0,陳國鍾,謝祥豪,937508750.0,CC01090 電池製造業 F401010 國際貿易業,
849,6573,虹揚-KY,半導體業,53016234.0,高桂珍,高桂珍,804993450.0,設計、研發、製造、銷售半導體整流功率分離式元件,
850,6579,研揚,電腦及週邊設備業,53113073.0,莊永順,林建宏,1608908300.0,工業系統產品 單板電腦及週邊裝置,00692富邦公司治理
851,6581,鋼聯,綠能環保,89528054.0,林明儒,林才翔,1112708870.0,廢棄物清除再利用 銷售氧化鋅,
852,6582,申豐,橡膠工業,85841102.0,許志民,許志民,1061741410.0,醫材及其他用途之合成乳膠原料 加工用接著劑 其他,
853,6585,鼎基,其他,81486019.0,林勳臺,林庚賢,702714940.0,"熱塑性聚氨基甲酸酯製品 TPU薄膜,TPU油封, TPU管帶",
854,6591,動力-KY,電腦及週邊設備業,42461124.0,許文昉,許文昉,376515120.0,散熱風扇,
855,6592,和潤企業,其他,16844548.0,劉源森,林彥良,7231504930.0,各種車輛設備之分期買賣及租賃業務,00692富邦公司治理
856,6598,ABC-KY,生技醫療業,42545659.0,李家榮,何重人,1027775610.0,自動化多元檢測儀器及試劑之研發、銷售,
857,6605,帝寶,汽車工業,59347422.0,謝?氣,許 (余又) 銘,1658163970.0,汽車車燈 汽車百貨零件,
858,6606,建德工業,電機機械,35309102.0,李金旆,黃盈璇,1103037830.0,各種精密工具鋼模等之製造及買賣 各種特殊鋼金屬之熱處理之代辦 各種精密機械工作母機自動機械之設計製造及買賣,
859,6625,必應,其他,54663862.0,周佑洋,周佑洋,489724880.0,演唱會製作 硬體設備租賃,
860,6641,基士德-KY,綠能環保,82703128.0,謝宏炅,陳世賢,370000000.0,環保設備製造 環保設備銷售 環保工藝技術服務,
861,6645,金萬林-創,生技醫療業,27348877.0,吳品聰,楊文明,527320500.0,生物醫學產品銷售暨基因檢測分析服務,
862,6655,科定,其他,80214519.0,曹憲章,曹憲章,821813470.0,塗裝木皮板、KD木地板、其他木材相關產品之製造及銷售 塑膠製品製造及銷售,
863,6657,華安,生技醫療業,53726093.0,邱壬乙,陳翰民,762240000.0,新藥開發 檢測分析服務及試劑銷售,
864,6658,聯策,其他電子業,13079649.0,林文彬,林文彬,328700000.0,視覺與自動化設備 特用材料及其他,
865,6666,羅麗芬-KY,生技醫療業,82230260.0,嘉黛國際有限公司(代表人:羅麗芬),饒煥文,473880000.0,面部類美容保養品,
866,6668,中揚光,光電業,54258218.0,李榮洲,許智程,966885210.0,模具製造、研發及買賣、數位鏡頭組裝及鏡片鍍膜,
867,6669,緯穎,電腦及週邊設備業,53687704.0,洪麗?,林威遠,1748407910.0,資料中心產品,00692富邦公司治理、00850元大臺灣ESG永續、00923群益台ESG低碳50(原簡稱:群益台灣ESG低碳)、00922國泰台灣領袖50
868,6670,復盛應用,運動休閒,53091900.0,李亮箴,江慶生,1331305320.0,高爾夫球桿頭等各項金屬製品之製造加工裝配買賣業務 高爾夫球具(桿、握把、頭)之裝配及買賣業務,
869,6671,三能-KY,居家生活,82517356.0,張瑞榮,蕭凱峰,607500000.0,各式烘焙器具之研發、製造與銷售,
870,6672,騰輝電子-KY,電子零組件業,72952251.0,Alpha Victor Limited代表人：王有慈,鍾健人,714347450.0,生產與銷售印刷電路板所需使用之黏合片、銅箔基板和鋁基板,
871,6674,鋐寶科技,通信網路業,24456541.0,翁宗斌,王昱賀,673356590.0,研究、開發及銷售智慧閘道器、數位機上盒 及無線寬頻分享器等通訊產品。,
872,6689,伊雲谷,數位雲端,54359763.0,蔡佳宏,林儀(執行長),680000000.0,雲端服務 存儲商品代理銷售,
873,6691,洋基工程,其他電子業,30921756.0,劉士源,林鴻忠,1057571380.0,高科技廠房無塵室及機電空調統包工程與建議服務 節能技術服務,
874,6695,芯鼎,半導體業,28112890.0,羅森洲,許英偉,963182500.0,產品設計業 電子零組件製造業 國際貿易業,
875,6698,旭暉應材,其他電子業,28722767.0,趙勤孝,酈唯誠,663897530.0,高精細金屬遮罩製作銷售 精密洗淨及再生處理,
876,6706,惠特,光電業,70697332.0,鎧叡投資有限公司 代表人：賴允晉,徐秋田,735768650.0,點測機及分選機設備製造 雷射精密機械設備製造 LED晶粒點測及分類代工,
877,6715,嘉基,電子零組件業,53431627.0,朱德祥,羅偉仁,659575610.0,高速電/光傳輸線及連接器相關產品之研發、生產與銷售,
878,6719,力智,半導體業,27983551.0,許先越,黃學偉,1037872890.0,電源管理IC 功率元件MOSFET,
879,6742,澤米,光電業,80137437.0,何昆年(全珩投資股份有限公司代表人),李振瑞,712679480.0,精密光學元件製造 半導體光學鍍膜 薄膜濾光片及光學鍍膜,
880,6743,安普新,其他電子業,16540496.0,黃常青,黃常青,1500000000.0,耳機產品設計及製造 消費性電子產品塑膠零組件設計及製造,
881,6753,龍德造船,航運業,40607762.0,黃守真,黃守龍,1077500000.0,船舶及其零件製造業 船舶維修,
882,6754,匯僑設計,居家生活,24775812.0,王秀卿,楊信力,660000000.0,"室內設計及裝修工程 專案管理 傢俱製造,售後服務",
883,6756,威鋒電子,半導體業,29125676.0,陳文琦,林志峰,695610000.0,USB及USB Type–C系列相關控制晶片,
884,6757,台灣虎航-創,航運業,54381049.0,陳漢銘,張明瑋,4490000000.0,民用航空運輸業 民用航空總代理業 除許可業務外，得經營法令非禁止或限制之業務,
885,6768,志強-KY,運動休閒,88173202.0,陳維家,馬世正,1960456170.0,代工鞋類產品製造為主要業務，鞋類為運動鞋、休閒鞋及客製化鞋等,00932兆豐永續高息等權
886,6770,力積電,半導體業,28112667.0,黃崇仁,朱憲國,41485466860.0,各式積體電路其系統產品之生產、製造、測試、封裝；半導體設備零 組件維修、開發、製造與銷售；研究、開發、設計及銷售下列產品： (1)特殊應用積體電路技術整合服務(2)矽智財設計與服務,
887,6771,平和環保-創,綠能環保,28371018.0,吳明陽,黃弘傑,311795000.0,廢污水代處理 - -,
888,6776,展碁國際,電子通路業,20773257.0,陳俊聖,林佳璋,815814300.0,系統資訊及數位娛樂產品 電腦軟體 其他,
889,6781,AES-KY,電子零組件業,87546197.0,宋福祥,宋維哲,854187800.0,鋰電池模組之研發、生產及銷售，並提供相關售後服務。,
890,6782,視陽,生技醫療業,16693062.0,李重儀,李重儀,630000000.0,拋棄式隱形眼鏡製造及銷售,
891,6789,采鈺,半導體業,80601119.0,關欣,關欣,3170201190.0,彩色濾光膜產品相關之研究、設計、製造、銷售及封裝測試,
892,6790,永豐實,造紙工業,22327037.0,何奕達,李宗純,2671290210.0,紙品 清潔用品,00932兆豐永續高息等權、00936台新永續高息中小
893,6792,詠業,通信網路業,22864367.0,蘇開建,張鳴助,478753250.0,高頻天線元件及模組(研究、開發、生產、製造及銷售) 壓電元件與超音波傳感器(研究、開發、生產、製造及銷售) 電子零組件及無線通訊產品之銷售,
894,6794,向榮生技-創,生技醫療業,50753953.0,蔡意文,洪懿珮,583845000.0,幹細胞新藥研發 幹細胞分泌物培養銷售 細胞檢測服務,
895,6796,晉弘,生技醫療業,28113005.0,鄭竹明,鄭竹明,345841550.0,醫療器材設計、製造及銷售,
896,6799,來頡,半導體業,53089904.0,愛普科技股份有限公司,孟慶達,426201330.0,電源管理IC研發設計與銷售,
897,6805,富世達,電子零組件業,12871564.0,黃祖模,沈旻勳,685538960.0,3C電子產品,
898,6806,森崴能源,綠能環保,28653781.0,郭台強,胡惠森,2208490830.0,能源開發工程服務 電廠維運(設備維修)太陽能發電廠 節能、儲能服務工程等全方位專業能源服務,00692富邦公司治理
899,6807,峰源-KY,居家生活,91616069.0,蔡文達,蔡文達,540000000.0,室內家具研發設計生產銷售 其他,
900,6830,汎銓,其他電子業,27853425.0,柳紀綸,柳紀綸,467811750.0,技術分析服務,
901,6834,天二科技,電子零組件業,83360971.0,廖震益,詹清輝,884710820.0,專業晶片電阻之製造與銷售業務,
902,6835,圓裕,電子零組件業,34417836.0,張志中,杜淑敏,661722970.0,FPC軟性印刷電路板 WIRE Harness連接線組,
903,6854,錼創科技-KY創,半導體業,91663750.0,李允立,李允立,1071786220.0,電器電子材料及其他零售批發、國際貿易及智慧財產權 產品設計、其他設計及法令非禁止或限制之業務 電子零組件、照明設備製造,
904,6861,睿生光電,生技醫療業,69764396.0,楊柱祥,李志聖,402694000.0,醫療器材製造 電子零組件製造,
905,6863,永道-KY,通信網路業,91908050.0,何奕達,林秉毅,748880000.0,RFID電子標籤,
906,6869,雲豹能源-創,綠能環保?,nan,廖福生,趙書閔,1296039440.0,再生能源服務之開發、投資設置、維運管理之一站式整合服務,
907,6873,泓德能源-創,綠能環保,45877096.0,謝源一,周仕昌,1051410380.0,全方位綠電解決方案包含工程、管理、智慧電力服務與儲能充電產品 案場維運服務、養殖管理服務,
908,6890,來億-KY,運動休閒,80047713.0,鐘德禮,林昌永,2494000000.0,代工鞋類產品製造為主要業務，鞋類為運動鞋、休閒鞋等,
909,6901,鑽石投資,其他,53663724.0,楊泮池,吳友梅,8503500000.0,創業投資業,
910,6902,走著瞧-創,數位雲端,53755364.0,鄭勝丰,郭建甫,319939360.0,AI 信任雲服務,
911,6906,現觀科,數位雲端,85017777.0,邱大剛,邱大剛,335374000.0,資訊軟體服務,
912,6914,阜爾運通,其他,12681939.0,楊文杰,潘壕新,662260000.0,停車場自動化設備製造及銷售 停車場收費及管理服務 其他,
913,6916,華凌,光電業,16527682.0,廖育斌,廖育斌,675000000.0,STN、TFT及PMOLED顯示器面板及模組 系統整合(System Integration)模組研發設計 電子零組件製造、電子材料批發及零售,
914,6928,攸泰科技,電腦及週邊設備業,53347451.0,簡民智,徐靜珍,860000000.0,電腦及其週邊設備 嵌入式板卡 電子零組件,
915,6933,AMAX-KY,電腦及週邊設備業,92778956.0,倪小菁,倪小菁,416946710.0,AI高效能運算 高密度伺服器和存儲 液冷整機櫃解決方案,
916,6937,天虹,半導體業,80211920.0,黃見駱,黃見駱,674772630.0,半導體設備機台 半導體設備零備件 其他,
917,6949,沛爾生醫-創,生技醫療業,59229683.0,林成龍,林成龍,571175500.0,嵌合抗原受體T細胞(CAR-T)療法 特管辦法細胞產品 其他,
918,6951,青新-創,綠能環保,16952840.0,張芳正,張財榮,460000000.0,醫療及事業廢棄物清運 廢水處理 青新木銷售,
919,6952,大武山,其他,28554142.0,林鳳春,魏尚將,607500000.0,鮮蛋 蛋加工品,
920,6957,裕慶-KY,其他,54965803.0,廖昭宜,廖昭宜,552109500.0,各類材質商用展示架、智能電動床機構件之研發、生產及銷售 展場設計服務,
921,8011,台通,通信網路業,12362365.0,李慶煌,李宜娟,1659218910.0,通信網路相關產品 電信服務收入 工程收入,
922,8016,矽創,半導體業,86735240.0,毛穎文,劉孟煌,1201368760.0,"各種積體電路之設計,製造,測試及銷售 各種積體電路模組之設計,製造,測試及銷售 各種積體電路應用軟體之研究,開發及銷售",
923,8021,尖點,其他電子業,96912835.0,林序庭,林若萍,1421804670.0,電子線路板專用微型鑽針及銑刀之產銷 電子線路板製程加工 電腦數值控制工具機專用切削刀具及加工週邊設備之產銷,
924,8028,昇陽半導體,半導體業,84149884.0,梁明成,蔡幸川,1726280330.0,晶圓再生及晶圓薄化代工服務,
925,8033,雷虎,其他,52541175.0,陳冠如,蘇聖傑,1426297750.0,精密醫療器材製造與買賣 中大型無人載具製造與買賣 無線電遙控模型飛機、車、船、直昇機及其零配件等製造與買賣,
926,8039,台虹,電子零組件業,16198345.0,孫達汶,江宗翰,2339347080.0,高分子薄膜銅箔積層板 保護膠片,
927,8046,南電,電子零組件業,16096804.0,吳嘉昭,湯安得,6461654870.0,"CC01080電子零組件製造業 CC01090電池製造業 ZZ99999除許可業務外,得經營法令非禁止或限制之業務",00850元大臺灣ESG永續
928,8070,長華*,電子通路業,23307811.0,洪全成,黃俊?,703286618.0,半導體封裝材料之銷售 封裝機器設備之買賣與安裝 提供封裝技術服務,
929,8072,陞泰,電子通路業,97092770.0,陳世忠,陳世忠,800000000.0,監視防盜系統製造、按裝、銷售及進口貿易業務,
930,8081,致新,半導體業,84149723.0,吳錦川,謝其昌、楊人仰,861720720.0,研究.開發.生產.製造及銷售數位與類比混合IC及特殊應用IC,
931,8101,華冠,通信網路業,70747852.0,李森田,周照程,145662160.0,無線通信機械器材之製造及銷售 電信管制射頻器材之製造及銷售 電子零組件之製造及銷售,
932,8103,瀚荃,電子零組件業,23632274.0,楊超群,執行長:楊奕康,868019640.0,各種電子零件(連接器、電子線)等製造加工及買賣業務 一般進出口貿易業務(許可業務除外) 代理國內外廠商有關商品投標報價業務,
933,8104,錸寶,光電業,70766576.0,葉垂景,陳康,916516750.0,有機電激發光顯示器〈OLED〉之製造加工及買賣業務,
934,8105,凌巨,光電業,16432742.0,田村隆幸,杉本克己,4415448510.0,"研發生產及銷售液晶顯示器(STN型及TFT型),液晶顯示面板及模組 研發生產及銷售液晶顯示器測試儀器,液晶顯示器零組件,多晶片模組",
935,8110,華東,半導體業,22101116.0,焦佑衡,于鴻祺,5177398760.0,CC01080電子零組件製造業,
936,8112,至上,電子通路業,22368959.0,葛均,葛均,5501103430.0,電子零組件經銷業務,00930永豐ESG低碳高息、00936台新永續高息中小
937,8114,振樺電,電腦及週邊設備業,12514341.0,鄭傑文,陳茂強,1067489190.0,端點銷售管理系統(POS)及其週邊設備和服務 資訊服務系統整體解決方案,
938,8131,福懋科,半導體業,23826736.0,李培瑛,張憲正,4422222230.0,接受委託各型積體電路之封裝、測試與模組之加工及研究開發業務 CC01080電子零組件製造業,
939,8150,南茂,半導體業,16130042.0,鄭世杰,鄭世杰,7272401260.0,研究開發生產製造銷售高集積度高精密度記憶體之封裝及測試服務 顯示器驅動IC封裝測試(含金凸塊)業務 混合訊號IC封裝測試業務,
940,8162,微矽電子,半導體業,22579547.0,張秉堂,張秉堂,687020000.0,	半導體晶圓測試服務、成品測試服務封裝服務、晶圓薄化服務及晶圓切割服務,
941,8163,達方,電腦及週邊設備業,16081507.0,蘇開建,蔡耀坤,2800000010.0,電子零組件 電腦週邊產品,00930永豐ESG低碳高息、00936台新永續高息中小
942,8201,無敵,其他電子業,23163259.0,楊人捷,李圍正,623662750.0,商品銷售 勞務收入,
943,8210,勤誠,電腦及週邊設備業,5143647.0,陳美琪,執行長: 陳亞男 / 總經理: 許健南,1205869500.0,電腦應用軟體設計工程業務 有關電腦用品及週邊設備之進出口貿易業務 有關電腦週邊設備及其用品耗材主件系統之研展製造加工及買賣業務,
944,8213,志超,電子零組件業,70801378.0,徐正民,李明熹,2712424880.0,CC01080電子零組件製造業。 F219010電子材料零售業。 F401010國際貿易業。,
945,8215,明基材,光電業,16549778.0,陳建志,劉家瑞,3206745140.0,電腦及週邊設備製造業 其他化學材料製造業 醫療產品製造業,
946,8222,寶一,電機機械,4431804.0,曾國浩,曾國浩,685735000.0,各型航空器及其零件之製造、修理及買賣業務 航空合金材料及五金之買賣業務 發電、輸電、配電機械及其零配件之製造及買賣業務,
947,8249,菱光,電子零組件業,16596646.0,黃育仁,楊其昶(代理),1490550000.0,電子零組件製造業 資料儲存及處理設備製造業 有線通信機械器材製造業,
948,8261,富鼎,半導體業,16550923.0,陳泰銘,張嘉帥,1184431930.0,電子零組件製造業 電子元件設計 電子元件等電子測試服務,
949,8271,宇瞻,半導體業,97444368.0,陳益世,張家騉,1287292660.0,記憶體模組 快閃記憶體 其他,00930永豐ESG低碳高息
950,8341,日友,綠能環保,89922041.0,張芳正,張芳正,1300000000.0,醫療廢棄物焚化處理，有害事業廢棄物焚化、物化、固化及掩埋處理 一般事業廢棄物、垃圾、污泥及油泥焚化處理 小型焚化爐設計、規劃及建造、承攬興建焚化廠或掩埋場,
951,8367,建新國際,航運業,23250583.0,陳彥銘,柯勝鐘,877360100.0,船舶裝卸業 運輸業 報關業,
952,8374,羅昇,電機機械,12486062.0,曾文興,李長堅,1122504870.0,變頻器/自動化驅動控制系統 自動化傳動系列 控制器及監控系統,
953,8404,百和興業-KY,其他,26829193.0,鄭國火因,鄭新隆,3999370320.0,成衣、鞋類及運動用品之輔料黏扣帶、織帶(鞋帶)之產製及銷售 成衣、鞋類及運動用品之鬆緊帶、針織緹花網布等材料之產製及銷售,
954,8411,福貞-KY,其他,10913602.0,李榮福,莊素貞,2184043190.0,馬口鐵、鋁罐及相關產品製造與銷售，充填代工生產,
955,8422,可寧衛,綠能環保,16908140.0,楊慶祥,楊永發,1091874720.0,有害事業廢棄物清除處理業務,00930永豐ESG低碳高息
956,8429,金麗-KY,貿易百貨,36986397.0,庄春龍,陳泓霖,1857471510.0,自有品牌休閒鞋、休閒服飾(牛仔服飾)及配件之設計、生產及銷售,
957,8438,昶昕,綠能環保,23509611.0,陳國金,陳彥亨,699430000.0,資源回收再生產品研發產製與銷售 特用化學品研發產製與銷售 其他綠色產品與設備之研發與銷售,
958,8442,威宏-KY,其他,50684485.0,洪永裕,許新居,670409350.0,生產各類型運動用手套、護具等專業運動醫療防護用品 專業生產精品手袋、錢包、拉杆箱及休閒袋等各類箱包,
959,8443,阿瘦,貿易百貨,80511709.0,羅榮岳,郭欣怡,668000000.0,鞋類商品之批發與零售 其他,
960,8454,富邦媒,數位雲端,27365925.0,蔡明忠,谷元宏,2403403860.0,一般商品批發零售業 無店面零售業,00692富邦公司治理、00850元大臺灣ESG永續
961,8462,柏文,運動休閒,27693238.0,陳尚義,林洵賢,793420630.0,經營會員制連鎖健身中心及休閒運動場館、健身課程等服務,
962,8463,潤泰材,其他,86871981.0,莫惟瀚,陳學賢,1500000000.0,"水泥產品製造及銷售 預拌式泥作材料等建築材料之開發,製造與銷售",
963,8464,億豐,居家生活,28696894.0,粘耿豪,粘肇紘,2930202000.0,各式窗簾、窗簾零件生產及銷售,00850元大臺灣ESG永續
964,8466,美吉吉-KY,其他,50640945.0,陳本源,王傳漢,671452270.0,片材型塑膠地板生產與銷售,
965,8467,波力-KY,運動休閒,47442040.0,洪芳蘭,洪進山,512330080.0,碳纖維複材用品 非碳纖維複材用品,
966,8473,山林水,綠能環保,27329077.0,郭又綺,吳人傑,1636267340.0,環境保護工程營造業 廢(污)水處理業,
967,8476,台境,綠能環保,80369745.0,郭人豪,林睿達,814835090.0,環境保護工程顧問與施工 土方資源再利用處理 環境檢測採樣及檢驗,
968,8478,東哥遊艇,運動休閒,85798816.0,闕慶承,曾雄威,888862760.0,豪華遊艇及其零配件製造及銷售。,
969,8481,政伸,其他,22396792.0,洪招儀,李煜培,666018660.0,自行車及零配件貼標產品及銷售 運動器材貼標產品及銷售 其他各項網版印刷產品及銷售,
970,8482,商億-KY,居家生活,82172064.0,謝智通,謝淑韞,1104440000.0,室內家具之研發、設計及生產,
971,8487,愛爾達,	數位雲端  ,70542247.0,陳怡君,	陳怡君,265350000.0,	數位內容廣告託播代理專案及其他,
972,8488,吉源-KY,其他,47848647.0,林漢清,陳金龍,735000000.0,馬口鐵罐、鋁罐等金屬包裝材料之製造及銷售,
973,8499,鼎炫-KY,其他電子業,72780928.0,傅青炫,傅秀月,414855570.0,ELECTRONIC SCALES         電子秤 ELECTRONIC MATERIALS   電子材料,
974,8926,台汽電,油電燃氣業,86685142.0,黃順義,陳意通,7302820000.0,非屬公用之發電業務 汽電廠運維及經營(汽電廠主要產出為電力、蒸汽) 研究諮詢及技術服務,00692富邦公司治理
975,8940,新天地,觀光餐旅,84435578.0,王玉雲,歐敏雄,674910320.0,各種果汁飲料雜貨食品及生鮮魚肉海鮮冷凍食品買賣 各種餐具用品之進口買賣及餐廳業務之經營 前各項有關產品之加工製造及進出口業務,
976,8996,高力,電機機械,35319185.0,吳誌雄,王心五,898011560.0,板式熱交換器 熱能產品,
977,9802,鈺齊-KY,運動休閒,39737838.0,林文智,廖芳祝,1909898720.0,運動鞋及戶外鞋之代工生產、銷售,
978,9902,台火,其他,3562308.0,李泰祺,吳復興,980496000.0,國際貿易業。 住宅及大樓開發租售業。 特定專業區開發業。,
979,9904,寶成,運動休閒,58711014.0,詹陸銘,盧金柱,29467872130.0,各種運動鞋.皮鞋.塑膠鞋.橡膠鞋.布鞋.塑膠發泡板等 棉.人造棉.人造纖維.合成纖維及混紡等針織之製造及銷售,00692富邦公司治理、00850元大臺灣ESG永續、00907永豐優息存股
980,9905,大華,其他,4403363.0,姜明理,姜明德,3050000000.0,"各種金屬之印刷塗漆,容器,模具之製造加工及買賣. 罐裝啤酒包裝,碳酸飲料包裝設備製造買賣. 各種塑膠製品製造業.",
981,9906,欣巴巴,建材營造,33428716.0,黃〝火冏〞輝,張宏圖,833742210.0,委託營造廠商興建商業大樓及國民住宅出租、出售業務 室內裝潢設計施工承包業務 其他,
982,9907,統一實,其他,73252657.0,羅智先,徐金成；張祐信,15791453420.0,各種鐵皮印花製罐及其原料鍍製鋼片加工製造原料鋼板加工製造 製罐及馬口鐵機器進出口馬口鐵罐及鍍製鋼片原料鋼板加工製造 其他批發業(氧化鐵、脂肪酸、錫製品、氧化錫),
983,9908,大台北,油電燃氣業,11072304.0,吳東進,李振隆,5163580000.0,1.瓦斯之供應2.瓦斯設備裝置工程及有關器材製造及供應 3.瓦斯器材之行紀業務4.度量衡及瓦斯錶之修理輸入販賣業務 5.其他有關事業之經營6-9.租賃業....等10.電信事業,
984,9910,豐泰,運動休閒,63400932.0,王建弘,陳昭吉,9874828310.0,製鞋、機械設備製造、模具製造 產品設計、國際貿易、企業經營管理顧問 除許可業務外，得經營法令非禁止或限制之業務,00692富邦公司治理、00850元大臺灣ESG永續、00907永豐優息存股
985,9911,櫻花,居家生活,23113940.0,張永杰,李惠恂,2211211880.0,除油煙機.瓦斯爐.熱水器.系統廚具,
986,9912,偉聯,電腦及週邊設備業,20792640.0,皮華中,趙欣媛,546565690.0,液晶顯示器及其零組件之研發與銷售 醫療器材及健康照護產品之研發、製造及銷售等業務 不動產出租業務,
987,9914,美利達,運動休閒,59052361.0,曾崧柱,曾上原,2989838000.0,自行車及其零組件製造買賣.,
988,9917,中保科,其他,12148598.0,林建涵,林建涵,4511970930.0,保全業,00850元大臺灣ESG永續
989,9918,欣天然,油電燃氣業,33665843.0,陳何家,黃昆宗,1805374530.0,以導管輸送可燃天然氣供應非工業用燃料 天然氣用具及器材之製造銷售暨進出口代銷事項 有關瓦斯管工程之承裝,
990,9919,康那香,其他,74231126.0,戴華銘,戴秀玲,1953627500.0,各類紙製品及棉料化學纖維加工製品之製造買賣業務 衛生棉、紙尿褲、濕紙巾及化妝棉等生產銷售及代理經銷業務 各種不織布製品之生產銷售及代理經銷業務,
991,9921,巨大,運動休閒,56054251.0,杜(糸秀)珍,劉湧昌,3920646260.0,自行車及零配件製造、加工與銷售。,00850元大臺灣ESG永續
992,9924,福興,居家生活,75706009.0,林瑞章,陳建昆,1884521700.0,1.表面處理業2.製鎖業3.其他金屬製品製造業4.模具製造零售業 5.電信管制射頻器材輸入製造業6.金屬、鋁鑄造業 7.除許可業務外，得經營法令非禁止或限制之業務,00930永豐ESG低碳高息
993,9925,新保,其他,12261768.0,吳昕東,洪國超,3874896050.0,"防盜,防火,防災之安全維護 現金或其他貴重物品運送及人身之安全維護 門禁設備,數位影像監控之系統規劃,設計保養,修理按裝,及諮詢顧問",
994,9926,新海,油電燃氣業,35433242.0,林坤正,鄭嘉耘,1795040750.0,天然氣之供應、燃氣導管安裝工程，相關器材之製造及供應。 度量衡器批發及零售，進口及買賣業務。廚房器具批發及零售業。 第一類電信事業。燃氣熱水器承裝業。,
995,9927,泰銘,其他,79875202.0,陳豊明,李茂生,1673185340.0,鉛錠、鉛合金錠、紅丹粉、黃丹粉、氧化鉛等製造加工買賣 前各項有關國內外產品代理經銷報價、投標業務及進出口貿易業務 一般及事業廢棄物清除、回收處理業務,
996,9928,中視,其他,18556774.0,胡雪珠,胡雪珠,607245830.0,設立與經營電視播送系統 製作播映並發行電視節目 製作及播映電視廣告,
997,9929,秋雨,其他,69439272.0,陳慧遊,陳鴻璸,1012800000.0,印刷;製版;印刷品裝訂及加工業 ;攝影業 特定專業區開發業;投資興建公共建設業;新市鎮、新社區開發業; 區段徵收及市地重劃代辦業;都市更新重建業,
998,9930,中聯資源,綠能環保,86119908.0,林宏達,黃祥亞,2485403680.0,爐石資源化應用有關產品之製造、加工、代工生產、買賣及進出口。 廢棄物清除及處理業務。,00692富邦公司治理
999,9931,欣高,油電燃氣業,79882718.0,陳建東,王繼開,1203693030.0,以導管輸送天然氣 氣體導管裝置 石油氣(天然氣)具及器材製造及代銷,
1000,9933,中鼎,其他,20817282.0,楊宗興,李銘賢,8104244790.0,工程規劃、設計、採購、建造、專案管理、設備製作、監理 製作、環境評估等工程技術服務工作,00692富邦公司治理
1001,9934,成霖,居家生活,30899261.0,歐陽玄,歐陽玄,4094639620.0,水龍頭、衛浴設備及其零件、機械零件製造加工及買賣與經銷業務。 代理國內外廠商有關產品投標報價、業務。一般進出口貿易業務。 其他非鐵金屬基本工業：錠、塊、條等製造、鍛造、擠型、軋壓等。,
1002,9935,慶豐富,居家生活,59198197.0,許閔琁,許竣然,1738389260.0,各種百葉窗.百摺簾等窗簾製品及有關附屬零件製造加工內外銷 塑膠玩具.塑膠建材之製造.加工及內外銷 各項木製品(傢俱.玩具.藝品)之製造.加工及買賣,
1003,9937,全國,油電燃氣業,22958907.0,賴正時,蔡佳璋,3090430000.0,經營加油站供售汽、柴油 汽、機車之潤滑保養、簡易檢驗、洗車及潤滑油脂之供應及零售 廣告看板之出租業務,
1004,9938,百和,其他,9468343.0,鄭森煤,鄭誠禕,2979639020.0,生產及銷售各式黏扣帶、各式織帶(鞋帶)、鬆緊帶 生產及銷售射出金勾及各種面料等產品 銷售委託營造廠商興建之住宅,
1005,9939,宏全,其他,58176511.0,鄭雅文,曹宏宇,2877858790.0,塑蓋、鋁蓋、爪蓋、標籤、PET瓶、瓶胚 飲料充填代工業務,
1006,9940,信義,其他,22354940.0,周耕宇,陳麗心,7368465000.0,房屋買賣之居間仲介 住宅及大樓開發租售業,00692富邦公司治理、00930永豐ESG低碳高息
1007,9941,裕融,其他,23528130.0,嚴陳莉蓮,闕源龍,6482250920.0,汽車分期付款買賣業務 展示車業務,00692富邦公司治理
1008,9942,茂順,其他,61904541.0,石正復,石銘耀,831613200.0,汽車、機車、機械、交通器材用油封之加工製造及進出口業務 CQ01010模具製造業、CB01010機械設備製造業、F401030製造輸出業 C804020工業用橡膠製品製造業、F401010國際貿易業,
1009,9943,好樂迪,觀光餐旅,84256265.0,顏瓊章,李天行,1252199600.0,提供伴唱視聽供人唱歌,
1010,9944,新麗,其他,33375909.0,簡瑞瑞,簡榮富,1091071000.0,不織布之製造加工及買賣 寢具之製造加工及買賣 相關機械之製造加工及買賣,
1011,9945,潤泰新,其他,12139612.0,簡滄圳,李志宏,28442250860.0,委託營造廠興建國民住宅．商業大樓出租出售業務 辦理國內外工業區及區內之社區廠房及大樓之開發規劃及租售 從事商品之處理．包裝．分類．倉儲及前各項產品之加工批發業務,
1012,9946,三發地產,建材營造,84466749.0,鍾鼎晟,楊題銓,3265541500.0,"住宅及大樓開發租售業,新市鎮,新社區開發業,不動產租賃業",
1013,9955,佳龍,綠能環保,97211972.0,吳界欣,楊明曄,1032082290.0,廢資訊品清運及處理、混合五金處理及銷售 貴金屬之銷售、資源再生品之銷售 五金、機械零件及零組件之買賣業務、其他等。,
1014,9958,世紀鋼,鋼鐵工業,22649001.0,賴文祥,李育慶,2568966650.0,有關各種鐵骨/不銹鋼桶/建築材料等加工製造買賣 及相關業務;按裝工程業務(營造業除外)/大樓鋼結構買賣 代理國內外有關廠商產品經銷/報價投標業務,
